地域,都道府県,区分,学校名
北海道,北海道,中学,北海道教育大学附属札幌中学校
北海道,北海道,中学,北海道教育大学附属函館中学校
北海道,北海道,中学,北海道教育大学附属旭川中学校
北海道,北海道,中学,札幌市立柏中学校
北海道,北海道,中学,札幌市立中央中学校
北海道,北海道,中学,札幌市立中島中学校
北海道,北海道,中学,札幌市立啓明中学校
北海道,北海道,中学,札幌市立向陵中学校
北海道,北海道,中学,札幌市立伏見中学校
北海道,北海道,中学,札幌市立宮の森中学校
北海道,北海道,中学,札幌市立山鼻中学校
北海道,北海道,中学,札幌市立星友館中学校
北海道,北海道,中学,札幌市立北辰中学校
北海道,北海道,中学,札幌市立新琴似中学校
北海道,北海道,中学,札幌市立篠路中学校
北海道,北海道,中学,札幌市立北陽中学校
北海道,北海道,中学,札幌市立新琴似北中学校
北海道,北海道,中学,札幌市立新川中学校
北海道,北海道,中学,札幌市立光陽中学校
北海道,北海道,中学,札幌市立太平中学校
北海道,北海道,中学,札幌市立屯田中央中学校
北海道,北海道,中学,札幌市立篠路西中学校
北海道,北海道,中学,札幌市立新川西中学校
北海道,北海道,中学,札幌市立上篠路中学校
北海道,北海道,中学,札幌市立あいの里東中学校
北海道,北海道,中学,札幌市立屯田北中学校
北海道,北海道,中学,札幌市立北辰中学校ひまわり分校
北海道,北海道,中学,札幌市立美香保中学校
北海道,北海道,中学,札幌市立北栄中学校
北海道,北海道,中学,札幌市立札幌中学校
北海道,北海道,中学,札幌市立東栄中学校
北海道,北海道,中学,札幌市立明園中学校
北海道,北海道,中学,札幌市立栄中学校
北海道,北海道,中学,札幌市立札苗中学校
北海道,北海道,中学,札幌市立栄南中学校
北海道,北海道,中学,札幌市立元町中学校
北海道,北海道,中学,札幌市立丘珠中学校
北海道,北海道,中学,札幌市立栄町中学校
北海道,北海道,中学,札幌市立札苗北中学校
北海道,北海道,中学,札幌市立幌東中学校
北海道,北海道,中学,札幌市立白石中学校
北海道,北海道,中学,札幌市立日章中学校
北海道,北海道,中学,札幌市立柏丘中学校
北海道,北海道,中学,札幌市立東白石中学校
北海道,北海道,中学,札幌市立北白石中学校
北海道,北海道,中学,札幌市立北都中学校
北海道,北海道,中学,札幌市立米里中学校
北海道,北海道,中学,札幌市立八条中学校
北海道,北海道,中学,札幌市立月寒中学校
北海道,北海道,中学,札幌市立平岸中学校
北海道,北海道,中学,札幌市立陵陽中学校
北海道,北海道,中学,札幌市立羊丘中学校
北海道,北海道,中学,札幌市立東月寒中学校
北海道,北海道,中学,札幌市立西岡中学校
北海道,北海道,中学,札幌市立中の島中学校
北海道,北海道,中学,札幌市立西岡北中学校
北海道,北海道,中学,札幌市立あやめ野中学校
北海道,北海道,中学,札幌市立平岸中学校のぞみ分校
北海道,北海道,中学,札幌市立藻岩中学校
北海道,北海道,中学,札幌市立石山中学校
北海道,北海道,中学,札幌市立簾舞中学校
北海道,北海道,中学,札幌市立常盤中学校
北海道,北海道,中学,札幌市立真駒内中学校
北海道,北海道,中学,札幌市立澄川中学校
北海道,北海道,中学,札幌市立真駒内曙中学校
北海道,北海道,中学,札幌市立藤野中学校
北海道,北海道,中学,札幌市立南が丘中学校
北海道,北海道,中学,札幌市立琴似中学校
北海道,北海道,中学,札幌市立陵北中学校
北海道,北海道,中学,札幌市立八軒中学校
北海道,北海道,中学,札幌市立手稲東中学校
北海道,北海道,中学,札幌市立発寒中学校
北海道,北海道,中学,札幌市立西陵中学校
北海道,北海道,中学,札幌市立西野中学校
北海道,北海道,中学,札幌市立八軒東中学校
北海道,北海道,中学,札幌市立宮の丘中学校
北海道,北海道,中学,札幌市立福井野中学校
北海道,北海道,中学,札幌市立信濃中学校
北海道,北海道,中学,札幌市立もみじ台中学校
北海道,北海道,中学,札幌市立青葉中学校
北海道,北海道,中学,札幌市立厚別中学校
北海道,北海道,中学,札幌市立厚別南中学校
北海道,北海道,中学,札幌市立上野幌中学校
北海道,北海道,中学,札幌市立厚別北中学校
北海道,北海道,中学,札幌市立手稲中学校
北海道,北海道,中学,札幌市立手稲西中学校
北海道,北海道,中学,札幌市立稲陵中学校
北海道,北海道,中学,札幌市立前田中学校
北海道,北海道,中学,札幌市立稲積中学校
北海道,北海道,中学,札幌市立稲穂中学校
北海道,北海道,中学,札幌市立新陵中学校
北海道,北海道,中学,札幌市立前田北中学校
北海道,北海道,中学,札幌市立星置中学校
北海道,北海道,中学,札幌市立清田中学校
北海道,北海道,中学,札幌市立北野中学校
北海道,北海道,中学,札幌市立平岡中学校
北海道,北海道,中学,札幌市立北野台中学校
北海道,北海道,中学,札幌市立真栄中学校
北海道,北海道,中学,札幌市立平岡中央中学校
北海道,北海道,中学,札幌市立平岡緑中学校
北海道,北海道,中学,函館市立青柳中学校
北海道,北海道,中学,函館市立港中学校
北海道,北海道,中学,函館市立巴中学校
北海道,北海道,中学,函館市立深堀中学校
北海道,北海道,中学,函館市立湯川中学校
北海道,北海道,中学,函館市立戸倉中学校
北海道,北海道,中学,函館市立旭岡中学校
北海道,北海道,中学,函館市立鱒川中学校
北海道,北海道,中学,函館市立銭亀沢中学校
北海道,北海道,中学,函館市立赤川中学校
北海道,北海道,中学,函館市立桔梗中学校
北海道,北海道,中学,函館市立亀田中学校
北海道,北海道,中学,函館市立五稜郭中学校
北海道,北海道,中学,函館市立本通中学校
北海道,北海道,中学,函館市立北中学校
北海道,北海道,中学,函館市立恵山中学校
北海道,北海道,中学,函館市立椴法華中学校
北海道,北海道,中学,函館市立南茅部中学校
北海道,北海道,中学,小樽市立長橋中学校
北海道,北海道,中学,小樽市立潮見台中学校
北海道,北海道,中学,小樽市立菁園中学校
北海道,北海道,中学,小樽市立西陵中学校
北海道,北海道,中学,小樽市立松ヶ枝中学校
北海道,北海道,中学,小樽市立向陽中学校
北海道,北海道,中学,小樽市立朝里中学校
北海道,北海道,中学,小樽市立桜町中学校
北海道,北海道,中学,小樽市立銭函中学校
北海道,北海道,中学,小樽市立忍路中学校
北海道,北海道,中学,小樽市立望洋台中学校
北海道,北海道,中学,小樽市立北陵中学校
北海道,北海道,中学,旭川市立明星中学校
北海道,北海道,中学,旭川市立光陽中学校
北海道,北海道,中学,旭川市立北星中学校
北海道,北海道,中学,旭川市立六合中学校
北海道,北海道,中学,旭川市立北門中学校
北海道,北海道,中学,旭川市立東光中学校
北海道,北海道,中学,旭川市立神居中学校
北海道,北海道,中学,旭川市立江丹別中学校
北海道,北海道,中学,旭川市立永山中学校
北海道,北海道,中学,旭川市立旭川中学校
北海道,北海道,中学,旭川市立桜岡中学校
北海道,北海道,中学,旭川市立神楽中学校
北海道,北海道,中学,旭川市立西神楽中学校
北海道,北海道,中学,旭川市立啓北中学校
北海道,北海道,中学,旭川市立東陽中学校
北海道,北海道,中学,旭川市立緑が丘中学校
北海道,北海道,中学,旭川市立春光台中学校
北海道,北海道,中学,旭川市立東鷹栖中学校
北海道,北海道,中学,旭川市立神居東中学校
北海道,北海道,中学,旭川市立永山南中学校
北海道,北海道,中学,旭川市立広陵中学校
北海道,北海道,中学,旭川市立東明中学校
北海道,北海道,中学,旭川市立愛宕中学校
北海道,北海道,中学,旭川市立忠和中学校
北海道,北海道,中学,旭川市立中央中学校
北海道,北海道,中学,室蘭市立港北中学校
北海道,北海道,中学,室蘭市立東明中学校
北海道,北海道,中学,室蘭市立星蘭中学校
北海道,北海道,中学,室蘭市立翔陽中学校
北海道,北海道,中学,室蘭市立桜蘭中学校
北海道,北海道,中学,室蘭市立室蘭西中学校
北海道,北海道,中学,釧路市立北中学校
北海道,北海道,中学,釧路市立春採中学校
北海道,北海道,中学,釧路市立鳥取中学校
北海道,北海道,中学,釧路市立共栄中学校
北海道,北海道,中学,釧路市立景雲中学校
北海道,北海道,中学,釧路市立山花中学校
北海道,北海道,中学,釧路市立桜が丘中学校
北海道,北海道,中学,釧路市立阿寒中学校
北海道,北海道,中学,釧路市立美原中学校
北海道,北海道,中学,釧路市立鳥取西中学校
北海道,北海道,中学,釧路市立幣舞中学校
北海道,北海道,中学,釧路市立青陵中学校
北海道,北海道,#N/A,釧路市立くしろ創明学園
北海道,北海道,中学,帯広市立川西中学校
北海道,北海道,中学,帯広市立清川中学校
北海道,北海道,中学,帯広市立八千代中学校
北海道,北海道,中学,帯広市立帯広第二中学校
北海道,北海道,中学,帯広市立帯広第七中学校
北海道,北海道,中学,帯広市立帯広第一中学校
北海道,北海道,中学,帯広市立帯広第四中学校
北海道,北海道,中学,帯広市立帯広第五中学校
北海道,北海道,中学,帯広市立帯広第八中学校
北海道,北海道,中学,帯広市立南町中学校
北海道,北海道,中学,帯広市立西陵中学校
北海道,北海道,中学,帯広市立緑園中学校
北海道,北海道,中学,帯広市立翔陽中学校
北海道,北海道,中学,北見市立北光中学校
北海道,北海道,中学,北見市立東陵中学校
北海道,北海道,中学,北見市立南中学校
北海道,北海道,中学,北見市立北中学校
北海道,北海道,中学,北見市立光西中学校
北海道,北海道,中学,北見市立上常呂中学校
北海道,北海道,中学,北見市立相内中学校
北海道,北海道,中学,北見市立東相内中学校
北海道,北海道,中学,北見市立高栄中学校
北海道,北海道,中学,北見市立小泉中学校
北海道,北海道,中学,北見市立端野中学校
北海道,北海道,中学,北見市立留辺蘂中学校
北海道,北海道,中学,北見市立常呂中学校
北海道,北海道,中学,夕張市立夕張中学校
北海道,北海道,中学,岩見沢市立東光中学校
北海道,北海道,中学,岩見沢市立光陵中学校
北海道,北海道,中学,岩見沢市立緑中学校
北海道,北海道,中学,岩見沢市立豊中学校
北海道,北海道,中学,岩見沢市立上幌向中学校
北海道,北海道,中学,岩見沢市立北村中学校
北海道,北海道,中学,岩見沢市立清園中学校
北海道,北海道,中学,岩見沢市立明成中学校
北海道,北海道,中学,網走市立第一中学校
北海道,北海道,中学,網走市立第二中学校
北海道,北海道,中学,網走市立呼人中学校
北海道,北海道,中学,網走市立第三中学校
北海道,北海道,中学,網走市立第四中学校
北海道,北海道,中学,網走市立第五中学校
北海道,北海道,中学,留萌市立留萌中学校
北海道,北海道,中学,留萌市立港南中学校
北海道,北海道,中学,苫小牧市立苫小牧東中学校
北海道,北海道,中学,苫小牧市立勇払中学校
北海道,北海道,中学,苫小牧市立光洋中学校
北海道,北海道,中学,苫小牧市立啓北中学校
北海道,北海道,中学,苫小牧市立和光中学校
北海道,北海道,中学,苫小牧市立凌雲中学校
北海道,北海道,中学,苫小牧市立沼ノ端中学校
北海道,北海道,中学,苫小牧市立開成中学校
北海道,北海道,中学,苫小牧市立明倫中学校
北海道,北海道,中学,苫小牧市立啓明中学校
北海道,北海道,中学,苫小牧市立明野中学校
北海道,北海道,中学,苫小牧市立緑陵中学校
北海道,北海道,中学,苫小牧市立青翔中学校
北海道,北海道,中学,苫小牧市立ウトナイ中学校
北海道,北海道,中学,稚内市立稚内中学校
北海道,北海道,中学,稚内市立稚内南中学校
北海道,北海道,中学,稚内市立稚内東中学校
北海道,北海道,中学,稚内市立宗谷中学校
北海道,北海道,中学,稚内市立潮見が丘中学校
北海道,北海道,中学,稚内市立天北中学校
北海道,北海道,中学,美唄市立美唄中学校
北海道,北海道,中学,美唄市立東中学校
北海道,北海道,中学,芦別市立芦別中学校
北海道,北海道,中学,江別市立江別第一中学校
北海道,北海道,中学,江別市立江別第二中学校
北海道,北海道,中学,江別市立江別第三中学校
北海道,北海道,中学,江別市立野幌中学校
北海道,北海道,中学,江別市立大麻中学校
北海道,北海道,中学,江別市立大麻東中学校
北海道,北海道,中学,江別市立江陽中学校
北海道,北海道,中学,江別市立中央中学校
北海道,北海道,中学,赤平市立赤平中学校
北海道,北海道,中学,紋別市立紋別中学校
北海道,北海道,中学,紋別市立潮見中学校
北海道,北海道,中学,紋別市立渚滑中学校
北海道,北海道,中学,士別市立士別中学校
北海道,北海道,中学,士別市立士別南中学校
北海道,北海道,中学,士別市立上士別中学校
北海道,北海道,中学,士別市立朝日中学校
北海道,北海道,中学,名寄市立名寄中学校
北海道,北海道,中学,名寄市立名寄東中学校
北海道,北海道,中学,名寄市立風連中学校
北海道,北海道,中学,三笠市立三笠中学校
北海道,北海道,中学,三笠市立萱野中学校
北海道,北海道,中学,根室市立光洋中学校
北海道,北海道,中学,根室市立柏陵中学校
北海道,北海道,中学,千歳市立千歳中学校
北海道,北海道,中学,千歳市立北進中学校
北海道,北海道,中学,千歳市立青葉中学校
北海道,北海道,中学,千歳市立東千歳中学校
北海道,北海道,中学,千歳市立駒里中学校
北海道,北海道,中学,千歳市立富丘中学校
北海道,北海道,中学,千歳市立北斗中学校
北海道,北海道,中学,千歳市立向陽台中学校
北海道,北海道,中学,千歳市立勇舞中学校
北海道,北海道,中学,滝川市立江陵中学校
北海道,北海道,中学,滝川市立明苑中学校
北海道,北海道,中学,滝川市立開西中学校
北海道,北海道,中学,深川市立深川中学校
北海道,北海道,中学,深川市立一已中学校
北海道,北海道,中学,富良野市立富良野東中学校
北海道,北海道,中学,富良野市立富良野西中学校
北海道,北海道,中学,富良野市立麓郷中学校
北海道,北海道,中学,登別市立幌別中学校
北海道,北海道,中学,登別市立鷲別中学校
北海道,北海道,中学,登別市立登別中学校
北海道,北海道,中学,登別市立西陵中学校
北海道,北海道,中学,登別市立緑陽中学校
北海道,北海道,中学,恵庭市立恵庭中学校
北海道,北海道,中学,恵庭市立恵北中学校
北海道,北海道,中学,恵庭市立恵明中学校
北海道,北海道,中学,恵庭市立柏陽中学校
北海道,北海道,中学,恵庭市立恵み野中学校
北海道,北海道,中学,伊達市立伊達中学校
北海道,北海道,中学,伊達市立光陵中学校
北海道,北海道,中学,伊達市立星の丘中学校
北海道,北海道,中学,北広島市立東部中学校
北海道,北海道,中学,北広島市立西部中学校
北海道,北海道,中学,北広島市立西の里中学校
北海道,北海道,中学,北広島市立大曲中学校
北海道,北海道,中学,北広島市立広葉中学校
北海道,北海道,中学,北広島市立緑陽中学校
北海道,北海道,中学,北広島市立西の里中学校陽香分校
北海道,北海道,中学,石狩市立石狩中学校
北海道,北海道,中学,石狩市立花川南中学校
北海道,北海道,中学,石狩市立花川北中学校
北海道,北海道,中学,石狩市立花川中学校
北海道,北海道,中学,石狩市立樽川中学校
北海道,北海道,中学,北斗市立石別中学校
北海道,北海道,中学,北斗市立茂辺地中学校
北海道,北海道,中学,北斗市立上磯中学校
北海道,北海道,中学,北斗市立浜分中学校
北海道,北海道,中学,北斗市立大野中学校
北海道,北海道,中学,当別町立西当別中学校
北海道,北海道,中学,新篠津村立新篠津中学校
北海道,北海道,中学,松前町立松前中学校
北海道,北海道,中学,福島町立福島中学校
北海道,北海道,中学,知内町立知内中学校
北海道,北海道,中学,木古内町立木古内中学校
北海道,北海道,中学,七飯町立七飯中学校
北海道,北海道,中学,七飯町立大中山中学校
北海道,北海道,中学,鹿部町立鹿部中学校
北海道,北海道,中学,森町立砂原中学校
北海道,北海道,中学,森町立森中学校
北海道,北海道,中学,八雲町立落部中学校
北海道,北海道,中学,八雲町立野田生中学校
北海道,北海道,中学,八雲町立八雲中学校
北海道,北海道,中学,八雲町立熊石中学校
北海道,北海道,中学,長万部町立長万部中学校
北海道,北海道,中学,江差町立江差北中学校
北海道,北海道,中学,江差町立江差中学校
北海道,北海道,中学,上ノ国町立上ノ国中学校
北海道,北海道,中学,厚沢部町立厚沢部中学校
北海道,北海道,中学,乙部町立乙部中学校
北海道,北海道,中学,奥尻町立奥尻中学校
北海道,北海道,中学,今金町立今金中学校
北海道,北海道,中学,せたな町立大成中学校
北海道,北海道,中学,せたな町立瀬棚中学校
北海道,北海道,中学,せたな町立北檜山中学校
北海道,北海道,中学,島牧村立島牧中学校
北海道,北海道,中学,寿都町立寿都中学校
北海道,北海道,中学,黒松内町立黒松内中学校
北海道,北海道,中学,黒松内町立白井川中学校
北海道,北海道,中学,蘭越町立蘭越中学校
北海道,北海道,中学,ニセコ町立ニセコ中学校
北海道,北海道,中学,真狩村立真狩中学校
北海道,北海道,中学,留寿都村立留寿都中学校
北海道,北海道,中学,喜茂別町立喜茂別中学校
北海道,北海道,中学,京極町立京極中学校
北海道,北海道,中学,倶知安町立倶知安中学校
北海道,北海道,中学,共和町立共和中学校
北海道,北海道,中学,泊村立泊中学校
北海道,北海道,中学,神恵内村立神恵内中学校
北海道,北海道,中学,積丹町立美国中学校
北海道,北海道,中学,古平町立古平中学校
北海道,北海道,中学,仁木町立仁木中学校
北海道,北海道,中学,仁木町立銀山中学校
北海道,北海道,中学,余市町立東中学校
北海道,北海道,中学,余市町立旭中学校
北海道,北海道,中学,赤井川村立赤井川中学校
北海道,北海道,中学,南幌町立南幌中学校
北海道,北海道,中学,奈井江町立奈井江中学校
北海道,北海道,中学,上砂川町立上砂川中学校
北海道,北海道,中学,由仁町立由仁中学校
北海道,北海道,中学,長沼町立長沼中学校
北海道,北海道,中学,栗山町立栗山中学校
北海道,北海道,中学,月形町立月形中学校
北海道,北海道,中学,浦臼町立浦臼中学校
北海道,北海道,中学,新十津川町立新十津川中学校
北海道,北海道,中学,妹背牛町立妹背牛中学校
北海道,北海道,中学,雨竜町立雨竜中学校
北海道,北海道,中学,北竜町立北竜中学校
北海道,北海道,中学,沼田町立沼田中学校
北海道,北海道,中学,鷹栖町立鷹栖中学校
北海道,北海道,中学,東神楽町立東神楽中学校
北海道,北海道,中学,当麻町立当麻中学校
北海道,北海道,中学,愛別町立愛別中学校
北海道,北海道,中学,上川町立上川中学校
北海道,北海道,中学,東川町立東川中学校
北海道,北海道,中学,美瑛町立美瑛中学校
北海道,北海道,中学,美瑛町立美馬牛中学校
北海道,北海道,中学,上富良野町立上富良野中学校
北海道,北海道,中学,南富良野町立南富良野中学校
北海道,北海道,中学,占冠村立占冠中学校
北海道,北海道,中学,和寒町立和寒中学校
北海道,北海道,中学,剣淵町立剣淵中学校
北海道,北海道,中学,下川町立下川中学校
北海道,北海道,中学,美深町立美深中学校
北海道,北海道,中学,美深町立仁宇布中学校
北海道,北海道,中学,音威子府村立音威子府中学校
北海道,北海道,中学,中川町立中川中学校
北海道,北海道,中学,幌加内町立幌加内中学校
北海道,北海道,中学,余市町立西中学校
北海道,北海道,中学,増毛町立増毛中学校
北海道,北海道,中学,小平町立小平中学校
北海道,北海道,中学,苫前町立苫前中学校
北海道,北海道,中学,羽幌町立羽幌中学校
北海道,北海道,中学,羽幌町立天売中学校
北海道,北海道,中学,羽幌町立焼尻中学校
北海道,北海道,中学,初山別村立初山別中学校
北海道,北海道,中学,遠別町立遠別中学校
北海道,北海道,中学,天塩町立天塩中学校
北海道,北海道,中学,猿払村立拓心中学校
北海道,北海道,中学,浜頓別町立浜頓別中学校
北海道,北海道,中学,枝幸町立枝幸中学校
北海道,北海道,中学,枝幸町立枝幸南中学校
北海道,北海道,中学,枝幸町立歌登中学校
北海道,北海道,中学,豊富町立豊富中学校
北海道,北海道,中学,豊富町立兜沼中学校
北海道,北海道,中学,礼文町立香深中学校
北海道,北海道,中学,礼文町立船泊中学校
北海道,北海道,中学,利尻町立利尻中学校
北海道,北海道,中学,利尻富士町立鴛泊中学校
北海道,北海道,中学,利尻富士町立鬼脇中学校
北海道,北海道,中学,幌延町立幌延中学校
北海道,北海道,中学,幌延町立問寒別中学校
北海道,北海道,中学,美幌町立美幌中学校
北海道,北海道,中学,美幌町立北中学校
北海道,北海道,中学,津別町立津別中学校
北海道,北海道,中学,斜里町立斜里中学校
北海道,北海道,中学,清里町立清里中学校
北海道,北海道,中学,小清水町立小清水中学校
北海道,北海道,中学,訓子府町立訓子府中学校
北海道,北海道,中学,置戸町立置戸中学校
北海道,北海道,中学,佐呂間町立佐呂間中学校
北海道,北海道,中学,遠軽町立生田原中学校
北海道,北海道,中学,遠軽町立安国中学校
北海道,北海道,中学,遠軽町立遠軽中学校
北海道,北海道,中学,遠軽町立丸瀬布中学校
北海道,北海道,中学,遠軽町立白滝中学校
北海道,北海道,中学,遠軽町立南中学校
北海道,北海道,中学,遠軽町立遠軽中学校望の岡分校
北海道,北海道,中学,滝上町立滝上中学校
北海道,北海道,中学,興部町立興部中学校
北海道,北海道,中学,西興部村立西興部中学校
北海道,北海道,中学,雄武町立雄武中学校
北海道,北海道,中学,大空町立東藻琴中学校
北海道,北海道,中学,大空町立女満別中学校
北海道,北海道,中学,豊浦町立豊浦中学校
北海道,北海道,中学,壮瞥町立壮瞥中学校
北海道,北海道,中学,白老町立白老中学校
北海道,北海道,中学,白老町立白翔中学校
北海道,北海道,中学,厚真町立厚真中学校
北海道,北海道,中学,厚真町立厚南中学校
北海道,北海道,中学,洞爺湖町立虻田中学校
北海道,北海道,中学,洞爺湖町立洞爺中学校
北海道,北海道,中学,安平町立追分中学校
北海道,北海道,中学,むかわ町立鵡川中学校
北海道,北海道,中学,むかわ町立穂別中学校
北海道,北海道,中学,日高町立日高中学校
北海道,北海道,中学,日高町立富川中学校
北海道,北海道,中学,日高町立門別中学校
北海道,北海道,中学,平取町立平取中学校
北海道,北海道,中学,平取町立振内中学校
北海道,北海道,中学,新冠町立新冠中学校
北海道,北海道,中学,浦河町立浦河第一中学校
北海道,北海道,中学,様似町立様似中学校
北海道,北海道,中学,えりも町立えりも中学校
北海道,北海道,中学,新ひだか町立静内中学校
北海道,北海道,中学,新ひだか町立静内第三中学校
北海道,北海道,中学,新ひだか町立三石中学校
北海道,北海道,中学,音更町立音更中学校
北海道,北海道,中学,音更町立下音更中学校
北海道,北海道,中学,音更町立駒場中学校
北海道,北海道,中学,音更町立緑南中学校
北海道,北海道,中学,音更町立共栄中学校
北海道,北海道,中学,士幌町立士幌町中央中学校
北海道,北海道,中学,上士幌町立上士幌中学校
北海道,北海道,中学,鹿追町立鹿追中学校
北海道,北海道,中学,鹿追町立瓜幕中学校
北海道,北海道,中学,新得町立新得中学校
北海道,北海道,中学,新得町立屈足中学校
北海道,北海道,中学,清水町立清水中学校
北海道,北海道,中学,清水町立御影中学校
北海道,北海道,中学,芽室町立芽室中学校
北海道,北海道,中学,芽室町立上美生中学校
北海道,北海道,中学,芽室町立芽室西中学校
北海道,北海道,中学,中札内村立中札内中学校
北海道,北海道,中学,更別村立更別中央中学校
北海道,北海道,中学,大樹町立大樹中学校
北海道,北海道,中学,広尾町立広尾中学校
北海道,北海道,中学,幕別町立糠内中学校
北海道,北海道,中学,幕別町立札内中学校
北海道,北海道,中学,幕別町立札内東中学校
北海道,北海道,中学,幕別町立忠類中学校
北海道,北海道,中学,池田町立池田中学校
北海道,北海道,中学,豊頃町立豊頃中学校
北海道,北海道,中学,本別町立本別中学校
北海道,北海道,中学,本別町立勇足中学校
北海道,北海道,中学,足寄町立足寄中学校
北海道,北海道,中学,陸別町立陸別中学校
北海道,北海道,中学,浦幌町立浦幌中学校
北海道,北海道,中学,釧路町立別保中学校
北海道,北海道,中学,釧路町立遠矢中学校
北海道,北海道,中学,釧路町立昆布森中学校
北海道,北海道,中学,釧路町立富原中学校
北海道,北海道,中学,浜中町立霧多布中学校
北海道,北海道,中学,浜中町立散布中学校
北海道,北海道,中学,浜中町立浜中中学校
北海道,北海道,中学,浜中町立茶内中学校
北海道,北海道,中学,標茶町立標茶中学校
北海道,北海道,中学,標茶町立虹別中学校
北海道,北海道,中学,標茶町立中茶安別中学校
北海道,北海道,中学,標茶町立塘路中学校
北海道,北海道,中学,弟子屈町立弟子屈中学校
北海道,北海道,中学,弟子屈町立川湯中学校
北海道,北海道,中学,鶴居村立鶴居中学校
北海道,北海道,中学,白糠町立茶路中学校
北海道,北海道,中学,厚岸町立厚岸中学校
北海道,北海道,中学,厚岸町立真龍中学校
北海道,北海道,中学,厚岸町立太田中学校
北海道,北海道,中学,厚岸町立高知中学校
北海道,北海道,中学,別海町立野付中学校
北海道,北海道,中学,別海町立上風連中学校
北海道,北海道,中学,別海町立別海中央中学校
北海道,北海道,中学,別海町立中春別中学校
北海道,北海道,中学,別海町立上西春別中学校
北海道,北海道,中学,別海町立上春別中学校
北海道,北海道,中学,中標津町立中標津中学校
北海道,北海道,中学,中標津町立広陵中学校
北海道,北海道,中学,標津町立標津中学校
北海道,北海道,中学,標津町立川北中学校
北海道,北海道,中学,羅臼町立知床未来中学校
北海道,北海道,中学,北星学園女子中学校
北海道,北海道,中学,藤女子中学校
北海道,北海道,中学,札幌光星中学校
北海道,北海道,中学,札幌大谷中学校
北海道,北海道,中学,星槎もみじ中学校
北海道,北海道,中学,北嶺中学校
北海道,北海道,中学,遺愛女子中学校
北海道,北海道,中学,函館白百合学園中学校
北海道,北海道,中学,函館ラ・サール中学校
北海道,北海道,中学,双葉中学校
北海道,北海道,中学,海星学院中学校
北海道,北海道,中学,立命館慶祥中学校
北海道,北海道,中学,札幌日本大学中学校
北海道,北海道,中学,まおい学びのさと中学校
北海道,北海道,#N/A,北海道シュタイナー学園いずみの学校中等部
北海道,北海道,高校,北海道札幌西高等学校
北海道,北海道,高校,北海道札幌南高等学校
北海道,北海道,高校,市立札幌旭丘高等学校
北海道,北海道,高校,市立札幌大通高等学校
北海道,北海道,高校,北海道札幌北高等学校
北海道,北海道,高校,北海道札幌工業高等学校
北海道,北海道,高校,北海道札幌北陵高等学校
北海道,北海道,高校,北海道札幌英藍高等学校
北海道,北海道,高校,北海道札幌国際情報高等学校
北海道,北海道,高校,北海道有朋高等学校
北海道,北海道,高校,市立札幌新川高等学校
北海道,北海道,高校,北海道札幌丘珠高等学校
北海道,北海道,高校,北海道札幌東陵高等学校
北海道,北海道,高校,北海道札幌東豊高等学校
北海道,北海道,高校,北海道札幌東高等学校
北海道,北海道,高校,北海道札幌白石高等学校
北海道,北海道,高校,北海道札幌白陵高等学校
北海道,北海道,高校,北海道札幌月寒高等学校
北海道,北海道,高校,市立札幌平岸高等学校
北海道,北海道,高校,北海道札幌南陵高等学校
北海道,北海道,高校,市立札幌啓北商業高等学校
北海道,北海道,高校,市立札幌藻岩高等学校
北海道,北海道,高校,北海道札幌西陵高等学校
北海道,北海道,高校,北海道札幌琴似工業高等学校
北海道,北海道,高校,北海道札幌啓成高等学校
北海道,北海道,高校,北海道札幌東商業高等学校
北海道,北海道,高校,北海道札幌厚別高等学校
北海道,北海道,高校,北海道札幌手稲高等学校
北海道,北海道,高校,北海道札幌あすかぜ高等学校
北海道,北海道,高校,北海道札幌稲雲高等学校
北海道,北海道,高校,北海道札幌真栄高等学校
北海道,北海道,高校,北海道札幌平岡高等学校
北海道,北海道,高校,市立札幌清田高等学校
北海道,北海道,高校,北海道函館中部高等学校
北海道,北海道,高校,北海道函館西高等学校
北海道,北海道,高校,北海道函館商業高等学校
北海道,北海道,高校,北海道函館工業高等学校
北海道,北海道,高校,北海道南茅部高等学校
北海道,北海道,高校,市立函館高等学校
北海道,北海道,高校,北海道小樽潮陵高等学校
北海道,北海道,高校,北海道小樽桜陽高等学校
北海道,北海道,高校,北海道小樽未来創造高等学校
北海道,北海道,高校,北海道小樽水産高等学校
北海道,北海道,高校,北海道旭川東高等学校
北海道,北海道,高校,北海道旭川西高等学校
北海道,北海道,高校,北海道旭川北高等学校
北海道,北海道,高校,北海道旭川商業高等学校
北海道,北海道,高校,北海道旭川工業高等学校
北海道,北海道,高校,北海道旭川農業高等学校
北海道,北海道,高校,北海道旭川南高等学校
北海道,北海道,高校,北海道旭川永嶺高等学校
北海道,北海道,高校,北海道室蘭栄高等学校
北海道,北海道,高校,北海道室蘭清水丘高等学校
北海道,北海道,高校,北海道室蘭工業高等学校
北海道,北海道,高校,北海道室蘭東翔高等学校
北海道,北海道,高校,北海道釧路湖陵高等学校
北海道,北海道,高校,北海道釧路江南高等学校
北海道,北海道,高校,北海道釧路商業高等学校
北海道,北海道,高校,北海道釧路工業高等学校
北海道,北海道,高校,北海道阿寒高等学校
北海道,北海道,高校,北海道釧路北陽高等学校
北海道,北海道,高校,北海道釧路明輝高等学校
北海道,北海道,高校,北海道帯広柏葉高等学校
北海道,北海道,高校,北海道帯広三条高等学校
北海道,北海道,高校,北海道帯広工業高等学校
北海道,北海道,高校,北海道帯広農業高等学校
北海道,北海道,高校,北海道帯広南商業高等学校
北海道,北海道,高校,北海道帯広緑陽高等学校
北海道,北海道,高校,北海道北見北斗高等学校
北海道,北海道,高校,北海道北見柏陽高等学校
北海道,北海道,高校,北海道北見工業高等学校
北海道,北海道,高校,北海道常呂高等学校
北海道,北海道,高校,北海道北見商業高等学校
北海道,北海道,高校,北海道北見緑陵高等学校
北海道,北海道,高校,北海道夕張高等学校
北海道,北海道,高校,北海道岩見沢農業高等学校
北海道,北海道,高校,北海道岩見沢緑陵高等学校
北海道,北海道,高校,北海道岩見沢東高等学校
北海道,北海道,高校,北海道網走南ケ丘高等学校
北海道,北海道,高校,北海道網走桂陽高等学校
北海道,北海道,高校,北海道留萌高等学校
北海道,北海道,高校,北海道苫小牧東高等学校
北海道,北海道,高校,北海道苫小牧西高等学校
北海道,北海道,高校,北海道苫小牧工業高等学校
北海道,北海道,高校,北海道苫小牧南高等学校
北海道,北海道,高校,北海道苫小牧総合経済高等学校
北海道,北海道,高校,北海道稚内高等学校
北海道,北海道,高校,北海道美唄聖華高等学校
北海道,北海道,高校,北海道美唄尚栄高等学校
北海道,北海道,高校,北海道芦別高等学校
北海道,北海道,高校,北海道江別高等学校
北海道,北海道,高校,北海道野幌高等学校
北海道,北海道,高校,北海道大麻高等学校
北海道,北海道,高校,北海道紋別高等学校
北海道,北海道,高校,北海道士別東高等学校
北海道,北海道,高校,北海道士別翔雲高等学校
北海道,北海道,高校,北海道名寄高等学校
北海道,北海道,高校,北海道三笠高等学校
北海道,北海道,高校,北海道根室高等学校
北海道,北海道,高校,北海道千歳高等学校
北海道,北海道,高校,北海道千歳北陽高等学校
北海道,北海道,高校,北海道滝川高等学校
北海道,北海道,高校,北海道滝川工業高等学校
北海道,北海道,高校,北海道滝川西高等学校
北海道,北海道,高校,北海道砂川高等学校
北海道,北海道,高校,北海道深川西高等学校
北海道,北海道,高校,北海道深川東高等学校
北海道,北海道,高校,北海道富良野高等学校
北海道,北海道,高校,北海道登別青嶺高等学校
北海道,北海道,高校,北海道恵庭南高等学校
北海道,北海道,高校,北海道恵庭北高等学校
北海道,北海道,高校,北海道伊達開来高等学校
北海道,北海道,高校,北海道北広島高等学校
北海道,北海道,高校,北海道北広島西高等学校
北海道,北海道,高校,北海道石狩翔陽高等学校
北海道,北海道,高校,北海道石狩南高等学校
北海道,北海道,高校,北海道函館水産高等学校
北海道,北海道,高校,北海道大野農業高等学校
北海道,北海道,高校,北海道上磯高等学校
北海道,北海道,高校,北海道当別高等学校
北海道,北海道,高校,北海道松前高等学校
北海道,北海道,高校,北海道福島商業高等学校
北海道,北海道,高校,北海道知内高等学校
北海道,北海道,高校,北海道七飯高等学校
北海道,北海道,高校,北海道森高等学校
北海道,北海道,高校,北海道八雲高等学校
北海道,北海道,高校,北海道長万部高等学校
北海道,北海道,高校,北海道江差高等学校
北海道,北海道,高校,北海道上ノ国高等学校
北海道,北海道,高校,北海道奥尻高等学校
北海道,北海道,高校,北海道檜山北高等学校
北海道,北海道,高校,北海道寿都高等学校
北海道,北海道,高校,北海道蘭越高等学校
北海道,北海道,高校,北海道ニセコ高等学校
北海道,北海道,高校,ニセコ町立ニセコ国際高等学校
北海道,北海道,高校,北海道真狩高等学校
北海道,北海道,高校,北海道留寿都高等学校
北海道,北海道,高校,北海道倶知安高等学校
北海道,北海道,高校,北海道倶知安農業高等学校
北海道,北海道,高校,北海道岩内高等学校
北海道,北海道,高校,北海道余市紅志高等学校
北海道,北海道,高校,北海道奈井江商業高等学校
北海道,北海道,高校,北海道長沼高等学校
北海道,北海道,高校,北海道栗山高等学校
北海道,北海道,高校,北海道月形高等学校
北海道,北海道,高校,北海道新十津川農業高等学校
北海道,北海道,高校,北海道鷹栖高等学校
北海道,北海道,高校,北海道上川高等学校
北海道,北海道,高校,北海道東川高等学校
北海道,北海道,高校,北海道美瑛高等学校
北海道,北海道,高校,北海道上富良野高等学校
北海道,北海道,高校,北海道南富良野高等学校
北海道,北海道,高校,北海道剣淵高等学校
北海道,北海道,高校,北海道下川商業高等学校
北海道,北海道,高校,北海道美深高等学校
北海道,北海道,高校,北海道おといねっぷ美術工芸高等学校
北海道,北海道,高校,北海道幌加内高等学校
北海道,北海道,高校,北海道苫前商業高等学校
北海道,北海道,高校,北海道羽幌高等学校
北海道,北海道,高校,北海道天売高等学校
北海道,北海道,高校,北海道遠別農業高等学校
北海道,北海道,高校,北海道天塩高等学校
北海道,北海道,高校,北海道浜頓別高等学校
北海道,北海道,高校,北海道枝幸高等学校
北海道,北海道,高校,北海道豊富高等学校
北海道,北海道,高校,北海道礼文高等学校
北海道,北海道,高校,北海道利尻高等学校
北海道,北海道,高校,北海道美幌高等学校
北海道,北海道,高校,北海道津別高等学校
北海道,北海道,高校,北海道斜里高等学校
北海道,北海道,高校,北海道清里高等学校
北海道,北海道,高校,北海道訓子府高等学校
北海道,北海道,高校,北海道置戸高等学校
北海道,北海道,高校,北海道佐呂間高等学校
北海道,北海道,高校,北海道遠軽高等学校
北海道,北海道,高校,北海道湧別高等学校
北海道,北海道,高校,北海道興部高等学校
北海道,北海道,高校,北海道雄武高等学校
北海道,北海道,高校,北海道大空高等学校
北海道,北海道,高校,北海道壮瞥高等学校
北海道,北海道,高校,北海道白老東高等学校
北海道,北海道,高校,北海道厚真高等学校
北海道,北海道,高校,北海道虻田高等学校
北海道,北海道,高校,北海道追分高等学校
北海道,北海道,高校,北海道穂別高等学校
北海道,北海道,高校,北海道鵡川高等学校
北海道,北海道,高校,北海道富川高等学校
北海道,北海道,高校,北海道日高高等学校
北海道,北海道,高校,北海道平取高等学校
北海道,北海道,高校,北海道浦河高等学校
北海道,北海道,高校,北海道えりも高等学校
北海道,北海道,高校,北海道静内高等学校
北海道,北海道,高校,北海道静内農業高等学校
北海道,北海道,高校,北海道音更高等学校
北海道,北海道,高校,北海道士幌高等学校
北海道,北海道,高校,北海道上士幌高等学校
北海道,北海道,高校,北海道鹿追高等学校
北海道,北海道,高校,北海道清水高等学校
北海道,北海道,高校,北海道芽室高等学校
北海道,北海道,高校,北海道更別農業高等学校
北海道,北海道,高校,北海道大樹高等学校
北海道,北海道,高校,北海道広尾高等学校
北海道,北海道,高校,北海道幕別清陵高等学校
北海道,北海道,高校,北海道池田高等学校
北海道,北海道,高校,北海道本別高等学校
北海道,北海道,高校,北海道足寄高等学校
北海道,北海道,高校,北海道釧路東高等学校
北海道,北海道,高校,北海道厚岸翔洋高等学校
北海道,北海道,高校,北海道霧多布高等学校
北海道,北海道,高校,北海道標茶高等学校
北海道,北海道,高校,北海道弟子屈高等学校
北海道,北海道,高校,北海道白糠高等学校
北海道,北海道,高校,北海道別海高等学校
北海道,北海道,高校,北海道中標津高等学校
北海道,北海道,高校,北海道中標津農業高等学校
北海道,北海道,高校,北海道標津高等学校
北海道,北海道,高校,北海道羅臼高等学校
北海道,北海道,高校,北星学園女子高等学校
北海道,北海道,高校,札幌静修高等学校
北海道,北海道,高校,札幌龍谷学園高等学校
北海道,北海道,高校,藤女子高等学校
北海道,北海道,高校,札幌創成高等学校
北海道,北海道,高校,札幌大谷高等学校
北海道,北海道,高校,札幌北斗高等学校
北海道,北海道,高校,札幌光星高等学校
北海道,北海道,高校,北海高等学校
北海道,北海道,高校,北海学園札幌高等学校
北海道,北海道,高校,北海道科学大学高等学校
北海道,北海道,高校,札幌第一高等学校
北海道,北海道,高校,池上学院高等学校
北海道,北海道,高校,札幌新陽高等学校
北海道,北海道,高校,北海道文教大学附属高等学校
北海道,北海道,高校,東海大学付属札幌高等学校
北海道,北海道,高校,札幌山の手高等学校
北海道,北海道,高校,北星学園大学附属高等学校
北海道,北海道,高校,星槎国際高等学校
北海道,北海道,高校,北嶺高等学校
北海道,北海道,高校,函館大学付属有斗高等学校
北海道,北海道,高校,函館大学付属柏稜高等学校
北海道,北海道,高校,遺愛女子高等学校
北海道,北海道,高校,函館白百合学園高等学校
北海道,北海道,高校,函館大谷高等学校
北海道,北海道,高校,清尚学院高等学校
北海道,北海道,高校,函館大妻高等学校
北海道,北海道,高校,函館ラ・サール高等学校
北海道,北海道,高校,北照高等学校
北海道,北海道,高校,小樽双葉高等学校
北海道,北海道,高校,小樽明峰高等学校
北海道,北海道,高校,旭川志峯高等学校
北海道,北海道,高校,旭川実業高等学校
北海道,北海道,高校,旭川龍谷高等学校
北海道,北海道,高校,旭川藤星高等学校
北海道,北海道,高校,旭川明成高等学校
北海道,北海道,高校,北海道大谷室蘭高等学校
北海道,北海道,高校,海星学院高等学校
北海道,北海道,高校,武修館高等学校
北海道,北海道,高校,帯広大谷高等学校
北海道,北海道,高校,帯広北高等学校
北海道,北海道,高校,北見藤高等学校
北海道,北海道,高校,苫小牧中央高等学校
北海道,北海道,高校,駒澤大学附属苫小牧高等学校
北海道,北海道,高校,稚内大谷高等学校
北海道,北海道,高校,立命館慶祥高等学校
北海道,北海道,高校,酪農学園大学附属とわの森三愛高等学校
北海道,北海道,高校,日本航空高等学校北海道
北海道,北海道,高校,クラーク記念国際高等学校
北海道,北海道,高校,札幌日本大学高等学校
北海道,北海道,高校,北海道芸術高等学校
北海道,北海道,高校,北星学園余市高等学校
北海道,北海道,高校,北海道教育学園三和高等学校
北海道,北海道,高校,北海道栄高等学校
北海道,北海道,高校,白樺学園高等学校
北海道,北海道,中等教育学校,市立札幌開成中等教育学校
北海道,北海道,中等教育学校,北海道登別明日中等教育学校
東北,青森県,中学,弘前大学教育学部附属中学校
東北,青森県,中学,青森市立造道中学校
東北,青森県,中学,青森市立浪打中学校
東北,青森県,中学,青森市立佃中学校
東北,青森県,中学,青森市立浦町中学校
東北,青森県,中学,青森市立古川中学校
東北,青森県,中学,青森市立甲田中学校
東北,青森県,中学,青森市立沖館中学校
東北,青森県,中学,青森市立油川中学校
東北,青森県,中学,青森市立荒川中学校
東北,青森県,中学,青森市立筒井中学校
東北,青森県,中学,青森市立横内中学校
東北,青森県,中学,青森市立新城中学校
東北,青森県,中学,青森市立西中学校
東北,青森県,中学,青森市立南中学校
東北,青森県,中学,青森市立東中学校
東北,青森県,中学,青森市立戸山中学校
東北,青森県,中学,青森市立三内中学校
東北,青森県,中学,青森市立北中学校
東北,青森県,中学,弘前市立新和中学校
東北,青森県,中学,弘前市立船沢中学校
東北,青森県,中学,弘前市立東目屋中学校
東北,青森県,中学,弘前市立第一中学校
東北,青森県,中学,弘前市立第二中学校
東北,青森県,中学,弘前市立第三中学校
東北,青森県,中学,弘前市立第四中学校
東北,青森県,中学,弘前市立第五中学校
東北,青森県,中学,弘前市立石川中学校
東北,青森県,中学,弘前市立北辰中学校
東北,青森県,中学,弘前市立裾野中学校
東北,青森県,中学,弘前市立南中学校
東北,青森県,中学,弘前市立東中学校
東北,青森県,中学,八戸市立第一中学校
東北,青森県,中学,八戸市立第二中学校
東北,青森県,中学,八戸市立第三中学校
東北,青森県,中学,八戸市立長者中学校
東北,青森県,中学,八戸市立小中野中学校
東北,青森県,中学,八戸市立湊中学校
東北,青森県,中学,八戸市立白銀中学校
東北,青森県,中学,八戸市立鮫中学校
東北,青森県,中学,八戸市立南浜中学校
東北,青森県,中学,八戸市立根城中学校
東北,青森県,中学,八戸市立下長中学校
東北,青森県,中学,八戸市立是川中学校
東北,青森県,中学,八戸市立三条中学校
東北,青森県,中学,八戸市立明治中学校
東北,青森県,中学,八戸市立市川中学校
東北,青森県,中学,八戸市立豊崎中学校
東北,青森県,中学,八戸市立大館中学校
東北,青森県,中学,八戸市立江陽中学校
東北,青森県,中学,八戸市立北稜中学校
東北,青森県,中学,八戸市立東中学校
東北,青森県,中学,八戸市立白銀南中学校
東北,青森県,中学,八戸市立白山台中学校
東北,青森県,中学,黒石市立中郷中学校
東北,青森県,中学,黒石市立黒石中学校
東北,青森県,中学,五所川原市立五所川原第一中学校
東北,青森県,中学,五所川原市立五所川原第三中学校
東北,青森県,中学,五所川原市立五所川原第二中学校
東北,青森県,中学,五所川原市立五所川原第四中学校
東北,青森県,中学,十和田市立三本木中学校
東北,青森県,中学,十和田市立切田中学校
東北,青森県,中学,十和田市立大深内中学校
東北,青森県,中学,十和田市立甲東中学校
東北,青森県,中学,十和田市立十和田中学校
東北,青森県,中学,十和田市立四和中学校
東北,青森県,中学,十和田市立東中学校
東北,青森県,中学,青森県立三本木高等学校附属中学校
東北,青森県,中学,三沢市立第一中学校
東北,青森県,中学,三沢市立第二中学校
東北,青森県,中学,三沢市立第三中学校
東北,青森県,中学,三沢市立第五中学校
東北,青森県,中学,三沢市立堀口中学校
東北,青森県,中学,むつ市立田名部中学校
東北,青森県,中学,むつ市立むつ中学校
東北,青森県,中学,むつ市立関根中学校
東北,青森県,中学,むつ市立近川中学校
東北,青森県,中学,むつ市立大平中学校
東北,青森県,中学,むつ市立大湊中学校
東北,青森県,中学,外ヶ浜町立蟹田中学校
東北,青森県,中学,今別町立今別中学校
東北,青森県,中学,蓬田村立蓬田中学校
東北,青森県,中学,外ヶ浜町立三厩中学校
東北,青森県,中学,鰺ヶ沢町立鰺ヶ沢中学校
東北,青森県,中学,つがる市立木造中学校
東北,青森県,中学,深浦町立深浦中学校
東北,青森県,中学,深浦町立大戸瀬中学校
東北,青森県,中学,つがる市立森田中学校
東北,青森県,中学,つがる市立柏中学校
東北,青森県,中学,つがる市立稲垣中学校
東北,青森県,中学,つがる市立車力中学校
東北,青森県,中学,弘前市立津軽中学校
東北,青森県,中学,弘前市立常盤野中学校
東北,青森県,中学,弘前市立相馬中学校
東北,青森県,中学,藤崎町立藤崎中学校
東北,青森県,中学,大鰐町立大鰐中学校
東北,青森県,中学,平川市立尾上中学校
東北,青森県,中学,青森市立浪岡中学校
東北,青森県,中学,平川市立平賀西中学校
東北,青森県,中学,平川市立平賀東中学校
東北,青森県,中学,藤崎町立明徳中学校
東北,青森県,中学,田舎館村立田舎館中学校
東北,青森県,中学,平川市立碇ヶ関中学校
東北,青森県,中学,板柳町立板柳中学校
東北,青森県,中学,五所川原市立金木中学校
東北,青森県,中学,中泊町立中里中学校
東北,青森県,中学,鶴田町立鶴田中学校
東北,青森県,中学,五所川原市立市浦中学校
東北,青森県,中学,中泊町立小泊中学校
東北,青森県,中学,野辺地町立野辺地中学校
東北,青森県,中学,七戸町立七戸中学校
東北,青森県,中学,おいらせ町立百石中学校
東北,青森県,中学,十和田市立十和田湖中学校
東北,青森県,中学,十和田市立第一中学校
東北,青森県,中学,横浜町立横浜中学校
東北,青森県,中学,東北町立上北中学校
東北,青森県,中学,東北町立東北中学校
東北,青森県,中学,おいらせ町立下田中学校
東北,青森県,中学,おいらせ町立木ノ下中学校
東北,青森県,中学,七戸町立天間林中学校
東北,青森県,中学,六ヶ所村立泊中学校
東北,青森県,中学,六ヶ所村立第一中学校
東北,青森県,中学,六ヶ所村立第二中学校
東北,青森県,中学,むつ市立川内中学校
東北,青森県,中学,むつ市立大畑中学校
東北,青森県,中学,大間町立大間中学校
東北,青森県,中学,東通村立東通中学校
東北,青森県,中学,風間浦村立風間浦中学校
東北,青森県,中学,佐井村立佐井中学校
東北,青森県,中学,佐井村立牛滝中学校
東北,青森県,中学,むつ市立脇野沢中学校
東北,青森県,中学,三戸町立三戸中学校
東北,青森県,中学,五戸町立五戸中学校
東北,青森県,中学,五戸町立川内中学校
東北,青森県,中学,田子町立田子中学校
東北,青森県,中学,南部町立名川中学校
東北,青森県,中学,南部町立南部中学校
東北,青森県,中学,階上町立道仏中学校
東北,青森県,中学,階上町立階上中学校
東北,青森県,中学,南部町立福地中学校
東北,青森県,中学,八戸市立中沢中学校
東北,青森県,中学,八戸市立島守中学校
東北,青森県,中学,五戸町立倉石中学校
東北,青森県,中学,新郷村立新郷中学校
東北,青森県,中学,平内町立平内中学校
東北,青森県,中学,青森山田中学校
東北,青森県,中学,青森明の星中学校
東北,青森県,中学,弘前学院聖愛中学校
東北,青森県,中学,八戸聖ウルスラ学院中学校
東北,青森県,中学,八戸工業大学第二高等学校附属中学校
東北,青森県,中学,東奥義塾中学校
東北,青森県,高校,青森県立青森高等学校
東北,青森県,高校,青森県立青森西高等学校
東北,青森県,高校,青森県立青森東高等学校
東北,青森県,高校,青森県立弘前高等学校
東北,青森県,高校,青森県立弘前中央高等学校
東北,青森県,高校,青森県立弘前南高等学校
東北,青森県,高校,青森県立八戸高等学校
東北,青森県,高校,青森県立八戸東高等学校
東北,青森県,高校,青森県立八戸北高等学校
東北,青森県,高校,青森県立木造高等学校
東北,青森県,高校,青森県立鰺ヶ沢高等学校
東北,青森県,高校,青森県立五所川原高等学校
東北,青森県,高校,青森県立浪岡高等学校
東北,青森県,高校,青森県立野辺地高等学校
東北,青森県,高校,青森県立七戸高等学校
東北,青森県,高校,青森県立三本木高等学校
東北,青森県,高校,青森県立三沢高等学校
東北,青森県,高校,青森県立田名部高等学校
東北,青森県,高校,青森県立大湊高等学校
東北,青森県,高校,青森県立三戸高等学校
東北,青森県,高校,青森県立柏木農業高等学校
東北,青森県,高校,青森県立五所川原農林高等学校
東北,青森県,高校,青森県立名久井農業高等学校
東北,青森県,高校,青森県立青森工業高等学校
東北,青森県,高校,青森県立弘前工業高等学校
東北,青森県,高校,青森県立八戸工業高等学校
東北,青森県,高校,青森県立十和田工業高等学校
東北,青森県,高校,青森県立むつ工業高等学校
東北,青森県,高校,青森県立八戸水産高等学校
東北,青森県,高校,青森県立青森商業高等学校
東北,青森県,高校,青森県立三沢商業高等学校
東北,青森県,高校,青森県立八戸商業高等学校
東北,青森県,高校,青森県立六ヶ所高等学校
東北,青森県,高校,青森県立青森南高等学校
東北,青森県,高校,青森県立八戸西高等学校
東北,青森県,高校,青森県立青森北高等学校
東北,青森県,高校,青森県立青森中央高等学校
東北,青森県,高校,青森県立弘前実業高等学校
東北,青森県,高校,青森県立北斗高等学校
東北,青森県,高校,青森県立八戸中央高等学校
東北,青森県,高校,青森県立百石高等学校
東北,青森県,高校,青森県立大間高等学校
東北,青森県,高校,青森県立尾上総合高等学校
東北,青森県,高校,青森県立黒石高等学校
東北,青森県,高校,青森県立三本木農業恵拓高等学校
東北,青森県,高校,青森県立五所川原工科高等学校
東北,青森県,高校,弘前学院聖愛高等学校
東北,青森県,高校,柴田学園大学附属柴田学園高等学校
東北,青森県,高校,東奥義塾高等学校
東北,青森県,高校,東奥学園高等学校
東北,青森県,高校,青森山田高等学校
東北,青森県,高校,青森明の星高等学校
東北,青森県,高校,千葉学園高等学校
東北,青森県,高校,八戸聖ウルスラ学院高等学校
東北,青森県,高校,八戸学院光星高等学校
東北,青森県,高校,八戸工業大学第一高等学校
東北,青森県,高校,五所川原第一高等学校
東北,青森県,高校,下山学園高等学校
東北,青森県,高校,弘前東高等学校
東北,青森県,高校,八戸学院野辺地西高等学校
東北,青森県,高校,松風塾高等学校
東北,青森県,高校,八戸工業大学第二高等学校
東北,青森県,高校,向陵高等学校
東北,岩手県,中学,岩手大学教育学部附属中学校
東北,岩手県,中学,盛岡市立下橋中学校
東北,岩手県,中学,盛岡市立下小路中学校
東北,岩手県,中学,盛岡市立厨川中学校
東北,岩手県,中学,盛岡市立上田中学校
東北,岩手県,中学,盛岡市立河南中学校
東北,岩手県,中学,盛岡市立仙北中学校
東北,岩手県,中学,盛岡市立大宮中学校
東北,岩手県,中学,盛岡市立米内中学校
東北,岩手県,中学,盛岡市立土淵中学校
東北,岩手県,中学,盛岡市立黒石野中学校
東北,岩手県,中学,盛岡市立黒石野中学校北杜分校
東北,岩手県,中学,盛岡市立城西中学校
東北,岩手県,中学,盛岡市立城東中学校
東北,岩手県,中学,盛岡市立北陵中学校
東北,岩手県,中学,盛岡市立松園中学校
東北,岩手県,中学,盛岡市立巻堀中学校
東北,岩手県,中学,盛岡市立渋民中学校
東北,岩手県,中学,盛岡市立見前中学校
東北,岩手県,中学,盛岡市立飯岡中学校
東北,岩手県,中学,盛岡市立乙部中学校
東北,岩手県,中学,盛岡市立見前南中学校
東北,岩手県,中学,盛岡市立北松園中学校
東北,岩手県,中学,宮古市立第一中学校
東北,岩手県,中学,宮古市立第二中学校
東北,岩手県,中学,宮古市立河南中学校
東北,岩手県,中学,宮古市立宮古西中学校
東北,岩手県,中学,宮古市立花輪中学校
東北,岩手県,中学,宮古市立津軽石中学校
東北,岩手県,中学,宮古市立重茂中学校
東北,岩手県,中学,宮古市立崎山中学校
東北,岩手県,中学,宮古市立田老第一中学校
東北,岩手県,中学,宮古市立新里中学校
東北,岩手県,中学,宮古市立川井中学校
東北,岩手県,中学,大船渡市立第一中学校
東北,岩手県,中学,大船渡市立東朋中学校
東北,岩手県,中学,大船渡市立大船渡中学校
東北,岩手県,中学,花巻市立花巻中学校
東北,岩手県,中学,花巻市立南城中学校
東北,岩手県,中学,花巻市立矢沢中学校
東北,岩手県,中学,花巻市立湯本中学校
東北,岩手県,中学,花巻市立宮野目中学校
東北,岩手県,中学,花巻市立湯口中学校
東北,岩手県,中学,花巻市立西南中学校
東北,岩手県,中学,花巻市立花巻北中学校
東北,岩手県,中学,花巻市立大迫中学校
東北,岩手県,中学,花巻市立石鳥谷中学校
東北,岩手県,中学,花巻市立東和中学校
東北,岩手県,中学,北上市立北上中学校
東北,岩手県,中学,北上市立飯豊中学校
東北,岩手県,中学,北上市立南中学校
東北,岩手県,中学,北上市立北上北中学校
東北,岩手県,中学,北上市立上野中学校
東北,岩手県,中学,北上市立和賀西中学校
東北,岩手県,中学,北上市立和賀東中学校
東北,岩手県,中学,北上市立江釣子中学校
東北,岩手県,中学,久慈市立久慈中学校
東北,岩手県,中学,久慈市立長内中学校
東北,岩手県,中学,久慈市立宇部中学校
東北,岩手県,中学,久慈市立山形中学校
東北,岩手県,中学,遠野市立遠野中学校
東北,岩手県,中学,遠野市立遠野東中学校
東北,岩手県,中学,遠野市立遠野西中学校
東北,岩手県,中学,一関市立一関中学校
東北,岩手県,中学,一関市立桜町中学校
東北,岩手県,中学,一関市立厳美中学校
東北,岩手県,中学,一関市立舞川中学校
東北,岩手県,中学,一関市立萩荘中学校
東北,岩手県,中学,岩手県立一関第一高等学校附属中学校
東北,岩手県,中学,一関市立花泉中学校
東北,岩手県,中学,一関市立千厩中学校
東北,岩手県,中学,一関市立磐井中学校
東北,岩手県,中学,一関市立藤沢中学校
東北,岩手県,中学,一関市立東山中学校
東北,岩手県,中学,一関市立室根中学校
東北,岩手県,中学,一関市立川崎中学校
東北,岩手県,中学,一関市立一関東中学校
東北,岩手県,中学,一関市立大東中学校
東北,岩手県,中学,陸前高田市立高田東中学校
東北,岩手県,中学,陸前高田市立高田第一中学校
東北,岩手県,中学,釜石市立甲子中学校
東北,岩手県,中学,釜石市立唐丹中学校
東北,岩手県,中学,釜石市立大平中学校
東北,岩手県,中学,釜石市立釜石東中学校
東北,岩手県,中学,釜石市立釜石中学校
東北,岩手県,中学,二戸市立福岡中学校
東北,岩手県,中学,二戸市立浄法寺中学校
東北,岩手県,中学,二戸市立金田一中学校
東北,岩手県,中学,八幡平市立西根中学校
東北,岩手県,中学,八幡平市立西根第一中学校
東北,岩手県,中学,八幡平市立松尾中学校
東北,岩手県,中学,八幡平市立安代中学校
東北,岩手県,中学,奥州市立水沢中学校
東北,岩手県,中学,奥州市立東水沢中学校
東北,岩手県,中学,奥州市立水沢南中学校
東北,岩手県,中学,奥州市立江刺第一中学校
東北,岩手県,中学,奥州市立前沢中学校
東北,岩手県,中学,奥州市立衣川中学校
東北,岩手県,中学,奥州市立胆沢中学校
東北,岩手県,中学,滝沢市立滝沢南中学校
東北,岩手県,中学,滝沢市立滝沢第二中学校
東北,岩手県,中学,滝沢市立一本木中学校
東北,岩手県,中学,滝沢市立姥屋敷中学校
東北,岩手県,中学,滝沢市立柳沢中学校
東北,岩手県,中学,滝沢市立滝沢中学校
東北,岩手県,中学,雫石町立雫石中学校
東北,岩手県,中学,葛巻町立葛巻中学校
東北,岩手県,中学,葛巻町立小屋瀬中学校
東北,岩手県,中学,葛巻町立江刈中学校
東北,岩手県,中学,岩手町立川口中学校
東北,岩手県,中学,岩手町立一方井中学校
東北,岩手県,中学,岩手町立沼宮内中学校
東北,岩手県,中学,紫波町立紫波第一中学校
東北,岩手県,中学,紫波町立紫波第二中学校
東北,岩手県,中学,紫波町立紫波第三中学校
東北,岩手県,中学,矢巾町立矢巾中学校
東北,岩手県,中学,矢巾町立矢巾北中学校
東北,岩手県,中学,西和賀町立湯田中学校
東北,岩手県,中学,西和賀町立沢内中学校
東北,岩手県,中学,金ケ崎町立金ケ崎中学校
東北,岩手県,中学,平泉町立平泉中学校
東北,岩手県,中学,住田町立住田中学校
東北,岩手県,中学,大槌町立吉里吉里中学校
東北,岩手県,中学,山田町立山田中学校
東北,岩手県,中学,岩泉町立岩泉中学校
東北,岩手県,中学,岩泉町立小川中学校
東北,岩手県,中学,岩泉町立小本中学校
東北,岩手県,中学,田野畑村立田野畑中学校
東北,岩手県,中学,普代村立普代中学校
東北,岩手県,中学,軽米町立軽米中学校
東北,岩手県,中学,野田村立野田中学校
東北,岩手県,中学,九戸村立九戸中学校
東北,岩手県,中学,洋野町立種市中学校
東北,岩手県,中学,洋野町立中野中学校
東北,岩手県,中学,洋野町立大野中学校
東北,岩手県,中学,一戸町立一戸中学校
東北,岩手県,中学,一戸町立一戸中学校養護分校
東北,岩手県,中学,一戸町立奥中山中学校
東北,岩手県,中学,岩手中学校
東北,岩手県,中学,盛岡白百合学園中学校
東北,岩手県,中学,盛岡中央高等学校附属中学校
東北,岩手県,高校,岩手県立盛岡第一高等学校
東北,岩手県,高校,岩手県立盛岡第二高等学校
東北,岩手県,高校,岩手県立盛岡第三高等学校
東北,岩手県,高校,岩手県立盛岡第四高等学校
東北,岩手県,高校,岩手県立盛岡北高等学校
東北,岩手県,高校,岩手県立杜陵高等学校
東北,岩手県,高校,岩手県立杜陵高等学校奥州校
東北,岩手県,高校,岩手県立盛岡農業高等学校
東北,岩手県,高校,岩手県立盛岡工業高等学校
東北,岩手県,高校,岩手県立盛岡商業高等学校
東北,岩手県,高校,岩手県立沼宮内高等学校
東北,岩手県,高校,岩手県立葛巻高等学校
東北,岩手県,高校,岩手県立平舘高等学校
東北,岩手県,高校,岩手県立雫石高等学校
東北,岩手県,高校,岩手県立紫波総合高等学校
東北,岩手県,高校,岩手県立花巻北高等学校
東北,岩手県,高校,岩手県立花巻南高等学校
東北,岩手県,高校,岩手県立花巻農業高等学校
東北,岩手県,高校,岩手県立花北青雲高等学校
東北,岩手県,高校,岩手県立大迫高等学校
東北,岩手県,高校,岩手県立遠野高等学校
東北,岩手県,高校,岩手県立遠野緑峰高等学校
東北,岩手県,高校,岩手県立黒沢尻北高等学校
東北,岩手県,高校,岩手県立北上翔南高等学校
東北,岩手県,高校,岩手県立黒沢尻工業高等学校
東北,岩手県,高校,岩手県立西和賀高等学校
東北,岩手県,高校,岩手県立水沢高等学校
東北,岩手県,高校,岩手県立水沢農業高等学校
東北,岩手県,高校,岩手県立水沢工業高等学校
東北,岩手県,高校,岩手県立水沢商業高等学校
東北,岩手県,高校,岩手県立前沢高等学校
東北,岩手県,高校,岩手県立金ケ崎高等学校
東北,岩手県,高校,岩手県立岩谷堂高等学校
東北,岩手県,高校,岩手県立一関第一高等学校
東北,岩手県,高校,岩手県立一関第二高等学校
東北,岩手県,高校,岩手県立一関工業高等学校
東北,岩手県,高校,岩手県立花泉高等学校
東北,岩手県,高校,岩手県立大東高等学校
東北,岩手県,高校,岩手県立千厩高等学校
東北,岩手県,高校,岩手県立高田高等学校
東北,岩手県,高校,岩手県立大船渡高等学校
東北,岩手県,高校,岩手県立大船渡東高等学校
東北,岩手県,高校,岩手県立住田高等学校
東北,岩手県,高校,岩手県立釜石高等学校
東北,岩手県,高校,岩手県立釜石商工高等学校
東北,岩手県,高校,岩手県立大槌高等学校
東北,岩手県,高校,岩手県立山田高等学校
東北,岩手県,高校,岩手県立宮古高等学校
東北,岩手県,高校,岩手県立宮古北高等学校
東北,岩手県,高校,岩手県立宮古商工高等学校
東北,岩手県,高校,岩手県立宮古水産高等学校
東北,岩手県,高校,岩手県立岩泉高等学校
東北,岩手県,高校,岩手県立久慈高等学校
東北,岩手県,高校,岩手県立久慈高等学校長内校
東北,岩手県,高校,岩手県立種市高等学校
東北,岩手県,高校,岩手県立大野高等学校
東北,岩手県,高校,岩手県立軽米高等学校
東北,岩手県,高校,岩手県立伊保内高等学校
東北,岩手県,高校,岩手県立福岡高等学校
東北,岩手県,高校,盛岡市立高等学校
東北,岩手県,高校,岩手県立北桜高等学校
東北,岩手県,高校,岩手県立南昌みらい高等学校
東北,岩手県,高校,岩手県立久慈翔北高等学校
東北,岩手県,高校,岩手高等学校
東北,岩手県,高校,岩手女子高等学校
東北,岩手県,高校,盛岡白百合学園高等学校
東北,岩手県,高校,江南義塾盛岡高等学校
東北,岩手県,高校,盛岡誠桜高等学校
東北,岩手県,高校,盛岡大学附属高等学校
東北,岩手県,高校,盛岡スコーレ高等学校
東北,岩手県,高校,盛岡中央高等学校
東北,岩手県,高校,花巻東高等学校
東北,岩手県,高校,専修大学北上高等学校
東北,岩手県,高校,協和学院水沢第一高等学校
東北,岩手県,高校,一関学院高等学校
東北,岩手県,高校,一関修紅高等学校
東北,宮城県,中学,宮城教育大学附属中学校
東北,宮城県,中学,宮城県仙台二華中学校
東北,宮城県,中学,宮城県古川黎明中学校
東北,宮城県,中学,仙台市立第一中学校
東北,宮城県,中学,仙台市立第二中学校
東北,宮城県,中学,仙台市立三条中学校
東北,宮城県,中学,仙台市立上杉山中学校
東北,宮城県,中学,仙台市立五城中学校
東北,宮城県,中学,仙台市立五橋中学校
東北,宮城県,中学,仙台市立台原中学校
東北,宮城県,中学,仙台市立北仙台中学校
東北,宮城県,中学,仙台市立中山中学校
東北,宮城県,中学,仙台市立広瀬中学校
東北,宮城県,中学,仙台市立大沢中学校
東北,宮城県,中学,仙台市立桜丘中学校
東北,宮城県,中学,仙台市立吉成中学校
東北,宮城県,中学,仙台市立折立中学校
東北,宮城県,中学,仙台市立南吉成中学校
東北,宮城県,中学,仙台市立広陵中学校
東北,宮城県,中学,仙台市立第二中学校東北大学病院分校
東北,宮城県,中学,仙台市立錦ケ丘中学校
東北,宮城県,中学,仙台市立東華中学校
東北,宮城県,中学,仙台市立宮城野中学校
東北,宮城県,中学,仙台市立岩切中学校
東北,宮城県,中学,仙台市立高砂中学校
東北,宮城県,中学,仙台市立東仙台中学校
東北,宮城県,中学,仙台市立鶴谷中学校
東北,宮城県,中学,仙台市立中野中学校
東北,宮城県,中学,仙台市立幸町中学校
東北,宮城県,中学,仙台市立西山中学校
東北,宮城県,中学,仙台市立田子中学校
東北,宮城県,中学,仙台市立八軒中学校
東北,宮城県,中学,仙台市立南小泉中学校
東北,宮城県,中学,仙台市立六郷中学校
東北,宮城県,中学,仙台市立七郷中学校
東北,宮城県,中学,仙台市立蒲町中学校
東北,宮城県,中学,仙台市立沖野中学校
東北,宮城県,中学,仙台市立愛宕中学校
東北,宮城県,中学,仙台市立長町中学校
東北,宮城県,中学,仙台市立中田中学校
東北,宮城県,中学,仙台市立西多賀中学校
東北,宮城県,中学,仙台市立郡山中学校
東北,宮城県,中学,仙台市立生出中学校
東北,宮城県,中学,仙台市立八木山中学校
東北,宮城県,中学,仙台市立山田中学校
東北,宮城県,中学,仙台市立秋保中学校
東北,宮城県,中学,仙台市立袋原中学校
東北,宮城県,中学,仙台市立人来田中学校
東北,宮城県,中学,仙台市立富沢中学校
東北,宮城県,中学,仙台市立茂庭台中学校
東北,宮城県,中学,仙台市立柳生中学校
東北,宮城県,中学,仙台市立根白石中学校
東北,宮城県,中学,仙台市立七北田中学校
東北,宮城県,中学,仙台市立八乙女中学校
東北,宮城県,中学,仙台市立将監中学校
東北,宮城県,中学,仙台市立南光台中学校
東北,宮城県,中学,仙台市立向陽台中学校
東北,宮城県,中学,仙台市立加茂中学校
東北,宮城県,中学,仙台市立将監東中学校
東北,宮城県,中学,仙台市立鶴が丘中学校
東北,宮城県,中学,仙台市立寺岡中学校
東北,宮城県,中学,仙台市立南光台東中学校
東北,宮城県,中学,仙台市立長命ケ丘中学校
東北,宮城県,中学,仙台市立南中山中学校
東北,宮城県,中学,仙台市立高森中学校
東北,宮城県,中学,仙台市立住吉台中学校
東北,宮城県,中学,仙台市立松陵中学校
東北,宮城県,中学,仙台市立館中学校
東北,宮城県,中学,石巻市立石巻中学校
東北,宮城県,中学,石巻市立住吉中学校
東北,宮城県,中学,石巻市立湊中学校
東北,宮城県,中学,石巻市立蛇田中学校
東北,宮城県,中学,石巻市立渡波中学校
東北,宮城県,中学,石巻市立稲井中学校
東北,宮城県,中学,石巻市立飯野川中学校
東北,宮城県,中学,石巻市立桃生中学校
東北,宮城県,中学,石巻市立河北中学校
東北,宮城県,中学,石巻市立山下中学校
東北,宮城県,中学,石巻市立北上中学校
東北,宮城県,中学,石巻市立河南東中学校
東北,宮城県,中学,石巻市立河南西中学校
東北,宮城県,中学,石巻市立青葉中学校
東北,宮城県,中学,石巻市立万石浦中学校
東北,宮城県,中学,石巻市立牡鹿中学校
東北,宮城県,中学,石巻市立雄勝中学校
東北,宮城県,中学,塩竈市立第一中学校
東北,宮城県,中学,塩竈市立第二中学校
東北,宮城県,中学,塩竈市立第三中学校
東北,宮城県,中学,塩竈市立玉川中学校
東北,宮城県,中学,塩竈市立浦戸中学校
東北,宮城県,中学,気仙沼市立気仙沼中学校
東北,宮城県,中学,気仙沼市立松岩中学校
東北,宮城県,中学,気仙沼市立鹿折中学校
東北,宮城県,中学,気仙沼市立階上中学校
東北,宮城県,中学,気仙沼市立津谷中学校
東北,宮城県,中学,気仙沼市立大谷中学校
東北,宮城県,中学,気仙沼市立唐桑中学校
東北,宮城県,中学,気仙沼市立面瀬中学校
東北,宮城県,中学,気仙沼市立新月中学校
東北,宮城県,中学,白石市立白石中学校
東北,宮城県,中学,白石市立福岡中学校公立刈田綜合病院分校
東北,宮城県,中学,白石市立福岡中学校
東北,宮城県,中学,白石市立小原中学校
東北,宮城県,中学,白石市立東中学校
東北,宮城県,中学,白石市立白石南中学校
東北,宮城県,中学,名取市立増田中学校
東北,宮城県,中学,名取市立第一中学校
東北,宮城県,中学,名取市立第二中学校
東北,宮城県,中学,名取市立みどり台中学校
東北,宮城県,中学,角田市立角田中学校
東北,宮城県,中学,角田市立北角田中学校
東北,宮城県,中学,多賀城市立多賀城中学校
東北,宮城県,中学,多賀城市立第二中学校
東北,宮城県,中学,多賀城市立東豊中学校
東北,宮城県,中学,多賀城市立高崎中学校
東北,宮城県,中学,岩沼市立岩沼中学校
東北,宮城県,中学,岩沼市立岩沼北中学校
東北,宮城県,中学,岩沼市立玉浦中学校
東北,宮城県,中学,岩沼市立岩沼西中学校
東北,宮城県,中学,登米市立佐沼中学校
東北,宮城県,中学,登米市立新田中学校
東北,宮城県,中学,登米市立登米中学校
東北,宮城県,中学,登米市立豊里中学校
東北,宮城県,中学,登米市立米山中学校
東北,宮城県,中学,登米市立石越中学校
東北,宮城県,中学,登米市立南方中学校
東北,宮城県,中学,登米市立中田中学校
東北,宮城県,中学,登米市立津山中学校
東北,宮城県,中学,登米市立東和中学校
東北,宮城県,中学,栗原市立築館中学校
東北,宮城県,中学,栗原市立若柳中学校
東北,宮城県,中学,栗原市立志波姫中学校
東北,宮城県,中学,栗原市立栗原西中学校
東北,宮城県,中学,栗原市立栗駒中学校
東北,宮城県,中学,栗原市立栗原南中学校
東北,宮城県,中学,東松島市立矢本第一中学校
東北,宮城県,中学,東松島市立矢本第二中学校
東北,宮城県,中学,東松島市立鳴瀬未来中学校
東北,宮城県,中学,大崎市立古川中学校
東北,宮城県,中学,大崎市立古川北中学校
東北,宮城県,中学,大崎市立松山中学校
東北,宮城県,中学,大崎市立三本木中学校
東北,宮城県,中学,大崎市立鹿島台中学校
東北,宮城県,中学,大崎市立田尻中学校
東北,宮城県,中学,大崎市立古川東中学校
東北,宮城県,中学,大崎市立岩出山中学校
東北,宮城県,中学,大崎市立古川南中学校
東北,宮城県,中学,富谷市立富谷中学校
東北,宮城県,中学,富谷市立富谷第二中学校
東北,宮城県,中学,富谷市立東向陽台中学校
東北,宮城県,中学,富谷市立日吉台中学校
東北,宮城県,中学,富谷市立成田中学校
東北,宮城県,中学,蔵王町立宮中学校
東北,宮城県,中学,蔵王町立遠刈田中学校
東北,宮城県,中学,蔵王町立円田中学校
東北,宮城県,中学,七ヶ宿町立七ヶ宿中学校
東北,宮城県,中学,大河原町立大河原中学校
東北,宮城県,中学,大河原町立金ケ瀬中学校
東北,宮城県,中学,村田町立村田第一中学校
東北,宮城県,中学,村田町立村田第二中学校
東北,宮城県,中学,柴田町立槻木中学校
東北,宮城県,中学,柴田町立船岡中学校
東北,宮城県,中学,柴田町立船迫中学校
東北,宮城県,中学,川崎町立川崎中学校
東北,宮城県,中学,川崎町立富岡中学校
東北,宮城県,中学,丸森町立丸森中学校
東北,宮城県,中学,亘理町立亘理中学校
東北,宮城県,中学,亘理町立荒浜中学校
東北,宮城県,中学,亘理町立吉田中学校
東北,宮城県,中学,亘理町立逢隈中学校
東北,宮城県,中学,山元町立山元中学校
東北,宮城県,中学,松島町立松島中学校
東北,宮城県,中学,七ヶ浜町立七ヶ浜中学校
東北,宮城県,中学,七ヶ浜町立向洋中学校
東北,宮城県,中学,利府町立利府中学校
東北,宮城県,中学,利府町立しらかし台中学校
東北,宮城県,中学,利府町立利府西中学校
東北,宮城県,中学,大和町立宮床中学校
東北,宮城県,中学,大和町立大和中学校
東北,宮城県,中学,大郷町立大郷中学校
東北,宮城県,中学,大衡村立大衡中学校
東北,宮城県,中学,加美町立中新田中学校
東北,宮城県,中学,加美町立鳴峰中学校
東北,宮城県,中学,涌谷町立涌谷中学校
東北,宮城県,中学,美里町立美里中学校
東北,宮城県,中学,女川町立女川中学校
東北,宮城県,中学,南三陸町立志津川中学校
東北,宮城県,中学,南三陸町立歌津中学校
東北,宮城県,中学,尚絅学院中学校
東北,宮城県,中学,宮城学院中学校
東北,宮城県,中学,聖ドミニコ学院中学校
東北,宮城県,中学,東北学院中学校
東北,宮城県,中学,秀光中学校
東北,宮城県,中学,聖ウルスラ学院英智中学校
東北,宮城県,中学,仙台白百合学園中学校
東北,宮城県,中学,古川学園中学校
東北,宮城県,高校,宮城県仙台第二高等学校
東北,宮城県,高校,宮城県宮城第一高等学校
東北,宮城県,高校,宮城県工業高等学校
東北,宮城県,高校,宮城県第二工業高等学校
東北,宮城県,高校,宮城県宮城広瀬高等学校
東北,宮城県,高校,宮城県仙台第三高等学校
東北,宮城県,高校,宮城県宮城野高等学校
東北,宮城県,高校,宮城県仙台第一高等学校
東北,宮城県,高校,宮城県仙台二華高等学校
東北,宮城県,高校,宮城県仙台東高等学校
東北,宮城県,高校,宮城県仙台三桜高等学校
東北,宮城県,高校,宮城県仙台向山高等学校
東北,宮城県,高校,宮城県仙台南高等学校
東北,宮城県,高校,宮城県仙台西高等学校
東北,宮城県,高校,宮城県泉高等学校
東北,宮城県,高校,宮城県泉松陵高等学校
東北,宮城県,高校,宮城県泉館山高等学校
東北,宮城県,高校,宮城県石巻高等学校
東北,宮城県,高校,宮城県石巻好文館高等学校
東北,宮城県,高校,宮城県石巻商業高等学校
東北,宮城県,高校,宮城県石巻工業高等学校
東北,宮城県,高校,宮城県水産高等学校
東北,宮城県,高校,宮城県石巻北高等学校飯野川校
東北,宮城県,高校,宮城県石巻北高等学校
東北,宮城県,高校,宮城県塩釜高等学校
東北,宮城県,高校,宮城県気仙沼向洋高等学校
東北,宮城県,高校,宮城県本吉響高等学校
東北,宮城県,高校,宮城県気仙沼高等学校
東北,宮城県,高校,宮城県白石工業高等学校
東北,宮城県,高校,宮城県白石高等学校
東北,宮城県,高校,宮城県農業高等学校
東北,宮城県,高校,宮城県名取北高等学校
東北,宮城県,高校,宮城県美田園高等学校
東北,宮城県,高校,宮城県角田高等学校
東北,宮城県,高校,宮城県多賀城高等学校
東北,宮城県,高校,宮城県貞山高等学校
東北,宮城県,高校,宮城県名取高等学校
東北,宮城県,高校,宮城県佐沼高等学校
東北,宮城県,高校,宮城県登米高等学校
東北,宮城県,高校,宮城県登米総合産業高等学校
東北,宮城県,高校,宮城県岩ヶ崎高等学校
東北,宮城県,高校,宮城県一迫商業高等学校
東北,宮城県,高校,宮城県迫桜高等学校
東北,宮城県,高校,宮城県築館高等学校
東北,宮城県,高校,宮城県築館高等学校一迫商業キャンパス
東北,宮城県,高校,宮城県石巻西高等学校
東北,宮城県,高校,宮城県東松島高等学校
東北,宮城県,高校,宮城県古川高等学校
東北,宮城県,高校,宮城県古川黎明高等学校
東北,宮城県,高校,宮城県松山高等学校
東北,宮城県,高校,宮城県古川工業高等学校
東北,宮城県,高校,宮城県岩出山高等学校
東北,宮城県,高校,宮城県鹿島台商業高等学校
東北,宮城県,高校,宮城県田尻さくら高等学校
東北,宮城県,高校,宮城県富谷高等学校
東北,宮城県,高校,宮城県蔵王高等学校
東北,宮城県,高校,宮城県白石高等学校蔵王キャンパス
東北,宮城県,高校,宮城県白石高等学校七ヶ宿校
東北,宮城県,高校,宮城県大河原産業高等学校
東北,宮城県,高校,宮城県村田高等学校
東北,宮城県,高校,宮城県柴田高等学校
東北,宮城県,高校,宮城県大河原産業高等学校川崎校
東北,宮城県,高校,宮城県伊具高等学校
東北,宮城県,高校,宮城県亘理高等学校
東北,宮城県,高校,宮城県松島高等学校
東北,宮城県,高校,宮城県利府高等学校
東北,宮城県,高校,宮城県黒川高等学校
東北,宮城県,高校,宮城県加美農業高等学校
東北,宮城県,高校,宮城県中新田高等学校
東北,宮城県,高校,宮城県涌谷高等学校
東北,宮城県,高校,宮城県小牛田農林高等学校
東北,宮城県,高校,宮城県南郷高等学校
東北,宮城県,高校,宮城県南三陸高等学校
東北,宮城県,高校,仙台市立仙台高等学校
東北,宮城県,高校,仙台市立仙台工業高等学校
東北,宮城県,高校,仙台市立仙台大志高等学校
東北,宮城県,高校,仙台市立仙台商業高等学校
東北,宮城県,高校,石巻市立桜坂高等学校
東北,宮城県,高校,宮城学院高等学校
東北,宮城県,高校,尚絅学院高等学校
東北,宮城県,高校,常盤木学園高等学校
東北,宮城県,高校,仙台大学附属明成高等学校
東北,宮城県,高校,東北高等学校
東北,宮城県,高校,聖ドミニコ学院高等学校
東北,宮城県,高校,東北学院高等学校
東北,宮城県,高校,仙台育英学園高等学校
東北,宮城県,高校,聖和学園高等学校
東北,宮城県,高校,聖ウルスラ学院英智高等学校
東北,宮城県,高校,クラークＮＥＸＴ高等学校
東北,宮城県,高校,仙台城南高等学校
東北,宮城県,高校,仙台白百合学園高等学校
東北,宮城県,高校,東北生活文化大学高等学校
東北,宮城県,高校,東北学院榴ケ岡高等学校
東北,宮城県,高校,東陵高等学校
東北,宮城県,高校,飛鳥未来きずな高等学校
東北,宮城県,高校,日本ウェルネス宮城高等学校
東北,宮城県,高校,古川学園高等学校
東北,宮城県,高校,大崎中央高等学校
東北,宮城県,高校,西山学院高等学校
東北,宮城県,中等教育学校,仙台市立仙台青陵中等教育学校
東北,秋田県,中学,秋田大学教育文化学部附属中学校
東北,秋田県,中学,秋田市立秋田東中学校
東北,秋田県,中学,秋田市立秋田南中学校
東北,秋田県,中学,秋田市立山王中学校
東北,秋田県,中学,秋田市立土崎中学校
東北,秋田県,中学,秋田市立秋田西中学校
東北,秋田県,中学,秋田市立外旭川中学校
東北,秋田県,中学,秋田市立秋田北中学校
東北,秋田県,中学,秋田市立城南中学校
東北,秋田県,中学,秋田市立城東中学校
東北,秋田県,中学,秋田市立泉中学校
東北,秋田県,中学,秋田市立将軍野中学校
東北,秋田県,中学,秋田市立御野場中学校
東北,秋田県,中学,秋田市立勝平中学校
東北,秋田県,中学,秋田市立飯島中学校
東北,秋田県,中学,秋田市立桜中学校
東北,秋田県,中学,秋田市立御所野学院中学校
東北,秋田県,中学,秋田市立勝平中学校千秋分校
東北,秋田県,高校,秋田県立秋田南高等学校中等部
東北,秋田県,中学,秋田市立岩見三内中学校
東北,秋田県,中学,秋田市立河辺中学校
東北,秋田県,中学,秋田市立雄和中学校
東北,秋田県,中学,能代市立能代第一中学校
東北,秋田県,中学,能代市立能代第二中学校
東北,秋田県,中学,能代市立東雲中学校
東北,秋田県,中学,能代市立能代南中学校
東北,秋田県,中学,能代市立能代東中学校
東北,秋田県,中学,能代市立二ツ井中学校
東北,秋田県,中学,横手市立横手南中学校
東北,秋田県,中学,横手市立横手明峰中学校
東北,秋田県,中学,横手市立横手北中学校
東北,秋田県,中学,横手市立増田中学校
東北,秋田県,中学,横手市立平鹿中学校
東北,秋田県,中学,横手市立十文字中学校
東北,秋田県,中学,秋田県立横手清陵学院中学校
東北,秋田県,中学,大館市立第一中学校
東北,秋田県,中学,大館市立下川沿中学校
東北,秋田県,中学,大館市立南中学校
東北,秋田県,中学,大館市立成章中学校
東北,秋田県,中学,大館市立東中学校
東北,秋田県,中学,秋田県立大館国際情報学院中学校
東北,秋田県,中学,大館市立北陽中学校
東北,秋田県,中学,大館市立比内中学校
東北,秋田県,中学,大館市立田代中学校
東北,秋田県,中学,男鹿市立男鹿東中学校
東北,秋田県,中学,男鹿市立男鹿南中学校
東北,秋田県,中学,湯沢市立湯沢北中学校
東北,秋田県,中学,湯沢市立湯沢南中学校
東北,秋田県,中学,湯沢市立稲川中学校
東北,秋田県,中学,湯沢市立雄勝中学校
東北,秋田県,中学,湯沢市立皆瀬中学校
東北,秋田県,中学,鹿角市立十和田中学校
東北,秋田県,中学,鹿角市立尾去沢中学校
東北,秋田県,中学,鹿角市立八幡平中学校
東北,秋田県,中学,鹿角市立花輪中学校
東北,秋田県,中学,由利本荘市立本荘南中学校
東北,秋田県,中学,由利本荘市立本荘北中学校
東北,秋田県,中学,由利本荘市立本荘東中学校
東北,秋田県,中学,由利本荘市立矢島中学校
東北,秋田県,中学,由利本荘市立岩城中学校
東北,秋田県,中学,由利本荘市立由利中学校
東北,秋田県,中学,由利本荘市立西目中学校
東北,秋田県,中学,由利本荘市立鳥海中学校
東北,秋田県,中学,由利本荘市立東由利中学校
東北,秋田県,中学,由利本荘市立大内中学校
東北,秋田県,中学,潟上市立天王中学校
東北,秋田県,中学,潟上市立天王南中学校
東北,秋田県,中学,潟上市立羽城中学校
東北,秋田県,中学,大仙市立大曲中学校
東北,秋田県,中学,大仙市立大曲西中学校
東北,秋田県,中学,大仙市立大曲南中学校
東北,秋田県,中学,大仙市立平和中学校
東北,秋田県,中学,大仙市立西仙北中学校
東北,秋田県,中学,大仙市立中仙中学校
東北,秋田県,中学,大仙市立協和中学校
東北,秋田県,中学,大仙市立南外中学校
東北,秋田県,中学,大仙市立仙北中学校
東北,秋田県,中学,大仙市立太田中学校
東北,秋田県,中学,北秋田市立鷹巣中学校
東北,秋田県,中学,北秋田市立森吉中学校
東北,秋田県,中学,北秋田市立合川中学校
東北,秋田県,中学,にかほ市立仁賀保中学校
東北,秋田県,中学,にかほ市立金浦中学校
東北,秋田県,中学,にかほ市立象潟中学校
東北,秋田県,中学,仙北市立角館中学校
東北,秋田県,中学,仙北市立生保内中学校
東北,秋田県,中学,仙北市立神代中学校
東北,秋田県,中学,仙北市立西明寺中学校
東北,秋田県,中学,仙北市立桧木内中学校
東北,秋田県,中学,小坂町立小坂中学校
東北,秋田県,中学,上小阿仁村立上小阿仁中学校
東北,秋田県,中学,三種町立三種中学校
東北,秋田県,中学,八峰町立八峰中学校
東北,秋田県,中学,五城目町立五城目第一中学校
東北,秋田県,中学,八郎潟町立八郎潟中学校
東北,秋田県,中学,大潟村立大潟中学校
東北,秋田県,中学,美郷町立美郷中学校
東北,秋田県,中学,羽後町立羽後中学校
東北,秋田県,中学,東成瀬村立東成瀬中学校
東北,秋田県,中学,聖霊女子短期大学付属中学校
東北,秋田県,高校,秋田県立秋田高等学校
東北,秋田県,高校,秋田県立秋田南高等学校
東北,秋田県,高校,秋田県立秋田北高等学校
東北,秋田県,高校,秋田県立秋田明徳館高等学校
東北,秋田県,高校,秋田県立新屋高等学校
東北,秋田県,高校,秋田県立金足農業高等学校
東北,秋田県,高校,秋田県立秋田工業高等学校
東北,秋田県,高校,秋田県立秋田中央高等学校
東北,秋田県,高校,秋田市立秋田商業高等学校
東北,秋田県,高校,秋田市立御所野学院高等学校
東北,秋田県,高校,秋田県立能代高等学校
東北,秋田県,高校,秋田県立能代松陽高等学校
東北,秋田県,高校,秋田県立能代科学技術高等学校
東北,秋田県,高校,秋田県立横手高等学校
東北,秋田県,高校,秋田県立横手城南高等学校
東北,秋田県,高校,秋田県立増田高等学校
東北,秋田県,高校,秋田県立平成高等学校
東北,秋田県,高校,秋田県立雄物川高等学校
東北,秋田県,高校,秋田県立横手清陵学院高等学校
東北,秋田県,高校,秋田県立大館国際情報学院高等学校
東北,秋田県,高校,秋田県立大館鳳鳴高等学校
東北,秋田県,高校,秋田県立大館桂桜高等学校
東北,秋田県,高校,秋田県立男鹿工業高等学校
東北,秋田県,高校,秋田県立男鹿海洋高等学校
東北,秋田県,高校,秋田県立湯沢高等学校
東北,秋田県,高校,秋田県立湯沢翔北高等学校
東北,秋田県,高校,秋田県立湯沢翔北高等学校雄勝校
東北,秋田県,高校,秋田県立鹿角高等学校
東北,秋田県,高校,秋田県立本荘高等学校
東北,秋田県,高校,秋田県立由利高等学校
東北,秋田県,高校,秋田県立矢島高等学校
東北,秋田県,高校,秋田県立西目高等学校
東北,秋田県,高校,秋田県立由利工業高等学校
東北,秋田県,高校,秋田県立秋田西高等学校
東北,秋田県,高校,秋田県立西仙北高等学校
東北,秋田県,高校,秋田県立大曲高等学校
東北,秋田県,高校,秋田県立大曲農業高等学校
東北,秋田県,高校,秋田県立大曲農業高等学校太田分校
東北,秋田県,高校,秋田県立大曲工業高等学校
東北,秋田県,高校,秋田県立秋田北鷹高等学校
東北,秋田県,高校,秋田県立仁賀保高等学校
東北,秋田県,高校,秋田県立角館高等学校
東北,秋田県,高校,秋田県立五城目高等学校
東北,秋田県,高校,秋田県立六郷高等学校
東北,秋田県,高校,秋田県立羽後高等学校
東北,秋田県,高校,聖霊女子短期大学付属高等学校
東北,秋田県,高校,国学館高等学校
東北,秋田県,高校,秋田令和高等学校
東北,秋田県,高校,ノースアジア大学明桜高等学校
東北,秋田県,高校,秋田修英高等学校
東北,山形県,中学,山形大学附属中学校
東北,山形県,中学,山形市立第一中学校
東北,山形県,中学,山形市立第二中学校
東北,山形県,中学,山形市立第三中学校
東北,山形県,中学,山形市立第四中学校
東北,山形県,中学,山形市立第五中学校
東北,山形県,中学,山形市立第六中学校
東北,山形県,中学,山形市立第七中学校
東北,山形県,中学,山形市立第八中学校
東北,山形県,中学,山形市立第九中学校
東北,山形県,中学,山形市立第十中学校
東北,山形県,中学,山形市立金井中学校
東北,山形県,中学,山形市立高楯中学校
東北,山形県,中学,山形市立山寺中学校
東北,山形県,中学,山形市立蔵王第一中学校
東北,山形県,中学,山形市立蔵王第二中学校
東北,山形県,中学,米沢市立第一中学校
東北,山形県,中学,米沢市立第七中学校
東北,山形県,中学,米沢市立南成中学校
東北,山形県,中学,米沢市立北成中学校
東北,山形県,中学,鶴岡市立鶴岡第一中学校
東北,山形県,中学,鶴岡市立鶴岡第二中学校
東北,山形県,中学,鶴岡市立鶴岡第三中学校
東北,山形県,中学,鶴岡市立鶴岡第四中学校
東北,山形県,中学,鶴岡市立鶴岡第五中学校
東北,山形県,中学,鶴岡市立豊浦中学校
東北,山形県,中学,鶴岡市立藤島中学校
東北,山形県,中学,鶴岡市立羽黒中学校
東北,山形県,中学,鶴岡市立櫛引中学校
東北,山形県,中学,鶴岡市立朝日中学校
東北,山形県,中学,鶴岡市立温海中学校
東北,山形県,中学,山形県立致道館中学校
東北,山形県,中学,酒田市立第一中学校
東北,山形県,中学,酒田市立第二中学校
東北,山形県,中学,酒田市立第三中学校
東北,山形県,中学,酒田市立第四中学校
東北,山形県,中学,酒田市立第六中学校
東北,山形県,中学,酒田市立飛島中学校
東北,山形県,中学,酒田市立鳥海八幡中学校
東北,山形県,中学,酒田市立東部中学校
東北,山形県,中学,新庄市立新庄中学校
東北,山形県,中学,新庄市立日新中学校
東北,山形県,中学,新庄市立八向中学校
東北,山形県,中学,寒河江市立陵東中学校
東北,山形県,中学,寒河江市立陵南中学校
東北,山形県,中学,寒河江市立陵西中学校
東北,山形県,中学,上山市立宮川中学校
東北,山形県,中学,上山市立南中学校
東北,山形県,中学,上山市立北中学校
東北,山形県,中学,上山市立西郷中学校
東北,山形県,中学,村山市立楯岡中学校
東北,山形県,中学,村山市立葉山中学校
東北,山形県,中学,長井市立長井南中学校
東北,山形県,中学,長井市立長井北中学校
東北,山形県,中学,天童市立第一中学校
東北,山形県,中学,天童市立第二中学校
東北,山形県,中学,天童市立第三中学校
東北,山形県,中学,天童市立第四中学校
東北,山形県,中学,東根市立第一中学校
東北,山形県,中学,東根市立第二中学校
東北,山形県,中学,東根市立第三中学校
東北,山形県,中学,東根市立大富中学校
東北,山形県,中学,東根市立神町中学校
東北,山形県,中学,山形県立東桜学館中学校
東北,山形県,中学,尾花沢市立尾花沢中学校
東北,山形県,中学,南陽市立沖郷中学校
東北,山形県,中学,南陽市立赤湯中学校
東北,山形県,中学,南陽市立宮内中学校
東北,山形県,中学,山辺町立山辺中学校
東北,山形県,中学,中山町立中山中学校
東北,山形県,中学,河北町立河北中学校
東北,山形県,中学,西川町立西川中学校
東北,山形県,中学,朝日町立朝日中学校
東北,山形県,中学,大江町立大江中学校
東北,山形県,中学,大江町立大江中学校藤田の丘分校
東北,山形県,中学,大石田町立大石田中学校
東北,山形県,中学,金山町立金山中学校
東北,山形県,中学,最上町立最上中学校
東北,山形県,中学,舟形町立舟形中学校
東北,山形県,中学,真室川町立真室川中学校
東北,山形県,中学,大蔵村立大蔵中学校
東北,山形県,中学,鮭川村立鮭川中学校
東北,山形県,中学,高畠町立高畠中学校
東北,山形県,中学,川西町立川西中学校
東北,山形県,中学,小国町立叶水中学校
東北,山形県,中学,小国町立小国中学校
東北,山形県,中学,白鷹町立白鷹中学校
東北,山形県,中学,飯豊町立飯豊中学校
東北,山形県,中学,三川町立三川中学校
東北,山形県,中学,庄内町立立川中学校
東北,山形県,中学,庄内町立余目中学校
東北,山形県,中学,遊佐町立遊佐中学校
東北,山形県,高校,山形市立商業高等学校
東北,山形県,高校,山形県立山形東高等学校
東北,山形県,高校,山形県立山形南高等学校
東北,山形県,高校,山形県立山形西高等学校
東北,山形県,高校,山形県立山形北高等学校
東北,山形県,高校,山形県立山形工業高等学校
東北,山形県,高校,山形県立山形中央高等学校
東北,山形県,高校,山形県立霞城学園高等学校
東北,山形県,高校,山形県立米沢興譲館高等学校
東北,山形県,高校,山形県立米沢東高等学校
東北,山形県,高校,山形県立米沢鶴城高等学校
東北,山形県,高校,山形県立鶴岡工業高等学校
東北,山形県,高校,山形県立加茂水産高等学校
東北,山形県,高校,山形県立庄内農業高等学校
東北,山形県,高校,山形県立鶴岡中央高等学校
東北,山形県,高校,山形県立致道館高等学校
東北,山形県,高校,山形県立酒田東高等学校
東北,山形県,高校,山形県立酒田西高等学校
東北,山形県,高校,山形県立酒田光陵高等学校
東北,山形県,高校,山形県立新庄神室産業高等学校
東北,山形県,高校,山形県立新庄志誠館高等学校
東北,山形県,高校,山形県立寒河江高等学校
東北,山形県,高校,山形県立寒河江工業高等学校
東北,山形県,高校,山形県立上山明新館高等学校
東北,山形県,高校,山形県立村山産業高等学校
東北,山形県,高校,山形県立長井高等学校
東北,山形県,高校,山形県立長井工業高等学校
東北,山形県,高校,山形県立天童高等学校
東北,山形県,高校,山形県立東桜学館高等学校
東北,山形県,高校,山形県立北村山高等学校
東北,山形県,高校,山形県立南陽高等学校
東北,山形県,高校,山形県立山辺高等学校
東北,山形県,高校,山形県立谷地高等学校
東北,山形県,高校,山形県立左沢高等学校
東北,山形県,高校,山形県立新庄神室産業高等学校金山校
東北,山形県,高校,山形県立新庄志誠館高等学校最上校
東北,山形県,高校,山形県立新庄神室産業高等学校真室川校
東北,山形県,高校,山形県立高畠高等学校
東北,山形県,高校,山形県立置賜農業高等学校
東北,山形県,高校,山形県立小国高等学校
東北,山形県,高校,山形県立荒砥高等学校
東北,山形県,高校,山形県立庄内総合高等学校
東北,山形県,高校,山形県立遊佐高等学校
東北,山形県,高校,東北文教大学山形城北高等学校
東北,山形県,高校,山形学院高等学校
東北,山形県,高校,日本大学山形高等学校
東北,山形県,高校,山形明正高等学校
東北,山形県,高校,惺山高等学校
東北,山形県,高校,東海大学山形高等学校
東北,山形県,高校,九里学園高等学校
東北,山形県,高校,米沢中央高等学校
東北,山形県,高校,羽黒高等学校
東北,山形県,高校,鶴岡東高等学校
東北,山形県,高校,和順館高等学校
東北,山形県,高校,酒田南高等学校
東北,山形県,高校,新庄東高等学校
東北,山形県,高校,創学館高等学校
東北,山形県,高校,基督教独立学園高等学校
東北,福島県,中学,福島大学附属中学校
東北,福島県,中学,福島市立福島第一中学校
東北,福島県,中学,福島市立福島第二中学校
東北,福島県,中学,福島市立福島第三中学校
東北,福島県,中学,福島市立福島第四中学校
東北,福島県,中学,福島市立岳陽中学校
東北,福島県,中学,福島市立渡利中学校
東北,福島県,中学,福島市立蓬莱中学校
東北,福島県,中学,福島市立清水中学校
東北,福島県,中学,福島市立信陵中学校
東北,福島県,中学,福島市立北信中学校
東北,福島県,中学,福島市立西信中学校
東北,福島県,中学,福島市立大鳥中学校
東北,福島県,中学,福島市立平野中学校
東北,福島県,中学,福島市立西根中学校
東北,福島県,中学,福島市立信夫中学校
東北,福島県,中学,福島市立野田中学校
東北,福島県,中学,福島市立吾妻中学校
東北,福島県,中学,福島市立飯野中学校
東北,福島県,中学,福島市立福島第四中学校天神スクール
東北,福島県,中学,会津若松市立第一中学校
東北,福島県,中学,会津若松市立第二中学校
東北,福島県,中学,会津若松市立第三中学校
東北,福島県,中学,会津若松市立第四中学校
東北,福島県,中学,会津若松市立第五中学校
東北,福島県,中学,会津若松市立第六中学校
東北,福島県,中学,会津若松市立一箕中学校
東北,福島県,中学,会津若松市立大戸中学校
東北,福島県,中学,会津若松市立北会津中学校
東北,福島県,中学,会津学鳳中学校
東北,福島県,中学,郡山市立日和田中学校
東北,福島県,中学,郡山市立行健中学校
東北,福島県,中学,郡山市立明健中学校
東北,福島県,中学,郡山市立安積中学校
東北,福島県,中学,郡山市立安積第二中学校
東北,福島県,中学,郡山市立三穂田中学校
東北,福島県,中学,郡山市立逢瀬中学校
東北,福島県,中学,郡山市立片平中学校
東北,福島県,中学,郡山市立喜久田中学校
東北,福島県,中学,郡山市立熱海中学校
東北,福島県,中学,郡山市立守山中学校
東北,福島県,中学,郡山市立高瀬中学校
東北,福島県,中学,郡山市立郡山第一中学校
東北,福島県,中学,郡山市立郡山第二中学校
東北,福島県,中学,郡山市立郡山第三中学校
東北,福島県,中学,郡山市立郡山第四中学校
東北,福島県,中学,郡山市立郡山第五中学校
東北,福島県,中学,郡山市立郡山第六中学校
東北,福島県,中学,郡山市立郡山第七中学校
東北,福島県,中学,郡山市立緑ケ丘中学校
東北,福島県,中学,郡山市立富田中学校
東北,福島県,中学,郡山市立大槻中学校
東北,福島県,中学,郡山市立小原田中学校
東北,福島県,中学,郡山市立宮城中学校
東北,福島県,中学,郡山市立御舘中学校
東北,福島県,中学,福島県立安積中学校
東北,福島県,中学,いわき市立平第一中学校
東北,福島県,中学,いわき市立平第二中学校
東北,福島県,中学,いわき市立平第三中学校
東北,福島県,中学,いわき市立中央台北中学校
東北,福島県,中学,いわき市立中央台南中学校
東北,福島県,中学,いわき市立豊間中学校
東北,福島県,中学,いわき市立藤間中学校
東北,福島県,中学,いわき市立草野中学校
東北,福島県,中学,いわき市立赤井中学校
東北,福島県,中学,いわき市立四倉中学校
東北,福島県,中学,いわき市立久之浜中学校
東北,福島県,中学,いわき市立小川中学校
東北,福島県,中学,いわき市立内郷第一中学校
東北,福島県,中学,いわき市立内郷第二中学校
東北,福島県,中学,いわき市立内郷第三中学校
東北,福島県,中学,いわき市立好間中学校
東北,福島県,中学,いわき市立三和中学校
東北,福島県,中学,いわき市立小名浜第一中学校
東北,福島県,中学,いわき市立小名浜第二中学校
東北,福島県,中学,いわき市立玉川中学校
東北,福島県,中学,いわき市立江名中学校
東北,福島県,中学,いわき市立泉中学校
東北,福島県,中学,いわき市立湯本第一中学校
東北,福島県,中学,いわき市立湯本第二中学校
東北,福島県,中学,いわき市立湯本第三中学校
東北,福島県,中学,いわき市立磐崎中学校
東北,福島県,中学,いわき市立植田中学校
東北,福島県,中学,いわき市立植田東中学校
東北,福島県,中学,いわき市立錦中学校
東北,福島県,中学,いわき市立勿来第一中学校
東北,福島県,中学,いわき市立勿来第二中学校
東北,福島県,中学,いわき市立川部中学校
東北,福島県,中学,いわき市立遠野中学校
東北,福島県,中学,いわき市立田人中学校
東北,福島県,中学,白河市立白河中央中学校
東北,福島県,中学,白河市立白河第二中学校
東北,福島県,中学,白河市立東北中学校
東北,福島県,中学,白河市立白河南中学校
東北,福島県,中学,白河市立表郷中学校
東北,福島県,中学,白河市立東中学校
東北,福島県,中学,白河市立大信中学校
東北,福島県,中学,須賀川市立第一中学校
東北,福島県,中学,須賀川市立第二中学校
東北,福島県,中学,須賀川市立第三中学校
東北,福島県,中学,須賀川市立西袋中学校
東北,福島県,中学,須賀川市立小塩江中学校
東北,福島県,中学,須賀川市立仁井田中学校
東北,福島県,中学,須賀川市立大東中学校
東北,福島県,中学,須賀川市立長沼中学校
東北,福島県,中学,須賀川市立岩瀬中学校
東北,福島県,中学,喜多方市立第一中学校
東北,福島県,中学,喜多方市立第三中学校
東北,福島県,中学,喜多方市立塩川中学校
東北,福島県,中学,喜多方市立山都中学校
東北,福島県,中学,喜多方市立高郷中学校
東北,福島県,中学,喜多方市立第二中学校
東北,福島県,中学,相馬市立中村第一中学校
東北,福島県,中学,相馬市立中村第二中学校
東北,福島県,中学,相馬市立向陽中学校
東北,福島県,中学,相馬市立磯部中学校
東北,福島県,中学,二本松市立二本松第一中学校
東北,福島県,中学,二本松市立二本松第二中学校
東北,福島県,中学,二本松市立二本松第三中学校
東北,福島県,中学,二本松市立安達中学校
東北,福島県,中学,二本松市立小浜中学校
東北,福島県,中学,二本松市立岩代中学校
東北,福島県,中学,二本松市立東和中学校
東北,福島県,中学,田村市立滝根中学校
東北,福島県,中学,田村市立大越中学校
東北,福島県,中学,田村市立都路中学校
東北,福島県,中学,田村市立常葉中学校
東北,福島県,中学,田村市立船引南中学校
東北,福島県,中学,田村市立船引中学校
東北,福島県,中学,南相馬市立原町第一中学校
東北,福島県,中学,南相馬市立原町第二中学校
東北,福島県,中学,南相馬市立原町第三中学校
東北,福島県,中学,南相馬市立石神中学校
東北,福島県,中学,南相馬市立鹿島中学校
東北,福島県,中学,南相馬市立小高中学校
東北,福島県,中学,伊達市立伊達中学校
東北,福島県,中学,伊達市立梁川中学校
東北,福島県,中学,伊達市立松陽中学校
東北,福島県,中学,伊達市立桃陵中学校
東北,福島県,中学,伊達市立霊山中学校
東北,福島県,中学,伊達市立月舘学園中学校
東北,福島県,中学,本宮市立本宮第一中学校
東北,福島県,中学,本宮市立本宮第二中学校
東北,福島県,中学,本宮市立白沢中学校
東北,福島県,中学,伊達郡桑折町立醸芳中学校
東北,福島県,中学,国見町立県北中学校
東北,福島県,中学,川俣町立川俣中学校
東北,福島県,中学,川俣町立山木屋中学校
東北,福島県,中学,大玉村立大玉中学校
東北,福島県,中学,鏡石町立鏡石中学校
東北,福島県,中学,天栄村立天栄中学校
東北,福島県,中学,南会津郡下郷町立下郷中学校
東北,福島県,中学,南会津郡檜枝岐村立檜枝岐中学校
東北,福島県,中学,南会津郡只見町立只見中学校
東北,福島県,中学,南会津郡南会津町立田島中学校
東北,福島県,中学,南会津郡南会津町立荒海中学校
東北,福島県,中学,南会津郡南会津町立舘岩中学校
東北,福島県,中学,南会津町立南会津中学校
東北,福島県,中学,北塩原村立第一中学校
東北,福島県,中学,北塩原村立裏磐梯中学校
東北,福島県,中学,耶麻郡西会津町立西会津中学校
東北,福島県,中学,耶麻郡磐梯町立磐梯中学校
東北,福島県,中学,猪苗代町立猪苗代中学校
東北,福島県,中学,会津坂下町立坂下中学校
東北,福島県,中学,河沼郡湯川村立湯川中学校
東北,福島県,中学,柳津町立会津柳津学園中学校
東北,福島県,中学,三島町立三島中学校
東北,福島県,中学,金山町立金山中学校
東北,福島県,中学,昭和村立昭和中学校
東北,福島県,中学,大沼郡会津美里町立高田中学校
東北,福島県,中学,大沼郡会津美里町立新鶴中学校
東北,福島県,中学,西白河郡西郷村立西郷第一中学校
東北,福島県,中学,西白河郡西郷村立西郷第二中学校
東北,福島県,中学,西白河郡西郷村立川谷中学校
東北,福島県,中学,西白河郡泉崎村立泉崎中学校
東北,福島県,中学,西白河郡中島村立中島中学校
東北,福島県,中学,矢吹町立矢吹中学校
東北,福島県,中学,棚倉町立棚倉中学校
東北,福島県,中学,東白川郡矢祭町立矢祭中学校
東北,福島県,中学,塙町立塙中学校
東北,福島県,中学,東白川郡鮫川村立鮫川中学校
東北,福島県,中学,石川町立石川中学校
東北,福島県,中学,玉川村立玉川中学校
東北,福島県,中学,平田村立ひらた清風中学校
東北,福島県,中学,浅川町立浅川中学校
東北,福島県,中学,古殿町立古殿中学校
東北,福島県,中学,三春町立三春中学校
東北,福島県,中学,三春町立岩江中学校
東北,福島県,中学,田村郡小野町立小野中学校
東北,福島県,中学,双葉郡広野町立広野中学校
東北,福島県,中学,福島県立ふたば未来学園中学校
東北,福島県,中学,楢葉町立楢葉中学校
東北,福島県,中学,富岡町立富岡中学校
東北,福島県,中学,双葉郡双葉町立双葉中学校
東北,福島県,中学,浪江町立なみえ創成中学校
東北,福島県,中学,葛尾村立葛尾中学校
東北,福島県,中学,相馬郡新地町立尚英中学校
東北,福島県,中学,桜の聖母学院中学校
東北,福島県,中学,福島成蹊中学校
東北,福島県,中学,会津若松ザベリオ学園中学校
東北,福島県,中学,郡山ザベリオ学園中学校
東北,福島県,中学,東日本国際大学附属昌平中学校
東北,福島県,中学,磐城緑蔭中学校
東北,福島県,中学,いわき秀英中学校
東北,福島県,中学,石川義塾中学校
東北,福島県,高校,福島県立福島高等学校
東北,福島県,高校,福島県立橘高等学校
東北,福島県,高校,福島県立福島商業高等学校
東北,福島県,高校,福島県立福島明成高等学校
東北,福島県,高校,福島県立福島工業高等学校
東北,福島県,高校,福島県立福島西高等学校
東北,福島県,高校,福島県立福島北高等学校
東北,福島県,高校,福島県立福島東高等学校
東北,福島県,高校,福島県立福島南高等学校
東北,福島県,高校,福島県立ふくしま新世高等学校
東北,福島県,高校,福島県立いわき商業情報高等学校
東北,福島県,高校,福島県立会津高等学校
東北,福島県,高校,福島県立葵高等学校
東北,福島県,高校,福島県立会津学鳳高等学校
東北,福島県,高校,福島県立若松商業高等学校
東北,福島県,高校,福島県立会津工業高等学校
東北,福島県,高校,福島県立会津第二高等学校
東北,福島県,高校,福島県立安積高等学校
東北,福島県,高校,福島県立安積黎明高等学校
東北,福島県,高校,福島県立郡山東高等学校
東北,福島県,高校,福島県立郡山商業高等学校
東北,福島県,高校,福島県立郡山北工業高等学校
東北,福島県,高校,福島県立郡山高等学校
東北,福島県,高校,福島県立あさか開成高等学校
東北,福島県,高校,福島県立湖南高等学校
東北,福島県,高校,福島県立郡山萌世高等学校
東北,福島県,高校,福島県立磐城高等学校
東北,福島県,高校,福島県立磐城桜が丘高等学校
東北,福島県,高校,福島県立平工業高等学校
東北,福島県,高校,福島県立いわき総合高等学校
東北,福島県,高校,福島県立磐城農業高等学校
東北,福島県,高校,福島県立勿来高等学校
東北,福島県,高校,福島県立勿来工業高等学校
東北,福島県,高校,福島県立小名浜海星高等学校
東北,福島県,高校,福島県立いわき湯本高等学校
東北,福島県,高校,福島県立いわき光洋高等学校
東北,福島県,高校,福島県立いわき翠の杜高等学校
東北,福島県,高校,福島県立白河高等学校
東北,福島県,高校,福島県立白河旭高等学校
東北,福島県,高校,福島県立白河実業高等学校
東北,福島県,高校,福島県立白河第二高等学校
東北,福島県,高校,福島県立須賀川桐陽高等学校
東北,福島県,高校,福島県立清陵情報高等学校
東北,福島県,高校,福島県立須賀川創英館高等学校
東北,福島県,高校,福島県立喜多方桐桜高等学校
東北,福島県,高校,福島県立喜多方高等学校
東北,福島県,高校,福島県立相馬高等学校
東北,福島県,高校,福島県立相馬総合高等学校
東北,福島県,高校,福島県立安達高等学校
東北,福島県,高校,福島県立二本松実業高等学校
東北,福島県,高校,福島県立あぶくま柏鵬高等学校
東北,福島県,高校,福島県立原町高等学校
東北,福島県,高校,福島県立相馬農業高等学校
東北,福島県,高校,福島県立小高産業技術高等学校
東北,福島県,高校,福島県立伊達高等学校
東北,福島県,高校,福島県立本宮高等学校
東北,福島県,高校,福島県立川俣高等学校
東北,福島県,高校,福島県立岩瀬農業高等学校
東北,福島県,高校,福島県立只見高等学校
東北,福島県,高校,福島県立南会津高等学校
東北,福島県,高校,福島県立西会津高等学校
東北,福島県,高校,福島県立猪苗代高等学校
東北,福島県,高校,福島県立会津農林高等学校
東北,福島県,高校,福島県立川口高等学校
東北,福島県,高校,福島県立会津西陵高等学校
東北,福島県,高校,福島県立光南高等学校
東北,福島県,高校,福島県立修明高等学校
東北,福島県,高校,福島県立石川高等学校
東北,福島県,高校,福島県立田村高等学校
東北,福島県,高校,ふたば未来学園高等学校
東北,福島県,高校,福島県立富岡高等学校
東北,福島県,高校,福島県立双葉翔陽高等学校
東北,福島県,高校,福島県立双葉高等学校
東北,福島県,高校,福島県立浪江高等学校
東北,福島県,高校,福島県立浪江高等学校津島校
東北,福島県,高校,学校法人松韻学園福島高等学校
東北,福島県,高校,福島成蹊高等学校
東北,福島県,高校,桜の聖母学院高等学校
東北,福島県,高校,福島東稜高等学校
東北,福島県,#N/A,学校法人福島南高等学園
東北,福島県,高校,会津北嶺高等学校
東北,福島県,高校,会津若松ザベリオ学園高等学校
東北,福島県,高校,学校法人温知会仁愛高等学校
東北,福島県,高校,帝京安積高等学校
東北,福島県,高校,日本大学東北高等学校
東北,福島県,高校,学校法人尚志学園尚志高等学校
東北,福島県,高校,郡山女子大学附属高等学校
東北,福島県,高校,学校法人山﨑学園福島県磐城第一高等学校
東北,福島県,高校,学校法人山﨑学園磐城緑蔭高等学校
東北,福島県,高校,東日本国際大学附属昌平高等学校
東北,福島県,高校,いわき秀英高等学校
東北,福島県,高校,聖光学院高等学校
東北,福島県,高校,学校法人石川高等学校
東北,福島県,高校,大智学園高等学校
関東,茨城県,中学,茨城大学教育学部附属中学校
関東,茨城県,中学,水戸市立第一中学校
関東,茨城県,中学,水戸市立第二中学校
関東,茨城県,中学,水戸市立第三中学校
関東,茨城県,中学,水戸市立第四中学校
関東,茨城県,中学,水戸市立第五中学校
関東,茨城県,中学,水戸市立緑岡中学校
関東,茨城県,中学,水戸市立飯富中学校
関東,茨城県,中学,水戸市立赤塚中学校
関東,茨城県,中学,水戸市立見川中学校
関東,茨城県,中学,水戸市立双葉台中学校
関東,茨城県,中学,水戸市立笠原中学校
関東,茨城県,中学,水戸市立石川中学校
関東,茨城県,中学,水戸市立千波中学校
関東,茨城県,中学,水戸市立常澄中学校
関東,茨城県,中学,水戸市立内原中学校
関東,茨城県,中学,茨城県立水戸第一高等学校附属中学校
関東,茨城県,中学,日立市立助川中学校
関東,茨城県,中学,日立市立駒王中学校
関東,茨城県,中学,日立市立多賀中学校
関東,茨城県,中学,日立市立大久保中学校
関東,茨城県,中学,日立市立泉丘中学校
関東,茨城県,中学,日立市立日高中学校
関東,茨城県,中学,日立市立豊浦中学校
関東,茨城県,中学,日立市立河原子中学校
関東,茨城県,中学,日立市立台原中学校
関東,茨城県,中学,日立市立滑川中学校
関東,茨城県,中学,日立市立十王中学校
関東,茨城県,中学,日立市立松風中学校
関東,茨城県,中学,茨城県立日立第一高等学校附属中学校
関東,茨城県,中学,土浦市立土浦第一中学校
関東,茨城県,中学,土浦市立土浦第二中学校
関東,茨城県,中学,土浦市立土浦第三中学校
関東,茨城県,中学,土浦市立土浦第四中学校
関東,茨城県,中学,土浦市立土浦第五中学校
関東,茨城県,中学,土浦市立土浦第六中学校
関東,茨城県,中学,土浦市立都和中学校
関東,茨城県,中学,茨城県立土浦第一高等学校附属中学校
関東,茨城県,中学,古河市立古河第一中学校
関東,茨城県,中学,古河市立古河第二中学校
関東,茨城県,中学,古河市立古河第三中学校
関東,茨城県,中学,古河市立総和中学校
関東,茨城県,中学,古河市立総和北中学校
関東,茨城県,中学,古河市立総和南中学校
関東,茨城県,中学,古河市立三和中学校
関東,茨城県,中学,古河市立三和北中学校
関東,茨城県,中学,古河市立三和東中学校
関東,茨城県,中学,石岡市立石岡中学校
関東,茨城県,中学,石岡市立府中中学校
関東,茨城県,中学,石岡市立国府中学校
関東,茨城県,中学,石岡市立園部中学校
関東,茨城県,中学,石岡市立八郷中学校
関東,茨城県,中学,結城市立結城中学校
関東,茨城県,中学,結城市立結城南中学校
関東,茨城県,中学,結城市立結城東中学校
関東,茨城県,中学,龍ケ崎市立長山中学校
関東,茨城県,中学,龍ケ崎市立城西中学校
関東,茨城県,中学,龍ケ崎市立中根台中学校
関東,茨城県,中学,龍ケ崎市立城ノ内中学校
関東,茨城県,中学,龍ケ崎市立龍ケ崎中学校
関東,茨城県,中学,茨城県立竜ヶ崎第一高等学校附属中学校
関東,茨城県,中学,下妻市立下妻中学校
関東,茨城県,中学,下妻市立東部中学校
関東,茨城県,中学,下妻市立千代川中学校
関東,茨城県,中学,茨城県立下妻第一高等学校附属中学校
関東,茨城県,中学,常総市立水海道中学校
関東,茨城県,中学,常総市立水海道西中学校
関東,茨城県,中学,常総市立石下中学校
関東,茨城県,中学,常総市立石下西中学校
関東,茨城県,中学,茨城県立水海道第一高等学校附属中学校
関東,茨城県,中学,常陸太田市立太田中学校
関東,茨城県,中学,常陸太田市立世矢中学校
関東,茨城県,中学,常陸太田市立峰山中学校
関東,茨城県,中学,常陸太田市立瑞竜中学校
関東,茨城県,中学,常陸太田市立金砂郷中学校
関東,茨城県,中学,常陸太田市立水府中学校
関東,茨城県,中学,常陸太田市立里美中学校
関東,茨城県,中学,茨城県立太田第一高等学校附属中学校
関東,茨城県,中学,高萩市立高萩中学校
関東,茨城県,中学,高萩市立松岡中学校
関東,茨城県,中学,高萩市立秋山中学校
関東,茨城県,中学,北茨城市立中郷中学校
関東,茨城県,中学,北茨城市立磯原中学校
関東,茨城県,中学,北茨城市立常北中学校
関東,茨城県,中学,北茨城市立関本中学校
関東,茨城県,中学,笠間市立笠間中学校
関東,茨城県,中学,笠間市立稲田中学校
関東,茨城県,中学,笠間市立友部中学校
関東,茨城県,中学,笠間市立友部第二中学校
関東,茨城県,中学,笠間市立岩間中学校
関東,茨城県,中学,取手市立取手第一中学校
関東,茨城県,中学,取手市立取手第二中学校
関東,茨城県,中学,取手市立永山中学校
関東,茨城県,中学,取手市立戸頭中学校
関東,茨城県,中学,取手市立藤代中学校
関東,茨城県,中学,取手市立藤代南中学校
関東,茨城県,中学,牛久市立牛久第一中学校
関東,茨城県,中学,牛久市立牛久第三中学校
関東,茨城県,中学,牛久市立下根中学校
関東,茨城県,中学,牛久市立牛久南中学校
関東,茨城県,中学,牛久市立ひたち野うしく中学校
関東,茨城県,中学,つくば市立茎崎中学校
関東,茨城県,中学,つくば市立高崎中学校
関東,茨城県,中学,つくば市立桜中学校
関東,茨城県,中学,つくば市立竹園東中学校
関東,茨城県,中学,つくば市立並木中学校
関東,茨城県,中学,つくば市立吾妻中学校
関東,茨城県,中学,つくば市立谷田部中学校
関東,茨城県,中学,つくば市立高山中学校
関東,茨城県,中学,つくば市立手代木中学校
関東,茨城県,中学,つくば市立谷田部東中学校
関東,茨城県,中学,つくば市立豊里中学校
関東,茨城県,中学,つくば市立大穂中学校
関東,茨城県,中学,つくば市立研究学園中学校
関東,茨城県,中学,つくば市立みどりの南中学校
関東,茨城県,中学,ひたちなか市立那珂湊中学校
関東,茨城県,中学,ひたちなか市立勝田第一中学校
関東,茨城県,中学,ひたちなか市立勝田第二中学校
関東,茨城県,中学,ひたちなか市立勝田第三中学校
関東,茨城県,中学,ひたちなか市立佐野中学校
関東,茨城県,中学,ひたちなか市立大島中学校
関東,茨城県,中学,ひたちなか市立田彦中学校
関東,茨城県,中学,鹿嶋市立大野中学校
関東,茨城県,中学,鹿嶋市立鹿島中学校
関東,茨城県,中学,鹿嶋市立高松中学校
関東,茨城県,中学,鹿嶋市立鹿野中学校
関東,茨城県,中学,鹿嶋市立平井中学校
関東,茨城県,中学,茨城県立鹿島高等学校附属中学校
関東,茨城県,中学,潮来市立潮来第一中学校
関東,茨城県,中学,潮来市立潮来第二中学校
関東,茨城県,中学,潮来市立日の出中学校
関東,茨城県,中学,守谷市立守谷中学校
関東,茨城県,中学,守谷市立愛宕中学校
関東,茨城県,中学,守谷市立御所ケ丘中学校
関東,茨城県,中学,守谷市立けやき台中学校
関東,茨城県,中学,常陸大宮市立大宮中学校
関東,茨城県,中学,常陸大宮市立第二中学校
関東,茨城県,中学,常陸大宮市立山方中学校
関東,茨城県,中学,常陸大宮市立明峰中学校
関東,茨城県,中学,那珂市立第一中学校
関東,茨城県,中学,那珂市立第二中学校
関東,茨城県,中学,那珂市立第三中学校
関東,茨城県,中学,那珂市立第四中学校
関東,茨城県,中学,那珂市立瓜連中学校
関東,茨城県,中学,筑西市立下館中学校
関東,茨城県,中学,筑西市立下館南中学校
関東,茨城県,中学,筑西市立下館西中学校
関東,茨城県,中学,筑西市立関城中学校
関東,茨城県,中学,筑西市立協和中学校
関東,茨城県,中学,茨城県立下館第一高等学校附属中学校
関東,茨城県,中学,坂東市立東中学校
関東,茨城県,中学,坂東市立岩井中学校
関東,茨城県,中学,坂東市立南中学校
関東,茨城県,中学,坂東市立猿島中学校
関東,茨城県,中学,稲敷市立江戸崎中学校
関東,茨城県,中学,稲敷市立新利根中学校
関東,茨城県,中学,稲敷市立桜川中学校
関東,茨城県,中学,稲敷市立東中学校
関東,茨城県,中学,かすみがうら市立霞ヶ浦中学校
関東,茨城県,中学,かすみがうら市立下稲吉中学校
関東,茨城県,中学,桜川市立岩瀬西中学校
関東,茨城県,中学,桜川市立岩瀬東中学校
関東,茨城県,中学,桜川市立大和中学校
関東,茨城県,中学,神栖市立神栖第一中学校
関東,茨城県,中学,神栖市立神栖第二中学校
関東,茨城県,中学,神栖市立神栖第三中学校
関東,茨城県,中学,神栖市立神栖第四中学校
関東,茨城県,中学,神栖市立波崎第一中学校
関東,茨城県,中学,神栖市立波崎第二中学校
関東,茨城県,中学,神栖市立波崎第三中学校
関東,茨城県,中学,神栖市立波崎第四中学校
関東,茨城県,中学,行方市立麻生中学校
関東,茨城県,中学,行方市立北浦中学校
関東,茨城県,中学,行方市立玉造中学校
関東,茨城県,中学,鉾田市立旭中学校
関東,茨城県,中学,鉾田市立鉾田南中学校
関東,茨城県,中学,鉾田市立鉾田北中学校
関東,茨城県,中学,鉾田市立大洋中学校
関東,茨城県,中学,茨城県立鉾田第一高等学校附属中学校
関東,茨城県,中学,つくばみらい市立伊奈中学校
関東,茨城県,中学,つくばみらい市立伊奈東中学校
関東,茨城県,中学,つくばみらい市立谷和原中学校
関東,茨城県,中学,つくばみらい市立小絹中学校
関東,茨城県,中学,小美玉市立小川南中学校
関東,茨城県,中学,小美玉市立美野里中学校
関東,茨城県,中学,茨城町立明光中学校
関東,茨城県,中学,茨城町立青葉中学校
関東,茨城県,中学,大洗町立第一中学校
関東,茨城県,中学,大洗町立南中学校
関東,茨城県,中学,城里町立常北中学校
関東,茨城県,中学,城里町立桂中学校
関東,茨城県,中学,東海村立東海中学校
関東,茨城県,中学,東海村立東海南中学校
関東,茨城県,中学,大子町立大子中学校
関東,茨城県,中学,美浦村立美浦中学校
関東,茨城県,中学,阿見町立阿見中学校
関東,茨城県,中学,阿見町立朝日中学校
関東,茨城県,中学,阿見町立竹来中学校
関東,茨城県,中学,八千代町立八千代第一中学校
関東,茨城県,中学,八千代町立東中学校
関東,茨城県,中学,五霞町立五霞中学校
関東,茨城県,中学,境町立境第一中学校
関東,茨城県,中学,境町立境第二中学校
関東,茨城県,中学,利根町立利根中学校
関東,茨城県,中学,茨城中学校
関東,茨城県,中学,水戸英宏中学校
関東,茨城県,中学,茨城キリスト教学園中学校
関東,茨城県,中学,常総学院中学校
関東,茨城県,中学,青丘学院つくば中学校
関東,茨城県,中学,聖徳大学附属取手聖徳女子中学校
関東,茨城県,中学,江戸川学園取手中学校
関東,茨城県,中学,東洋大学附属牛久中学校
関東,茨城県,中学,学校法人茗溪学園茗溪学園中学校
関東,茨城県,中学,学校法人清真学園清真学園中学校
関東,茨城県,#N/A,青葉台中等学部
関東,茨城県,中学,霞ヶ浦高等学校附属中学校
関東,茨城県,高校,茨城県立水戸第一高等学校
関東,茨城県,高校,茨城県立水戸第二高等学校
関東,茨城県,高校,茨城県立水戸第三高等学校
関東,茨城県,高校,茨城県立緑岡高等学校
関東,茨城県,高校,茨城県立水戸工業高等学校
関東,茨城県,高校,茨城県立水戸商業高等学校
関東,茨城県,高校,茨城県立水戸南高等学校
関東,茨城県,高校,茨城県立水戸桜ノ牧高等学校
関東,茨城県,高校,茨城県立日立第一高等学校
関東,茨城県,高校,茨城県立日立第二高等学校
関東,茨城県,高校,茨城県立日立工業高等学校
関東,茨城県,高校,茨城県立多賀高等学校
関東,茨城県,高校,茨城県立日立商業高等学校
関東,茨城県,高校,茨城県立日立北高等学校
関東,茨城県,高校,茨城県立土浦第一高等学校
関東,茨城県,高校,茨城県立土浦第二高等学校
関東,茨城県,高校,茨城県立土浦第三高等学校
関東,茨城県,高校,茨城県立土浦工業高等学校
関東,茨城県,高校,茨城県立土浦湖北高等学校
関東,茨城県,高校,茨城県立古河第一高等学校
関東,茨城県,高校,茨城県立古河第二高等学校
関東,茨城県,高校,茨城県立古河第三高等学校
関東,茨城県,高校,茨城県立総和工業高等学校
関東,茨城県,高校,茨城県立三和高等学校
関東,茨城県,高校,茨城県立石岡第一高等学校
関東,茨城県,高校,茨城県立石岡第二高等学校
関東,茨城県,高校,茨城県立石岡商業高等学校
関東,茨城県,高校,茨城県立結城第一高等学校
関東,茨城県,高校,茨城県立結城第二高等学校
関東,茨城県,高校,茨城県立鬼怒商業高等学校
関東,茨城県,高校,茨城県立竜ヶ崎第一高等学校
関東,茨城県,高校,茨城県立竜ヶ崎第二高等学校
関東,茨城県,高校,茨城県立竜ヶ崎南高等学校
関東,茨城県,高校,茨城県立下妻第一高等学校
関東,茨城県,高校,茨城県立下妻第二高等学校
関東,茨城県,高校,茨城県立石下紫峰高等学校
関東,茨城県,高校,茨城県立水海道第一高等学校
関東,茨城県,高校,茨城県立水海道第二高等学校
関東,茨城県,高校,茨城県立太田第一高等学校
関東,茨城県,高校,茨城県立太田西山高等学校
関東,茨城県,高校,茨城県立高萩高等学校
関東,茨城県,高校,茨城県立高萩清松高等学校
関東,茨城県,高校,茨城県立磯原郷英高等学校
関東,茨城県,高校,茨城県立笠間高等学校
関東,茨城県,高校,茨城県立ＩＴ未来高等学校
関東,茨城県,高校,茨城県立取手第一高等学校
関東,茨城県,高校,茨城県立取手第二高等学校
関東,茨城県,高校,茨城県立取手松陽高等学校
関東,茨城県,高校,茨城県立藤代高等学校
関東,茨城県,高校,茨城県立藤代紫水高等学校
関東,茨城県,高校,茨城県立牛久高等学校
関東,茨城県,高校,茨城県立牛久栄進高等学校
関東,茨城県,高校,茨城県立筑波高等学校
関東,茨城県,高校,茨城県立竹園高等学校
関東,茨城県,高校,茨城県立茎崎高等学校
関東,茨城県,高校,茨城県立つくばサイエンス高等学校
関東,茨城県,高校,茨城県立勝田工業高等学校
関東,茨城県,高校,茨城県立佐和高等学校
関東,茨城県,高校,茨城県立那珂湊高等学校
関東,茨城県,高校,茨城県立海洋高等学校
関東,茨城県,高校,茨城県立鹿島高等学校
関東,茨城県,高校,茨城県立鹿島灘高等学校
関東,茨城県,高校,茨城県立潮来高等学校
関東,茨城県,高校,茨城県立守谷高等学校
関東,茨城県,高校,茨城県立小瀬高等学校
関東,茨城県,高校,茨城県立常陸大宮高等学校
関東,茨城県,高校,茨城県立水戸農業高等学校
関東,茨城県,高校,茨城県立那珂高等学校
関東,茨城県,高校,茨城県立下館第一高等学校
関東,茨城県,高校,茨城県立下館第二高等学校
関東,茨城県,高校,茨城県立下館工業高等学校
関東,茨城県,高校,茨城県立明野高等学校
関東,茨城県,高校,茨城県立坂東清風高等学校
関東,茨城県,高校,茨城県立江戸崎総合高等学校
関東,茨城県,高校,茨城県立岩瀬高等学校
関東,茨城県,高校,茨城県立真壁高等学校
関東,茨城県,高校,茨城県立神栖高等学校
関東,茨城県,高校,茨城県立波崎高等学校
関東,茨城県,高校,茨城県立波崎柳川高等学校
関東,茨城県,高校,茨城県立玉造工業高等学校
関東,茨城県,高校,茨城県立麻生高等学校
関東,茨城県,高校,茨城県立鉾田第一高等学校
関東,茨城県,高校,茨城県立鉾田第二高等学校
関東,茨城県,高校,茨城県立伊奈高等学校
関東,茨城県,高校,茨城県立中央高等学校
関東,茨城県,高校,茨城県立茨城東高等学校
関東,茨城県,高校,茨城県立大洗高等学校
関東,茨城県,高校,茨城県立水戸桜ノ牧高等学校常北校
関東,茨城県,高校,茨城県立東海高等学校
関東,茨城県,高校,茨城県立大子清流高等学校
関東,茨城県,高校,茨城県立八千代高等学校
関東,茨城県,高校,茨城県立境高等学校
関東,茨城県,高校,茨城高等学校
関東,茨城県,高校,常磐大学高等学校
関東,茨城県,高校,大成女子高等学校
関東,茨城県,高校,水戸女子高等学校
関東,茨城県,高校,水戸啓明高等学校
関東,茨城県,高校,水城高等学校
関東,茨城県,高校,学校法人田中学園水戸葵陵高等学校
関東,茨城県,高校,水戸平成学園高等学校
関東,茨城県,高校,EIKOデジタル・クリエイティブ高等学校
関東,茨城県,高校,飛鳥未来きぼう高等学校
関東,茨城県,高校,明秀学園日立高等学校
関東,茨城県,高校,茨城キリスト教学園高等学校
関東,茨城県,高校,翔洋学園高等学校
関東,茨城県,高校,学校法人土浦日本大学学園土浦日本大学高等学校
関東,茨城県,高校,つくば国際大学高等学校
関東,茨城県,高校,常総学院高等学校
関東,茨城県,高校,晃陽学園高等学校
関東,茨城県,高校,青丘学院つくば高等学校
関東,茨城県,高校,愛国学園大学附属龍ケ崎高等学校
関東,茨城県,高校,わせがくPURE高等学校
関東,茨城県,高校,第一学院高等学校高萩校
関東,茨城県,高校,日本ウェルネス高等学校
関東,茨城県,高校,学校法人江戸川学園江戸川取手高等学校
関東,茨城県,高校,聖徳大学附属取手聖徳女子高等学校
関東,茨城県,高校,学校法人東洋大学東洋大学附属牛久高等学校
関東,茨城県,高校,つくば開成高等学校
関東,茨城県,高校,学校法人茗溪学園茗溪学園高等学校
関東,茨城県,高校,学校法人温習塾つくば秀英高等学校
関東,茨城県,高校,Ｓ高等学校
関東,茨城県,高校,学校法人清真学園清真学園高等学校
関東,茨城県,高校,鹿島学園高等学校
関東,茨城県,高校,四谷学院高等学校
関東,茨城県,高校,つくば国際大学東風高等学校
関東,茨城県,高校,岩瀬日本大学高等学校
関東,茨城県,高校,ルネサンス高等学校
関東,茨城県,高校,霞ヶ浦高等学校
関東,茨城県,中等教育学校,茨城県立古河中等教育学校
関東,茨城県,中等教育学校,茨城県立並木中等教育学校
関東,茨城県,中等教育学校,茨城県立勝田中等教育学校
関東,茨城県,中等教育学校,智学館中等教育学校
関東,茨城県,中等教育学校,土浦日本大学中等教育学校
関東,茨城県,中等教育学校,開智望中等教育学校
関東,栃木県,中学,宇都宮大学共同教育学部附属中学校
関東,栃木県,中学,宇都宮市立一条中学校
関東,栃木県,中学,宇都宮市立陽北中学校
関東,栃木県,中学,宇都宮市立旭中学校
関東,栃木県,中学,宇都宮市立陽南中学校
関東,栃木県,中学,宇都宮市立陽西中学校
関東,栃木県,中学,宇都宮市立星が丘中学校
関東,栃木県,中学,宇都宮市立陽東中学校
関東,栃木県,中学,宇都宮市立泉が丘中学校
関東,栃木県,中学,宇都宮市立宮の原中学校
関東,栃木県,中学,宇都宮市立清原中学校
関東,栃木県,中学,宇都宮市立横川中学校
関東,栃木県,中学,宇都宮市立瑞穂野中学校
関東,栃木県,中学,宇都宮市立豊郷中学校
関東,栃木県,中学,宇都宮市立国本中学校
関東,栃木県,中学,宇都宮市立城山中学校
関東,栃木県,中学,宇都宮市立姿川中学校
関東,栃木県,中学,宇都宮市立雀宮中学校
関東,栃木県,中学,宇都宮市立晃陽中学校
関東,栃木県,中学,宇都宮市立鬼怒中学校
関東,栃木県,中学,宇都宮市立宝木中学校
関東,栃木県,中学,宇都宮市立若松原中学校
関東,栃木県,中学,足利市立第一中学校
関東,栃木県,中学,足利市立第二中学校
関東,栃木県,中学,足利市立第三中学校
関東,栃木県,中学,足利市立毛野中学校
関東,栃木県,中学,足利市立山辺中学校
関東,栃木県,中学,足利市立西中学校
関東,栃木県,中学,足利市立富田中学校
関東,栃木県,中学,足利市立協和中学校
関東,栃木県,中学,足利市立愛宕台中学校
関東,栃木県,中学,足利市立坂西中学校
関東,栃木県,中学,足利市立北中学校
関東,栃木県,中学,栃木市立栃木東中学校
関東,栃木県,中学,栃木市立栃木西中学校
関東,栃木県,中学,栃木市立栃木南中学校
関東,栃木県,中学,栃木市立東陽中学校
関東,栃木県,中学,佐野市立城東中学校
関東,栃木県,中学,佐野市立西中学校
関東,栃木県,中学,佐野市立南中学校
関東,栃木県,中学,佐野市立北中学校
関東,栃木県,中学,佐野市立赤見中学校
関東,栃木県,中学,鹿沼市立東中学校
関東,栃木県,中学,鹿沼市立西中学校
関東,栃木県,中学,鹿沼市立北中学校
関東,栃木県,中学,鹿沼市立北犬飼中学校
関東,栃木県,中学,鹿沼市立北押原中学校
関東,栃木県,中学,鹿沼市立加蘇中学校
関東,栃木県,中学,鹿沼市立板荷中学校
関東,栃木県,中学,鹿沼市立南摩中学校
関東,栃木県,中学,鹿沼市立南押原中学校
関東,栃木県,中学,日光市立日光中学校
関東,栃木県,中学,日光市立中宮祠中学校
関東,栃木県,中学,日光市立今市中学校
関東,栃木県,中学,日光市立落合中学校
関東,栃木県,中学,日光市立豊岡中学校
関東,栃木県,中学,日光市立大沢中学校
関東,栃木県,中学,日光市立小林中学校
関東,栃木県,中学,日光市立東原中学校
関東,栃木県,中学,小山市立小山中学校
関東,栃木県,中学,小山市立小山第二中学校
関東,栃木県,中学,小山市立大谷中学校
関東,栃木県,中学,小山市立間々田中学校
関東,栃木県,中学,小山市立豊田中学校
関東,栃木県,中学,小山市立美田中学校
関東,栃木県,中学,小山市立桑中学校
関東,栃木県,中学,小山市立小山第三中学校
関東,栃木県,中学,小山市立小山城南中学校
関東,栃木県,中学,小山市立乙女中学校
関東,栃木県,中学,真岡市立真岡中学校
関東,栃木県,中学,真岡市立大内中学校
関東,栃木県,中学,真岡市立山前中学校
関東,栃木県,中学,真岡市立中村中学校
関東,栃木県,中学,真岡市立真岡東中学校
関東,栃木県,中学,真岡市立真岡西中学校
関東,栃木県,中学,大田原市立大田原中学校
関東,栃木県,中学,大田原市立親園中学校
関東,栃木県,中学,大田原市立金田北中学校
関東,栃木県,中学,大田原市立金田南中学校
関東,栃木県,中学,大田原市立野崎中学校
関東,栃木県,中学,大田原市立若草中学校
関東,栃木県,中学,大田原市立金田南中学校北金丸分校
関東,栃木県,中学,矢板市立矢板中学校
関東,栃木県,中学,矢板市立片岡中学校
関東,栃木県,中学,矢板市立矢板中学校沢分校
関東,栃木県,中学,上三川町立本郷中学校
関東,栃木県,中学,上三川町立上三川中学校
関東,栃木県,中学,上三川町立明治中学校
関東,栃木県,中学,下野市立南河内第二中学校
関東,栃木県,中学,宇都宮市立上河内中学校
関東,栃木県,中学,宇都宮市立古里中学校
関東,栃木県,中学,宇都宮市立田原中学校
関東,栃木県,中学,宇都宮市立河内中学校
関東,栃木県,中学,栃木市立西方中学校
関東,栃木県,中学,鹿沼市立粟野中学校
関東,栃木県,中学,日光市立足尾中学校
関東,栃木県,中学,真岡市立長沼中学校
関東,栃木県,中学,真岡市立久下田中学校
関東,栃木県,中学,真岡市立物部中学校
関東,栃木県,中学,益子町立田野中学校
関東,栃木県,中学,益子町立益子中学校
関東,栃木県,中学,益子町立七井中学校
関東,栃木県,中学,茂木町立茂木中学校
関東,栃木県,中学,市貝町立市貝中学校
関東,栃木県,中学,芳賀町立芳賀中学校
関東,栃木県,中学,壬生町立南犬飼中学校
関東,栃木県,中学,壬生町立壬生中学校
関東,栃木県,中学,下野市立石橋中学校
関東,栃木県,中学,下野市立国分寺中学校
関東,栃木県,中学,野木町立野木中学校
関東,栃木県,中学,野木町立野木第二中学校
関東,栃木県,中学,栃木市立大平中学校
関東,栃木県,中学,栃木市立大平南中学校
関東,栃木県,中学,栃木市立岩舟中学校
関東,栃木県,中学,栃木市立都賀中学校
関東,栃木県,中学,日光市立湯西川中学校
関東,栃木県,中学,日光市立藤原中学校
関東,栃木県,中学,日光市立三依中学校
関東,栃木県,中学,塩谷町立塩谷中学校
関東,栃木県,中学,さくら市立氏家中学校
関東,栃木県,中学,高根沢町立阿久津中学校
関東,栃木県,中学,高根沢町立北高根沢中学校
関東,栃木県,中学,さくら市立喜連川中学校
関東,栃木県,中学,那須烏山市立烏山中学校
関東,栃木県,中学,那珂川町立馬頭中学校
関東,栃木県,中学,那珂川町立小川中学校
関東,栃木県,中学,大田原市立湯津上中学校
関東,栃木県,中学,大田原市立黒羽中学校
関東,栃木県,中学,那須塩原市立黒磯中学校
関東,栃木県,中学,那須塩原市立東那須野中学校
関東,栃木県,中学,那須塩原市立高林中学校
関東,栃木県,中学,那須塩原市立日新中学校
関東,栃木県,中学,那須塩原市立厚崎中学校
関東,栃木県,中学,那須塩原市立黒磯北中学校
関東,栃木県,中学,那須塩原市立三島中学校
関東,栃木県,中学,那須塩原市立西那須野中学校
関東,栃木県,中学,佐野市立田沼東中学校
関東,栃木県,中学,那須烏山市立南那須中学校
関東,栃木県,中学,那須町立那須中学校
関東,栃木県,中学,栃木県立宇都宮東高等学校附属中学校
関東,栃木県,中学,栃木県立佐野高等学校附属中学校
関東,栃木県,中学,栃木県立矢板東高等学校附属中学校
関東,栃木県,中学,那須町立那須中央中学校
関東,栃木県,中学,栃木市立藤岡中学校
関東,栃木県,#N/A,栃木県立とちぎ学びの夢学園
関東,栃木県,中学,栃木市立栃木北中学校
関東,栃木県,#N/A,作新学院中等部
関東,栃木県,中学,白鴎大学足利中学校
関東,栃木県,中学,宇都宮短期大学附属中学校
関東,栃木県,中学,國學院大學栃木中学校
関東,栃木県,中学,文星芸術大学附属中学校
関東,栃木県,中学,幸福の科学学園中学校
関東,栃木県,中学,星の杜中学校
関東,栃木県,高校,栃木県立宇都宮高等学校
関東,栃木県,高校,栃木県立宇都宮東高等学校
関東,栃木県,高校,栃木県立宇都宮女子高等学校
関東,栃木県,高校,栃木県立宇都宮白楊高等学校
関東,栃木県,高校,栃木県立宇都宮工業高等学校
関東,栃木県,高校,栃木県立宇都宮商業高等学校
関東,栃木県,高校,栃木県立宇都宮南高等学校
関東,栃木県,高校,栃木県立宇都宮北高等学校
関東,栃木県,高校,栃木県立鹿沼高等学校
関東,栃木県,高校,栃木県立今市高等学校
関東,栃木県,高校,栃木県立今市工業高等学校
関東,栃木県,高校,栃木県立鹿沼商工高等学校
関東,栃木県,高校,栃木県立鹿沼東高等学校
関東,栃木県,高校,栃木県立宇都宮清陵高等学校
関東,栃木県,高校,栃木県立上三川高等学校
関東,栃木県,高校,栃木県立小山西高等学校
関東,栃木県,高校,栃木県立日光明峰高等学校
関東,栃木県,高校,栃木県立栃木翔南高等学校
関東,栃木県,高校,栃木県立鹿沼南高等学校
関東,栃木県,高校,栃木県立石橋高等学校
関東,栃木県,高校,栃木県立小山高等学校
関東,栃木県,高校,栃木県立小山城南高等学校
関東,栃木県,高校,栃木県立栃木高等学校
関東,栃木県,高校,栃木県立栃木女子高等学校
関東,栃木県,高校,栃木県立栃木農業高等学校
関東,栃木県,高校,栃木県立栃木工業高等学校
関東,栃木県,高校,栃木県立栃木商業高等学校
関東,栃木県,高校,栃木県立壬生高等学校
関東,栃木県,高校,栃木県立小山北桜高等学校
関東,栃木県,高校,栃木県立佐野高等学校
関東,栃木県,高校,栃木県立学悠館高等学校
関東,栃木県,高校,栃木県立足利高等学校
関東,栃木県,高校,栃木県立足利工業高等学校
関東,栃木県,高校,栃木県立足利南高等学校
関東,栃木県,高校,栃木県立真岡高等学校
関東,栃木県,高校,栃木県立真岡女子高等学校
関東,栃木県,高校,栃木県立真岡北陵高等学校
関東,栃木県,高校,栃木県立真岡工業高等学校
関東,栃木県,高校,栃木県立茂木高等学校
関東,栃木県,高校,栃木県立益子芳星高等学校
関東,栃木県,高校,栃木県立足利清風高等学校
関東,栃木県,高校,栃木県立烏山高等学校
関東,栃木県,高校,栃木県立馬頭高等学校
関東,栃木県,高校,栃木県立大田原高等学校
関東,栃木県,高校,栃木県立大田原女子高等学校
関東,栃木県,高校,栃木県立黒羽高等学校
関東,栃木県,高校,栃木県立那須拓陽高等学校
関東,栃木県,高校,栃木県立那須清峰高等学校
関東,栃木県,高校,栃木県立大田原東高等学校
関東,栃木県,高校,栃木県立那須高等学校
関東,栃木県,高校,栃木県立黒磯高等学校
関東,栃木県,高校,栃木県立黒磯南高等学校
関東,栃木県,高校,栃木県立小山南高等学校
関東,栃木県,高校,栃木県立佐野東高等学校
関東,栃木県,高校,栃木県立佐野松桜高等学校
関東,栃木県,高校,栃木県立矢板高等学校
関東,栃木県,高校,栃木県立高根沢高等学校
関東,栃木県,高校,栃木県立矢板東高等学校
関東,栃木県,高校,栃木県立さくら清修高等学校
関東,栃木県,高校,栃木県立宇都宮中央高等学校
関東,栃木県,高校,作新学院高等学校
関東,栃木県,高校,文星芸術大学附属高等学校
関東,栃木県,高校,宇都宮文星女子高等学校
関東,栃木県,高校,宇都宮短期大学附属高等学校
関東,栃木県,高校,足利大学附属女子高等学校
関東,栃木県,高校,佐野清澄高等学校
関東,栃木県,高校,青藍泰斗高等学校
関東,栃木県,高校,白鴎大学足利高等学校
関東,栃木県,高校,國學院大學栃木高等学校
関東,栃木県,高校,矢板中央高等学校
関東,栃木県,高校,佐野日本大学高等学校
関東,栃木県,高校,足利大学附属高等学校
関東,栃木県,高校,幸福の科学学園高等学校
関東,栃木県,高校,日々輝学園高等学校
関東,栃木県,高校,星の杜高等学校
関東,栃木県,中等教育学校,栃木県立宇都宮東中等教育学校
関東,栃木県,中等教育学校,佐野日本大学中等教育学校
関東,群馬県,中学,群馬大学共同教育学部附属中学校
関東,群馬県,中学,前橋市立第一中学校
関東,群馬県,中学,前橋市立第三中学校
関東,群馬県,中学,前橋市立第五中学校
関東,群馬県,中学,前橋市立第六中学校
関東,群馬県,中学,前橋市立第七中学校
関東,群馬県,中学,前橋市立桂萱中学校
関東,群馬県,中学,前橋市立芳賀中学校
関東,群馬県,中学,前橋市立元総社中学校
関東,群馬県,中学,前橋市立東中学校
関東,群馬県,中学,前橋市立南橘中学校
関東,群馬県,中学,前橋市立木瀬中学校
関東,群馬県,中学,前橋市立荒砥中学校
関東,群馬県,中学,前橋市立鎌倉中学校
関東,群馬県,中学,前橋市立箱田中学校
関東,群馬県,中学,前橋市立南橘中学校みやま分校
関東,群馬県,中学,前橋市立みずき中学校
関東,群馬県,中学,高崎市立第一中学校
関東,群馬県,中学,高崎市立並榎中学校
関東,群馬県,中学,高崎市立豊岡中学校
関東,群馬県,中学,高崎市立中尾中学校
関東,群馬県,中学,高崎市立塚沢中学校
関東,群馬県,中学,高崎市立片岡中学校
関東,群馬県,中学,高崎市立佐野中学校
関東,群馬県,中学,高崎市立南八幡中学校
関東,群馬県,中学,高崎市立倉賀野中学校
関東,群馬県,中学,高崎市立高南中学校
関東,群馬県,中学,高崎市立長野郷中学校
関東,群馬県,中学,高崎市立大類中学校
関東,群馬県,中学,高崎市立寺尾中学校
関東,群馬県,中学,高崎市立八幡中学校
関東,群馬県,中学,高崎市立矢中中学校
関東,群馬県,中学,高崎市立高松中学校
関東,群馬県,中学,桐生市立境野中学校
関東,群馬県,中学,桐生市立広沢中学校
関東,群馬県,中学,桐生市立梅田中学校
関東,群馬県,中学,桐生市立相生中学校
関東,群馬県,中学,桐生市立川内中学校
関東,群馬県,中学,桐生市立桜木中学校
関東,群馬県,中学,桐生市立中央中学校
関東,群馬県,中学,桐生市立清流中学校
関東,群馬県,中学,伊勢崎市立第一中学校
関東,群馬県,中学,伊勢崎市立第二中学校
関東,群馬県,中学,伊勢崎市立第三中学校
関東,群馬県,中学,伊勢崎市立殖蓮中学校
関東,群馬県,中学,伊勢崎市立宮郷中学校
関東,群馬県,中学,伊勢崎市立第四中学校
関東,群馬県,中学,太田市立西中学校
関東,群馬県,中学,太田市立東中学校
関東,群馬県,中学,太田市立南中学校
関東,群馬県,中学,太田市立休泊中学校
関東,群馬県,中学,太田市立強戸中学校
関東,群馬県,中学,太田市立宝泉中学校
関東,群馬県,中学,太田市立毛里田中学校
関東,群馬県,中学,太田市立城西中学校
関東,群馬県,中学,太田市立城東中学校
関東,群馬県,中学,太田市立旭中学校
関東,群馬県,中学,太田市立太田中学校
関東,群馬県,中学,沼田市立沼田中学校
関東,群馬県,中学,沼田市立沼田西中学校
関東,群馬県,中学,沼田市立池田中学校
関東,群馬県,中学,沼田市立薄根中学校
関東,群馬県,中学,沼田市立沼田南中学校
関東,群馬県,中学,沼田市立沼田東中学校
関東,群馬県,中学,館林市立第一中学校
関東,群馬県,中学,館林市立第二中学校
関東,群馬県,中学,館林市立第四中学校
関東,群馬県,中学,館林市立多々良中学校
関東,群馬県,中学,館林市立第三中学校
関東,群馬県,中学,渋川市立渋川中学校
関東,群馬県,中学,渋川市立金島中学校
関東,群馬県,中学,渋川市立古巻中学校
関東,群馬県,中学,渋川市立渋川北中学校
関東,群馬県,中学,藤岡市立西中学校
関東,群馬県,中学,藤岡市立東中学校
関東,群馬県,中学,藤岡市立北中学校
関東,群馬県,中学,藤岡市立小野中学校
関東,群馬県,中学,富岡市立富岡中学校
関東,群馬県,中学,富岡市立西中学校
関東,群馬県,中学,富岡市立北中学校
関東,群馬県,中学,富岡市立南中学校
関東,群馬県,中学,安中市立第一中学校
関東,群馬県,中学,安中市立第二中学校
関東,群馬県,中学,渋川市立北橘中学校
関東,群馬県,中学,渋川市立赤城南中学校
関東,群馬県,中学,渋川市立赤城北中学校
関東,群馬県,中学,前橋市立富士見中学校
関東,群馬県,中学,前橋市立大胡中学校
関東,群馬県,中学,前橋市立宮城中学校
関東,群馬県,中学,前橋市立粕川中学校
関東,群馬県,中学,桐生市立新里中学校
関東,群馬県,中学,高崎市立榛名中学校
関東,群馬県,中学,高崎市立倉渕中学校
関東,群馬県,中学,高崎市立箕郷中学校
関東,群馬県,中学,高崎市立群馬中央中学校
関東,群馬県,中学,高崎市立群馬南中学校
関東,群馬県,中学,渋川市立子持中学校
関東,群馬県,中学,渋川市立伊香保中学校
関東,群馬県,中学,榛東村立榛東中学校
関東,群馬県,中学,吉岡町立吉岡中学校
関東,群馬県,中学,高崎市立新町中学校
関東,群馬県,中学,藤岡市立鬼石中学校
関東,群馬県,中学,高崎市立入野中学校
関東,群馬県,中学,高崎市立吉井中央中学校
関東,群馬県,中学,高崎市立吉井西中学校
関東,群馬県,中学,神流町立中里中学校
関東,群馬県,中学,上野村立上野中学校
関東,群馬県,中学,富岡市立妙義中学校
関東,群馬県,中学,下仁田町立下仁田中学校
関東,群馬県,中学,甘楽町立甘楽中学校
関東,群馬県,中学,中之条町立中之条中学校
関東,群馬県,中学,東吾妻町立東吾妻中学校
関東,群馬県,中学,嬬恋村立嬬恋中学校
関東,群馬県,中学,草津町立草津中学校
関東,群馬県,中学,中之条町立六合中学校
関東,群馬県,中学,高山村立高山中学校
関東,群馬県,中学,沼田市立白沢中学校
関東,群馬県,中学,沼田市立利根中学校
関東,群馬県,中学,片品村立片品中学校
関東,群馬県,中学,昭和村立昭和中学校
関東,群馬県,中学,伊勢崎市立赤堀中学校
関東,群馬県,中学,伊勢崎市立あずま中学校
関東,群馬県,中学,伊勢崎市立境北中学校
関東,群馬県,中学,伊勢崎市立境西中学校
関東,群馬県,中学,伊勢崎市立境南中学校
関東,群馬県,中学,玉村町立玉村中学校
関東,群馬県,中学,玉村町立南中学校
関東,群馬県,中学,太田市立尾島中学校
関東,群馬県,中学,太田市立木崎中学校
関東,群馬県,中学,太田市立生品中学校
関東,群馬県,中学,太田市立綿打中学校
関東,群馬県,中学,太田市立藪塚本町中学校
関東,群馬県,中学,みどり市立笠懸中学校
関東,群馬県,中学,みどり市立笠懸南中学校
関東,群馬県,中学,みどり市立大間々中学校
関東,群馬県,中学,みどり市立大間々東中学校
関東,群馬県,中学,板倉町立板倉中学校
関東,群馬県,中学,明和町立明和中学校
関東,群馬県,中学,千代田町立千代田中学校
関東,群馬県,中学,大泉町立南中学校
関東,群馬県,中学,大泉町立北中学校
関東,群馬県,中学,大泉町立西中学校
関東,群馬県,中学,邑楽町立邑楽中学校
関東,群馬県,中学,邑楽町立邑楽南中学校
関東,群馬県,中学,前橋市立明桜中学校
関東,群馬県,中学,安中市立松井田中学校
関東,群馬県,中学,みなかみ町立みなかみ中学校
関東,群馬県,中学,長野原町立長野原中学校
関東,群馬県,中学,群馬県立みらい共創中学校
関東,群馬県,中学,共愛学園中学校
関東,群馬県,中学,新島学園中学校
関東,群馬県,#N/A,白根開善学校中等部
関東,群馬県,中学,樹徳中学校
関東,群馬県,#N/A,ぐんま国際アカデミー中等部
関東,群馬県,中学,桐生第一中学校
関東,群馬県,高校,東京農業大学第二高等学校中等部
関東,群馬県,高校,群馬県立前橋高等学校
関東,群馬県,高校,群馬県立高崎高等学校
関東,群馬県,高校,群馬県立桐生高等学校
関東,群馬県,高校,群馬県立太田高等学校
関東,群馬県,高校,群馬県立渋川高等学校
関東,群馬県,高校,群馬県立館林高等学校
関東,群馬県,高校,群馬県立榛名高等学校
関東,群馬県,高校,群馬県立万場高等学校
関東,群馬県,高校,群馬県立下仁田高等学校
関東,群馬県,高校,群馬県立松井田高等学校
関東,群馬県,高校,群馬県立長野原高等学校
関東,群馬県,高校,群馬県立嬬恋高等学校
関東,群馬県,高校,群馬県立尾瀬高等学校
関東,群馬県,高校,群馬県立玉村高等学校
関東,群馬県,高校,群馬県立大間々高等学校
関東,群馬県,高校,群馬県立板倉高等学校
関東,群馬県,高校,群馬県立前橋清陵高等学校
関東,群馬県,高校,群馬県立吉井高等学校
関東,群馬県,高校,群馬県立前橋女子高等学校
関東,群馬県,高校,群馬県立高崎女子高等学校
関東,群馬県,高校,群馬県立伊勢崎清明高等学校
関東,群馬県,高校,群馬県立太田女子高等学校
関東,群馬県,高校,群馬県立館林女子高等学校
関東,群馬県,高校,群馬県立渋川女子高等学校
関東,群馬県,高校,群馬県立前橋南高等学校
関東,群馬県,高校,群馬県立西邑楽高等学校
関東,群馬県,高校,群馬県立渋川青翠高等学校
関東,群馬県,高校,群馬県立高崎北高等学校
関東,群馬県,高校,群馬県立前橋東高等学校
関東,群馬県,高校,群馬県立前橋西高等学校
関東,群馬県,高校,群馬県立太田東高等学校
関東,群馬県,高校,群馬県立高崎東高等学校
関東,群馬県,高校,群馬県立藤岡中央高等学校
関東,群馬県,高校,群馬県立伊勢崎高等学校
関東,群馬県,高校,群馬県立太田フレックス高等学校
関東,群馬県,高校,群馬県立安中総合学園高等学校
関東,群馬県,高校,群馬県立勢多農林高等学校
関東,群馬県,高校,群馬県立伊勢崎興陽高等学校
関東,群馬県,高校,群馬県立利根実業高等学校
関東,群馬県,高校,群馬県立富岡実業高等学校
関東,群馬県,高校,群馬県立新田暁高等学校
関東,群馬県,高校,群馬県立大泉高等学校
関東,群馬県,高校,群馬県立藤岡北高等学校
関東,群馬県,高校,群馬県立前橋工業高等学校
関東,群馬県,高校,群馬県立高崎工業高等学校
関東,群馬県,高校,群馬県立桐生工業高等学校
関東,群馬県,高校,群馬県立伊勢崎工業高等学校
関東,群馬県,高校,群馬県立太田工業高等学校
関東,群馬県,高校,群馬県立藤岡工業高等学校
関東,群馬県,高校,群馬県立前橋商業高等学校
関東,群馬県,高校,群馬県立高崎商業高等学校
関東,群馬県,高校,群馬県立伊勢崎商業高等学校
関東,群馬県,高校,群馬県立館林商工高等学校
関東,群馬県,高校,群馬県立富岡高等学校
関東,群馬県,高校,群馬県立吾妻中央高等学校
関東,群馬県,高校,前橋市立前橋高等学校
関東,群馬県,高校,桐生市立商業高等学校
関東,群馬県,高校,太田市立太田高等学校
関東,群馬県,高校,群馬県立渋川工業高等学校
関東,群馬県,高校,利根沼田学校組合立利根商業高等学校
関東,群馬県,高校,高崎市立高崎経済大学附属高等学校
関東,群馬県,高校,群馬県立桐生清桜高等学校
関東,群馬県,高校,群馬県立沼田高等学校
関東,群馬県,高校,共愛学園高等学校
関東,群馬県,高校,前橋育英高等学校
関東,群馬県,高校,高崎商科大学附属高等学校
関東,群馬県,高校,東京農業大学第二高等学校
関東,群馬県,高校,桐生第一高等学校
関東,群馬県,高校,樹徳高等学校
関東,群馬県,高校,常磐高等学校
関東,群馬県,高校,関東学園大学附属高等学校
関東,群馬県,高校,新島学園高等学校
関東,群馬県,高校,高崎健康福祉大学高崎高等学校
関東,群馬県,#N/A,白根開善学校高等部
関東,群馬県,高校,明和県央高等学校
関東,群馬県,#N/A,ぐんま国際アカデミー高等部
関東,群馬県,#N/A,Ｒ高校
関東,群馬県,中等教育学校,群馬県立中央中等教育学校
関東,群馬県,中等教育学校,伊勢崎市立四ツ葉学園中等教育学校
関東,埼玉県,中学,埼玉大学教育学部附属中学校
関東,埼玉県,中学,さいたま市立指扇中学校
関東,埼玉県,中学,さいたま市立馬宮中学校
関東,埼玉県,中学,さいたま市立大宮西中学校
関東,埼玉県,中学,さいたま市立宮前中学校
関東,埼玉県,中学,さいたま市立植水中学校
関東,埼玉県,中学,さいたま市立土屋中学校
関東,埼玉県,中学,さいたま市立日進中学校
関東,埼玉県,中学,さいたま市立宮原中学校
関東,埼玉県,中学,さいたま市立植竹中学校
関東,埼玉県,中学,さいたま市立泰平中学校
関東,埼玉県,中学,さいたま市立土呂中学校
関東,埼玉県,中学,さいたま市立大宮東中学校
関東,埼玉県,中学,さいたま市立大宮南中学校
関東,埼玉県,中学,さいたま市立大宮北中学校
関東,埼玉県,中学,さいたま市立桜木中学校
関東,埼玉県,中学,さいたま市立三橋中学校
関東,埼玉県,中学,さいたま市立大成中学校
関東,埼玉県,中学,さいたま市立第二東中学校
関東,埼玉県,中学,さいたま市立大砂土中学校
関東,埼玉県,中学,さいたま市立片柳中学校
関東,埼玉県,中学,さいたま市立春里中学校
関東,埼玉県,中学,さいたま市立七里中学校
関東,埼玉県,中学,さいたま市立大谷中学校
関東,埼玉県,中学,さいたま市立大宮八幡中学校
関東,埼玉県,中学,さいたま市立春野中学校
関東,埼玉県,中学,さいたま市立与野東中学校
関東,埼玉県,中学,さいたま市立与野西中学校
関東,埼玉県,中学,さいたま市立与野南中学校
関東,埼玉県,中学,さいたま市立八王子中学校
関東,埼玉県,中学,さいたま市立土合中学校
関東,埼玉県,中学,さいたま市立大久保中学校
関東,埼玉県,中学,さいたま市立田島中学校
関東,埼玉県,中学,さいたま市立上大久保中学校
関東,埼玉県,中学,さいたま市立常盤中学校
関東,埼玉県,中学,さいたま市立木崎中学校
関東,埼玉県,中学,さいたま市立本太中学校
関東,埼玉県,中学,さいたま市立大原中学校
関東,埼玉県,中学,さいたま市立浦和中学校
関東,埼玉県,#N/A,さいたま市立いろどり学園中学部
関東,埼玉県,中学,さいたま市立岸中学校
関東,埼玉県,中学,さいたま市立南浦和中学校
関東,埼玉県,中学,さいたま市立白幡中学校
関東,埼玉県,中学,さいたま市立大谷場中学校
関東,埼玉県,中学,さいたま市立大谷口中学校
関東,埼玉県,中学,さいたま市立内谷中学校
関東,埼玉県,中学,さいたま市立原山中学校
関東,埼玉県,中学,さいたま市立東浦和中学校
関東,埼玉県,中学,さいたま市立美園中学校
関東,埼玉県,中学,さいたま市立三室中学校
関東,埼玉県,中学,さいたま市立尾間木中学校
関東,埼玉県,中学,さいたま市立美園南中学校
関東,埼玉県,中学,さいたま市立岩槻中学校
関東,埼玉県,中学,さいたま市立川通中学校
関東,埼玉県,中学,さいたま市立城南中学校
関東,埼玉県,中学,さいたま市立慈恩寺中学校
関東,埼玉県,中学,さいたま市立城北中学校
関東,埼玉県,中学,さいたま市立桜山中学校
関東,埼玉県,中学,さいたま市立柏陽中学校
関東,埼玉県,中学,さいたま市立西原中学校
関東,埼玉県,中学,川越市立川越第一中学校
関東,埼玉県,中学,川越市立初雁中学校
関東,埼玉県,中学,川越市立富士見中学校
関東,埼玉県,中学,川越市立城南中学校
関東,埼玉県,中学,川越市立芳野中学校
関東,埼玉県,中学,川越市立東中学校
関東,埼玉県,中学,川越市立高階中学校
関東,埼玉県,中学,川越市立福原中学校
関東,埼玉県,中学,川越市立大東中学校
関東,埼玉県,中学,川越市立霞ケ関中学校
関東,埼玉県,中学,川越市立名細中学校
関東,埼玉県,中学,川越市立山田中学校
関東,埼玉県,中学,川越市立寺尾中学校
関東,埼玉県,中学,川越市立霞ケ関東中学校
関東,埼玉県,中学,川越市立鯨井中学校
関東,埼玉県,中学,川越市立砂中学校
関東,埼玉県,中学,川越市立野田中学校
関東,埼玉県,中学,川越市立南古谷中学校
関東,埼玉県,中学,川越市立霞ケ関西中学校
関東,埼玉県,中学,川越市立川越西中学校
関東,埼玉県,中学,川越市立高階西中学校
関東,埼玉県,中学,川越市立大東西中学校
関東,埼玉県,中学,熊谷市立荒川中学校
関東,埼玉県,中学,熊谷市立富士見中学校
関東,埼玉県,中学,熊谷市立大原中学校
関東,埼玉県,中学,熊谷市立熊谷東中学校
関東,埼玉県,中学,熊谷市立玉井中学校
関東,埼玉県,中学,熊谷市立大麻生中学校
関東,埼玉県,中学,熊谷市立中条中学校
関東,埼玉県,中学,熊谷市立吉岡中学校
関東,埼玉県,中学,熊谷市立別府中学校
関東,埼玉県,中学,熊谷市立三尻中学校
関東,埼玉県,中学,熊谷市立奈良中学校
関東,埼玉県,中学,熊谷市立大幡中学校
関東,埼玉県,中学,熊谷市立大里中学校
関東,埼玉県,中学,熊谷市立江南中学校
関東,埼玉県,中学,熊谷市立妻沼東中学校
関東,埼玉県,中学,熊谷市立妻沼西中学校
関東,埼玉県,中学,熊谷市立小島中学校
関東,埼玉県,中学,川口市立東中学校
関東,埼玉県,中学,川口市立西中学校
関東,埼玉県,中学,川口市立南中学校
関東,埼玉県,中学,川口市立北中学校
関東,埼玉県,中学,川口市立青木中学校
関東,埼玉県,中学,川口市立芝中学校
関東,埼玉県,中学,川口市立元郷中学校
関東,埼玉県,中学,川口市立上青木中学校
関東,埼玉県,中学,川口市立幸並中学校
関東,埼玉県,中学,川口市立十二月田中学校
関東,埼玉県,中学,川口市立仲町中学校
関東,埼玉県,中学,川口市立安行中学校
関東,埼玉県,中学,川口市立芝東中学校
関東,埼玉県,中学,川口市立芝西中学校
関東,埼玉県,中学,川口市立岸川中学校
関東,埼玉県,中学,川口市立榛松中学校
関東,埼玉県,中学,川口市立小谷場中学校
関東,埼玉県,中学,川口市立神根中学校
関東,埼玉県,中学,川口市立領家中学校
関東,埼玉県,中学,川口市立戸塚中学校
関東,埼玉県,中学,川口市立在家中学校
関東,埼玉県,中学,川口市立安行東中学校
関東,埼玉県,中学,川口市立戸塚西中学校
関東,埼玉県,中学,川口市立鳩ヶ谷中学校
関東,埼玉県,中学,川口市立八幡木中学校
関東,埼玉県,中学,川口市立里中学校
関東,埼玉県,中学,川口市立高等学校附属中学校
関東,埼玉県,中学,川口市立芝園学園中学校
関東,埼玉県,中学,川口市立芝園学園中学校陽春分校
関東,埼玉県,中学,行田市立忍中学校
関東,埼玉県,中学,行田市立行田中学校
関東,埼玉県,中学,行田市立長野中学校
関東,埼玉県,中学,行田市立見沼中学校
関東,埼玉県,中学,行田市立埼玉中学校
関東,埼玉県,中学,行田市立太田中学校
関東,埼玉県,中学,行田市立西中学校
関東,埼玉県,中学,行田市立南河原中学校
関東,埼玉県,中学,秩父市立秩父第一中学校
関東,埼玉県,中学,秩父市立秩父第二中学校
関東,埼玉県,中学,秩父市立尾田蒔中学校
関東,埼玉県,中学,秩父市立高篠中学校
関東,埼玉県,中学,秩父市立大田中学校
関東,埼玉県,中学,秩父市立影森中学校
関東,埼玉県,中学,秩父市立吉田中学校
関東,埼玉県,中学,秩父市立荒川中学校
関東,埼玉県,中学,所沢市立所沢中学校
関東,埼玉県,中学,所沢市立南陵中学校
関東,埼玉県,中学,所沢市立東中学校
関東,埼玉県,中学,所沢市立柳瀬中学校
関東,埼玉県,中学,所沢市立富岡中学校
関東,埼玉県,中学,所沢市立小手指中学校
関東,埼玉県,中学,所沢市立山口中学校
関東,埼玉県,中学,所沢市立三ケ島中学校
関東,埼玉県,中学,所沢市立向陽中学校
関東,埼玉県,中学,所沢市立美原中学校
関東,埼玉県,中学,所沢市立中央中学校
関東,埼玉県,中学,所沢市立狭山ケ丘中学校
関東,埼玉県,中学,所沢市立安松中学校
関東,埼玉県,中学,所沢市立北野中学校
関東,埼玉県,中学,所沢市立上山口中学校
関東,埼玉県,中学,飯能市立飯能第一中学校
関東,埼玉県,中学,飯能市立南高麗中学校
関東,埼玉県,中学,飯能市立原市場中学校
関東,埼玉県,中学,飯能市立飯能西中学校
関東,埼玉県,中学,飯能市立加治中学校
関東,埼玉県,中学,飯能市立美杉台中学校
関東,埼玉県,中学,飯能市立奥武蔵中学校
関東,埼玉県,中学,加須市立昭和中学校
関東,埼玉県,中学,加須市立加須西中学校
関東,埼玉県,中学,加須市立加須東中学校
関東,埼玉県,中学,加須市立加須北中学校
関東,埼玉県,中学,加須市立加須平成中学校
関東,埼玉県,中学,加須市立騎西中学校
関東,埼玉県,中学,加須市立北川辺中学校
関東,埼玉県,中学,加須市立大利根中学校
関東,埼玉県,中学,本庄市立本庄東中学校
関東,埼玉県,中学,本庄市立本庄西中学校
関東,埼玉県,中学,本庄市立本庄南中学校
関東,埼玉県,中学,本庄市立児玉中学校
関東,埼玉県,中学,東松山市立松山中学校
関東,埼玉県,中学,東松山市立南中学校
関東,埼玉県,中学,東松山市立東中学校
関東,埼玉県,中学,東松山市立北中学校
関東,埼玉県,中学,東松山市立白山中学校
関東,埼玉県,中学,春日部市立春日部中学校
関東,埼玉県,中学,春日部市立東中学校
関東,埼玉県,中学,春日部市立豊春中学校
関東,埼玉県,中学,春日部市立武里中学校
関東,埼玉県,中学,春日部市立大沼中学校
関東,埼玉県,中学,春日部市立豊野中学校
関東,埼玉県,中学,春日部市立緑中学校
関東,埼玉県,中学,春日部市立大増中学校
関東,埼玉県,中学,春日部市立春日部南中学校
関東,埼玉県,中学,春日部市立葛飾中学校
関東,埼玉県,中学,春日部市立飯沼中学校
関東,埼玉県,中学,狭山市立堀兼中学校
関東,埼玉県,中学,狭山市立西中学校
関東,埼玉県,中学,狭山市立狭山台中学校
関東,埼玉県,中学,狭山市立山王中学校
関東,埼玉県,中学,狭山市立入間川中学校
関東,埼玉県,中学,狭山市立柏原中学校
関東,埼玉県,中学,狭山市立中央中学校
関東,埼玉県,中学,狭山市立入間野中学校
関東,埼玉県,中学,羽生市立西中学校
関東,埼玉県,中学,羽生市立南中学校
関東,埼玉県,中学,羽生市立東中学校
関東,埼玉県,中学,鴻巣市立鴻巣中学校
関東,埼玉県,中学,鴻巣市立鴻巣北中学校
関東,埼玉県,中学,鴻巣市立鴻巣西中学校
関東,埼玉県,中学,鴻巣市立鴻巣南中学校
関東,埼玉県,中学,鴻巣市立赤見台中学校
関東,埼玉県,中学,鴻巣市立吹上中学校
関東,埼玉県,中学,鴻巣市立吹上北中学校
関東,埼玉県,中学,鴻巣市立川里中学校
関東,埼玉県,中学,深谷市立明戸中学校
関東,埼玉県,中学,深谷市立幡羅中学校
関東,埼玉県,中学,深谷市立藤沢中学校
関東,埼玉県,中学,深谷市立豊里中学校
関東,埼玉県,中学,深谷市立深谷中学校
関東,埼玉県,中学,深谷市立南中学校
関東,埼玉県,中学,深谷市立上柴中学校
関東,埼玉県,中学,深谷市立岡部中学校
関東,埼玉県,中学,深谷市立川本中学校
関東,埼玉県,中学,深谷市立花園中学校
関東,埼玉県,中学,上尾市立上尾中学校
関東,埼玉県,中学,上尾市立太平中学校
関東,埼玉県,中学,上尾市立大石中学校
関東,埼玉県,中学,上尾市立原市中学校
関東,埼玉県,中学,上尾市立上平中学校
関東,埼玉県,中学,上尾市立西中学校
関東,埼玉県,中学,上尾市立東中学校
関東,埼玉県,中学,上尾市立大石南中学校
関東,埼玉県,中学,上尾市立瓦葺中学校
関東,埼玉県,中学,上尾市立南中学校
関東,埼玉県,中学,上尾市立大谷中学校
関東,埼玉県,中学,上尾市立東中学校向原分校
関東,埼玉県,中学,草加市立草加中学校
関東,埼玉県,中学,草加市立栄中学校
関東,埼玉県,中学,草加市立谷塚中学校
関東,埼玉県,中学,草加市立川柳中学校
関東,埼玉県,中学,草加市立新栄中学校
関東,埼玉県,中学,草加市立瀬崎中学校
関東,埼玉県,中学,草加市立花栗中学校
関東,埼玉県,中学,草加市立両新田中学校
関東,埼玉県,中学,草加市立新田中学校
関東,埼玉県,中学,草加市立青柳中学校
関東,埼玉県,中学,草加市立松江中学校
関東,埼玉県,中学,越谷市立中央中学校
関東,埼玉県,中学,越谷市立東中学校
関東,埼玉県,中学,越谷市立西中学校
関東,埼玉県,中学,越谷市立南中学校
関東,埼玉県,中学,越谷市立北中学校
関東,埼玉県,中学,越谷市立富士中学校
関東,埼玉県,中学,越谷市立北陽中学校
関東,埼玉県,中学,越谷市立栄進中学校
関東,埼玉県,中学,越谷市立光陽中学校
関東,埼玉県,中学,越谷市立平方中学校
関東,埼玉県,中学,越谷市立武蔵野中学校
関東,埼玉県,中学,越谷市立大袋中学校
関東,埼玉県,中学,越谷市立新栄中学校
関東,埼玉県,中学,越谷市立大相模中学校
関東,埼玉県,中学,越谷市立千間台中学校
関東,埼玉県,中学,蕨市立第一中学校
関東,埼玉県,中学,蕨市立第二中学校
関東,埼玉県,中学,蕨市立東中学校
関東,埼玉県,中学,戸田市立戸田中学校
関東,埼玉県,中学,戸田市立戸田東中学校
関東,埼玉県,中学,戸田市立美笹中学校
関東,埼玉県,中学,戸田市立喜沢中学校
関東,埼玉県,中学,戸田市立新曽中学校
関東,埼玉県,中学,戸田市立笹目中学校
関東,埼玉県,中学,入間市立豊岡中学校
関東,埼玉県,中学,入間市立金子中学校
関東,埼玉県,中学,入間市立武蔵中学校
関東,埼玉県,中学,入間市立藤沢中学校
関東,埼玉県,中学,入間市立西武中学校
関東,埼玉県,中学,入間市立向原中学校
関東,埼玉県,中学,入間市立黒須中学校
関東,埼玉県,中学,入間市立東金子中学校
関東,埼玉県,中学,入間市立上藤沢中学校
関東,埼玉県,中学,入間市立東町中学校
関東,埼玉県,中学,朝霞市立朝霞第一中学校
関東,埼玉県,中学,朝霞市立朝霞第二中学校
関東,埼玉県,中学,朝霞市立朝霞第三中学校
関東,埼玉県,中学,朝霞市立朝霞第四中学校
関東,埼玉県,中学,朝霞市立朝霞第五中学校
関東,埼玉県,中学,志木市立志木中学校
関東,埼玉県,中学,志木市立志木第二中学校
関東,埼玉県,中学,志木市立宗岡中学校
関東,埼玉県,中学,志木市立宗岡第二中学校
関東,埼玉県,中学,和光市立大和中学校
関東,埼玉県,中学,和光市立第二中学校
関東,埼玉県,中学,和光市立第三中学校
関東,埼玉県,中学,新座市立新座中学校
関東,埼玉県,中学,新座市立第二中学校
関東,埼玉県,中学,新座市立第三中学校
関東,埼玉県,中学,新座市立第四中学校
関東,埼玉県,中学,新座市立第五中学校
関東,埼玉県,中学,新座市立第六中学校
関東,埼玉県,中学,桶川市立桶川中学校
関東,埼玉県,中学,桶川市立桶川東中学校
関東,埼玉県,中学,桶川市立桶川西中学校
関東,埼玉県,中学,桶川市立加納中学校
関東,埼玉県,中学,久喜市立久喜中学校
関東,埼玉県,中学,久喜市立久喜南中学校
関東,埼玉県,中学,久喜市立久喜東中学校
関東,埼玉県,中学,久喜市立太東中学校
関東,埼玉県,中学,久喜市立菖蒲中学校
関東,埼玉県,中学,久喜市立栗橋東中学校
関東,埼玉県,中学,久喜市立栗橋西中学校
関東,埼玉県,中学,久喜市立鷲宮中学校
関東,埼玉県,中学,久喜市立鷲宮東中学校
関東,埼玉県,中学,北本市立北本中学校
関東,埼玉県,中学,北本市立東中学校
関東,埼玉県,中学,北本市立西中学校
関東,埼玉県,中学,北本市立宮内中学校
関東,埼玉県,中学,八潮市立八潮中学校
関東,埼玉県,中学,八潮市立大原中学校
関東,埼玉県,中学,八潮市立八條中学校
関東,埼玉県,中学,八潮市立八幡中学校
関東,埼玉県,中学,八潮市立潮止中学校
関東,埼玉県,中学,富士見市立富士見台中学校
関東,埼玉県,中学,富士見市立本郷中学校
関東,埼玉県,中学,富士見市立東中学校
関東,埼玉県,中学,富士見市立西中学校
関東,埼玉県,中学,富士見市立勝瀬中学校
関東,埼玉県,中学,富士見市立水谷中学校
関東,埼玉県,中学,三郷市立南中学校
関東,埼玉県,中学,三郷市立北中学校
関東,埼玉県,中学,三郷市立栄中学校
関東,埼玉県,中学,三郷市立彦成中学校
関東,埼玉県,中学,三郷市立彦糸中学校
関東,埼玉県,中学,三郷市立前川中学校
関東,埼玉県,中学,三郷市立早稲田中学校
関東,埼玉県,中学,三郷市立瑞穂中学校
関東,埼玉県,中学,蓮田市立蓮田中学校
関東,埼玉県,中学,蓮田市立平野中学校
関東,埼玉県,中学,蓮田市立黒浜中学校
関東,埼玉県,中学,蓮田市立蓮田南中学校
関東,埼玉県,中学,蓮田市立黒浜西中学校
関東,埼玉県,中学,坂戸市立坂戸中学校
関東,埼玉県,中学,坂戸市立住吉中学校
関東,埼玉県,中学,坂戸市立若宮中学校
関東,埼玉県,中学,坂戸市立城山中学校
関東,埼玉県,中学,坂戸市立千代田中学校
関東,埼玉県,中学,坂戸市立浅羽野中学校
関東,埼玉県,中学,坂戸市立桜中学校
関東,埼玉県,中学,幸手市立幸手中学校
関東,埼玉県,中学,幸手市立東中学校
関東,埼玉県,中学,幸手市立西中学校
関東,埼玉県,中学,鶴ヶ島市立鶴ヶ島中学校
関東,埼玉県,中学,鶴ヶ島市立藤中学校
関東,埼玉県,中学,鶴ヶ島市立富士見中学校
関東,埼玉県,中学,鶴ヶ島市立西中学校
関東,埼玉県,中学,鶴ヶ島市立南中学校
関東,埼玉県,中学,日高市立高麗川中学校
関東,埼玉県,中学,日高市立高萩中学校
関東,埼玉県,中学,日高市立高萩北中学校
関東,埼玉県,中学,吉川市立東中学校
関東,埼玉県,中学,吉川市立南中学校
関東,埼玉県,中学,吉川市立中央中学校
関東,埼玉県,中学,吉川市立吉川中学校
関東,埼玉県,中学,ふじみ野市立福岡中学校
関東,埼玉県,中学,ふじみ野市立葦原中学校
関東,埼玉県,中学,ふじみ野市立花の木中学校
関東,埼玉県,中学,ふじみ野市立大井中学校
関東,埼玉県,中学,ふじみ野市立大井西中学校
関東,埼玉県,中学,ふじみ野市立大井東中学校
関東,埼玉県,中学,白岡市立篠津中学校
関東,埼玉県,中学,白岡市立菁莪中学校
関東,埼玉県,中学,白岡市立南中学校
関東,埼玉県,中学,白岡市立白岡中学校
関東,埼玉県,中学,伊奈町立伊奈中学校
関東,埼玉県,中学,伊奈町立小針中学校
関東,埼玉県,中学,伊奈町立南中学校
関東,埼玉県,中学,埼玉県立伊奈学園中学校
関東,埼玉県,中学,三芳町立三芳中学校
関東,埼玉県,中学,三芳町立三芳東中学校
関東,埼玉県,中学,三芳町立藤久保中学校
関東,埼玉県,中学,毛呂山町立毛呂山中学校
関東,埼玉県,中学,毛呂山町立川角中学校
関東,埼玉県,中学,越生町立越生中学校
関東,埼玉県,中学,滑川町立滑川中学校
関東,埼玉県,中学,嵐山町立菅谷中学校
関東,埼玉県,中学,嵐山町立玉ノ岡中学校
関東,埼玉県,中学,小川町立東中学校
関東,埼玉県,中学,小川町立小川中学校
関東,埼玉県,中学,川島町立川島中学校
関東,埼玉県,中学,川島町立西中学校
関東,埼玉県,中学,吉見町立吉見中学校
関東,埼玉県,中学,鳩山町立鳩山中学校
関東,埼玉県,中学,ときがわ町立都幾川中学校
関東,埼玉県,中学,ときがわ町立玉川中学校
関東,埼玉県,中学,横瀬町立横瀬中学校
関東,埼玉県,中学,皆野町立皆野中学校
関東,埼玉県,中学,長瀞町立長瀞中学校
関東,埼玉県,中学,小鹿野町立小鹿野中学校
関東,埼玉県,中学,東秩父村立東秩父中学校
関東,埼玉県,中学,美里町立美里中学校
関東,埼玉県,中学,神川町立神川中学校
関東,埼玉県,中学,上里町立上里中学校
関東,埼玉県,中学,上里町立上里北中学校
関東,埼玉県,中学,寄居町立城南中学校
関東,埼玉県,中学,寄居町立男衾中学校
関東,埼玉県,中学,寄居町立寄居中学校
関東,埼玉県,中学,宮代町立須賀中学校
関東,埼玉県,中学,宮代町立百間中学校
関東,埼玉県,中学,宮代町立前原中学校
関東,埼玉県,中学,杉戸町立杉戸中学校
関東,埼玉県,中学,杉戸町立杉戸南中学校
関東,埼玉県,中学,松伏町立松伏中学校
関東,埼玉県,中学,松伏町立松伏第二中学校
関東,埼玉県,中学,埼玉栄中学校
関東,埼玉県,中学,大宮開成中学校
関東,埼玉県,中学,栄東中学校
関東,埼玉県,中学,淑徳与野中学校
関東,埼玉県,中学,浦和実業学園中学校
関東,埼玉県,中学,浦和明の星女子中学校
関東,埼玉県,中学,青山学院大学系属浦和ルーテル学院中学校
関東,埼玉県,中学,浦和学院中学校
関東,埼玉県,中学,開智中学校
関東,埼玉県,中学,秀明中学校
関東,埼玉県,中学,城西川越中学校
関東,埼玉県,中学,星野学園中学校
関東,埼玉県,中学,城北埼玉中学校
関東,埼玉県,中学,聖望学園中学校
関東,埼玉県,中学,自由の森学園中学校
関東,埼玉県,中学,開智未来中学校
関東,埼玉県,中学,本庄東高等学校附属中学校
関東,埼玉県,中学,本庄第一中学校
関東,埼玉県,中学,東京農業大学第三高等学校附属中学校
関東,埼玉県,中学,春日部共栄中学校
関東,埼玉県,中学,西武学園文理中学校
関東,埼玉県,中学,東京成徳大学深谷中学校
関東,埼玉県,中学,獨協埼玉中学校
関東,埼玉県,中学,武南中学校
関東,埼玉県,中学,狭山ヶ丘高等学校付属中学校
関東,埼玉県,中学,細田学園中学校
関東,埼玉県,中学,立教新座中学校
関東,埼玉県,中学,西武台新座中学校
関東,埼玉県,中学,国際学院中学校
関東,埼玉県,中学,埼玉平成中学校
関東,埼玉県,中学,大妻嵐山中学校
関東,埼玉県,中学,昌平中学校
関東,埼玉県,高校,筑波大学附属坂戸高等学校
関東,埼玉県,高校,埼玉県立浦和高等学校
関東,埼玉県,高校,埼玉県立熊谷高等学校
関東,埼玉県,高校,埼玉県立川越高等学校
関東,埼玉県,高校,埼玉県立春日部高等学校
関東,埼玉県,高校,埼玉県立浦和第一女子高等学校
関東,埼玉県,高校,埼玉県立熊谷農業高等学校
関東,埼玉県,高校,埼玉県立熊谷女子高等学校
関東,埼玉県,高校,埼玉県立川越女子高等学校
関東,埼玉県,高校,埼玉県立川越工業高等学校
関東,埼玉県,高校,埼玉県立川越総合高等学校
関東,埼玉県,高校,埼玉県立久喜高等学校
関東,埼玉県,高校,埼玉県立不動岡高等学校
関東,埼玉県,高校,埼玉県立秩父農工科学高等学校
関東,埼玉県,高校,埼玉県立本庄高等学校
関東,埼玉県,高校,埼玉県立松山高等学校
関東,埼玉県,高校,埼玉県立深谷商業高等学校
関東,埼玉県,高校,埼玉県立杉戸農業高等学校
関東,埼玉県,高校,埼玉県立進修館高等学校
関東,埼玉県,高校,埼玉県立小川高等学校
関東,埼玉県,高校,埼玉県立秩父高等学校
関東,埼玉県,高校,埼玉県立春日部女子高等学校
関東,埼玉県,高校,埼玉県立児玉高等学校
関東,埼玉県,高校,埼玉県立飯能高等学校
関東,埼玉県,高校,埼玉県立越ケ谷高等学校
関東,埼玉県,高校,埼玉県立浦和西高等学校
関東,埼玉県,高校,埼玉県立川口工業高等学校
関東,埼玉県,高校,埼玉県立幸手桜高等学校
関東,埼玉県,高校,埼玉県立豊岡高等学校
関東,埼玉県,高校,埼玉県立羽生実業高等学校
関東,埼玉県,高校,埼玉県立松山女子高等学校
関東,埼玉県,高校,埼玉県立鴻巣高等学校
関東,埼玉県,高校,埼玉県立深谷第一高等学校
関東,埼玉県,高校,埼玉県立大宮高等学校
関東,埼玉県,高校,埼玉県立川口高等学校
関東,埼玉県,高校,埼玉県立岩槻商業高等学校
関東,埼玉県,高校,埼玉県立所沢高等学校
関東,埼玉県,高校,埼玉県立小鹿野高等学校
関東,埼玉県,高校,埼玉県立与野高等学校
関東,埼玉県,高校,埼玉県立浦和商業高等学校
関東,埼玉県,高校,埼玉県立大宮商業高等学校
関東,埼玉県,高校,埼玉県立熊谷商業高等学校
関東,埼玉県,高校,埼玉県立熊谷工業高等学校
関東,埼玉県,高校,埼玉県立蕨高等学校
関東,埼玉県,高校,埼玉県立上尾高等学校
関東,埼玉県,高校,埼玉県立草加高等学校
関東,埼玉県,高校,埼玉県立いずみ高等学校
関東,埼玉県,高校,埼玉県立狭山工業高等学校
関東,埼玉県,高校,埼玉県立寄居城北高等学校
関東,埼玉県,高校,埼玉県立朝霞高等学校
関東,埼玉県,高校,埼玉県立久喜工業高等学校
関東,埼玉県,高校,埼玉県立戸田翔陽高等学校
関東,埼玉県,高校,埼玉県立春日部工業高等学校
関東,埼玉県,高校,埼玉県立狭山緑陽高等学校
関東,埼玉県,高校,埼玉県立鴻巣女子高等学校
関東,埼玉県,高校,埼玉県立岩槻高等学校
関東,埼玉県,高校,埼玉県立越谷北高等学校
関東,埼玉県,高校,埼玉県立所沢商業高等学校
関東,埼玉県,高校,埼玉県立誠和福祉高等学校
関東,埼玉県,高校,埼玉県立常盤高等学校
関東,埼玉県,高校,埼玉県立坂戸高等学校
関東,埼玉県,高校,埼玉県立吉川美南高等学校
関東,埼玉県,高校,埼玉県立桶川高等学校
関東,埼玉県,高校,埼玉県立新座高等学校
関東,埼玉県,高校,埼玉県立ふじみ野高等学校
関東,埼玉県,高校,埼玉県立蓮田松韻高等学校
関東,埼玉県,高校,埼玉県立川口北高等学校
関東,埼玉県,高校,埼玉県立志木高等学校
関東,埼玉県,高校,埼玉県立所沢北高等学校
関東,埼玉県,高校,埼玉県立日高高等学校
関東,埼玉県,高校,埼玉県立深谷高等学校
関東,埼玉県,高校,埼玉県立越谷南高等学校
関東,埼玉県,高校,埼玉県立北本高等学校
関東,埼玉県,高校,埼玉県立川越南高等学校
関東,埼玉県,高校,埼玉県立熊谷西高等学校
関東,埼玉県,高校,埼玉県立三郷高等学校
関東,埼玉県,高校,埼玉県立栗橋北彩高等学校
関東,埼玉県,高校,埼玉県立草加南高等学校
関東,埼玉県,高校,埼玉県立大宮武蔵野高等学校
関東,埼玉県,高校,埼玉県立富士見高等学校
関東,埼玉県,高校,埼玉県立滑川総合高等学校
関東,埼玉県,高校,埼玉県立羽生第一高等学校
関東,埼玉県,高校,埼玉県立上尾南高等学校
関東,埼玉県,高校,埼玉県立春日部東高等学校
関東,埼玉県,高校,埼玉県立白岡高等学校
関東,埼玉県,高校,埼玉県立杉戸高等学校
関東,埼玉県,高校,埼玉県立川口東高等学校
関東,埼玉県,高校,埼玉県立浦和北高等学校
関東,埼玉県,高校,埼玉県立鷲宮高等学校
関東,埼玉県,高校,埼玉県立上尾鷹の台高等学校
関東,埼玉県,高校,埼玉県立朝霞西高等学校
関東,埼玉県,高校,埼玉県立新座柳瀬高等学校
関東,埼玉県,高校,埼玉県立川越西高等学校
関東,埼玉県,高校,埼玉県立所沢西高等学校
関東,埼玉県,高校,埼玉県立坂戸西高等学校
関東,埼玉県,高校,埼玉県立妻沼高等学校
関東,埼玉県,高校,埼玉県立越谷西高等学校
関東,埼玉県,高校,埼玉県立大宮東高等学校
関東,埼玉県,高校,埼玉県立南稜高等学校
関東,埼玉県,高校,埼玉県立桶川西高等学校
関東,埼玉県,高校,埼玉県立吹上秋桜高等学校
関東,埼玉県,高校,埼玉県立所沢中央高等学校
関東,埼玉県,高校,埼玉県立草加東高等学校
関東,埼玉県,高校,埼玉県立三郷北高等学校
関東,埼玉県,高校,埼玉県立庄和高等学校
関東,埼玉県,高校,埼玉県立松伏高等学校
関東,埼玉県,高校,埼玉県立大宮南高等学校
関東,埼玉県,高校,埼玉県立狭山清陵高等学校
関東,埼玉県,高校,埼玉県立鶴ケ島清風高等学校
関東,埼玉県,高校,埼玉県立越谷東高等学校
関東,埼玉県,高校,埼玉県立宮代高等学校
関東,埼玉県,高校,埼玉県立浦和東高等学校
関東,埼玉県,高校,埼玉県立上尾橘高等学校
関東,埼玉県,高校,埼玉県立新座総合技術高等学校
関東,埼玉県,高校,埼玉県立川越初雁高等学校
関東,埼玉県,高校,埼玉県立入間向陽高等学校
関東,埼玉県,高校,埼玉県立草加西高等学校
関東,埼玉県,高校,埼玉県立川口青陵高等学校
関東,埼玉県,高校,埼玉県立伊奈学園総合高等学校
関東,埼玉県,高校,埼玉県立芸術総合高等学校
関東,埼玉県,高校,埼玉県立三郷工業技術高等学校
関東,埼玉県,高校,埼玉県立狭山経済高等学校
関東,埼玉県,高校,埼玉県立大宮光陵高等学校
関東,埼玉県,高校,埼玉県立越谷総合技術高等学校
関東,埼玉県,高校,埼玉県立和光国際高等学校
関東,埼玉県,高校,埼玉県立久喜北陽高等学校
関東,埼玉県,高校,埼玉県立鳩ケ谷高等学校
関東,埼玉県,高校,埼玉県立大宮中央高等学校
関東,埼玉県,高校,埼玉県立羽生高等学校
関東,埼玉県,高校,埼玉県立大宮科学技術高等学校
関東,埼玉県,高校,埼玉県立越生翔桜高等学校
関東,埼玉県,高校,埼玉県立八潮フロンティア高等学校
関東,埼玉県,高校,さいたま市立浦和高等学校
関東,埼玉県,高校,川越市立川越高等学校
関東,埼玉県,高校,さいたま市立大宮北高等学校
関東,埼玉県,高校,さいたま市立浦和南高等学校
関東,埼玉県,高校,川口市立高等学校
関東,埼玉県,高校,埼玉栄高等学校
関東,埼玉県,高校,大宮開成高等学校
関東,埼玉県,高校,松栄学園高等学校大宮分校
関東,埼玉県,高校,栄東高等学校
関東,埼玉県,高校,淑徳与野高等学校
関東,埼玉県,高校,浦和麗明高等学校
関東,埼玉県,高校,浦和実業学園高等学校
関東,埼玉県,高校,浦和明の星女子高等学校
関東,埼玉県,高校,浦和学院高等学校
関東,埼玉県,高校,青山学院大学系属浦和ルーテル学院高等学校
関東,埼玉県,高校,開智高等学校
関東,埼玉県,高校,山村学園高等学校
関東,埼玉県,高校,東邦音楽大学附属東邦第二高等学校
関東,埼玉県,高校,星野高等学校
関東,埼玉県,高校,城西大学付属川越高等学校
関東,埼玉県,高校,秀明高等学校
関東,埼玉県,高校,城北埼玉高等学校
関東,埼玉県,高校,川越東高等学校
関東,埼玉県,高校,霞ヶ関高等学校
関東,埼玉県,高校,聖望学園高等学校
関東,埼玉県,高校,自由の森学園高等学校
関東,埼玉県,高校,大川学園高等学校
関東,埼玉県,高校,わせがく夢育高等学校
関東,埼玉県,高校,花咲徳栄高等学校
関東,埼玉県,高校,開智未来高等学校
関東,埼玉県,高校,本庄第一高等学校
関東,埼玉県,高校,本庄東高等学校
関東,埼玉県,大学,早稲田大学本庄高等学院
関東,埼玉県,高校,東京農業大学第三高等学校
関東,埼玉県,高校,春日部共栄高等学校
関東,埼玉県,高校,松栄学園高等学校
関東,埼玉県,高校,西武学園文理高等学校
関東,埼玉県,高校,秋草学園高等学校
関東,埼玉県,高校,正智深谷高等学校
関東,埼玉県,高校,東京成徳大学深谷高等学校
関東,埼玉県,高校,創学舎高等学校
関東,埼玉県,高校,秀明英光高等学校
関東,埼玉県,高校,獨協埼玉高等学校
関東,埼玉県,高校,武蔵野星城高等学校
関東,埼玉県,高校,松栄学園高等学校越谷レイクタウン分校
関東,埼玉県,高校,叡明高等学校
関東,埼玉県,高校,武南高等学校
関東,埼玉県,高校,狭山ヶ丘高等学校
関東,埼玉県,高校,武蔵野音楽大学附属高等学校
関東,埼玉県,高校,東野高等学校
関東,埼玉県,高校,細田学園高等学校
関東,埼玉県,高校,慶應義塾志木高等学校
関東,埼玉県,高校,立教新座高等学校
関東,埼玉県,高校,西武台高等学校
関東,埼玉県,高校,山村国際高等学校
関東,埼玉県,高校,国際学院高等学校
関東,埼玉県,高校,栄北高等学校
関東,埼玉県,高校,埼玉平成高等学校
関東,埼玉県,高校,武蔵越生高等学校
関東,埼玉県,高校,清和学園高等学校
関東,埼玉県,高校,大妻嵐山高等学校
関東,埼玉県,高校,昌平高等学校
関東,埼玉県,高校,志学会高等学校
関東,埼玉県,中等教育学校,さいたま市立大宮国際中等教育学校
関東,埼玉県,中等教育学校,開智所沢中等教育学校
関東,千葉県,中学,千葉大学教育学部附属中学校
関東,千葉県,中学,千葉市立加曽利中学校
関東,千葉県,中学,千葉市立末広中学校
関東,千葉県,中学,千葉市立葛城中学校
関東,千葉県,中学,千葉市立椿森中学校
関東,千葉県,中学,千葉市立緑町中学校
関東,千葉県,中学,千葉市立小中台中学校
関東,千葉県,中学,千葉市立花園中学校
関東,千葉県,中学,千葉市立新宿中学校
関東,千葉県,中学,千葉市立蘇我中学校
関東,千葉県,中学,千葉市立轟町中学校
関東,千葉県,中学,千葉市立松ケ丘中学校
関東,千葉県,中学,千葉市立犢橋中学校
関東,千葉県,中学,千葉市立幕張中学校
関東,千葉県,中学,千葉市立生浜中学校
関東,千葉県,中学,千葉市立誉田中学校
関東,千葉県,中学,千葉市立白井中学校
関東,千葉県,中学,千葉市立更科中学校
関東,千葉県,中学,千葉市立川戸中学校
関東,千葉県,中学,千葉市立稲毛中学校
関東,千葉県,中学,千葉市立千草台中学校
関東,千葉県,中学,千葉市立幸町第一中学校
関東,千葉県,中学,千葉市立土気中学校
関東,千葉県,中学,千葉市立千城台西中学校
関東,千葉県,中学,千葉市立星久喜中学校
関東,千葉県,中学,千葉市立さつきが丘中学校
関東,千葉県,中学,千葉市立こてはし台中学校
関東,千葉県,中学,千葉市立大宮中学校
関東,千葉県,中学,千葉市立草野中学校
関東,千葉県,中学,千葉市立幕張西中学校
関東,千葉県,中学,千葉市立都賀中学校
関東,千葉県,中学,千葉市立千城台南中学校
関東,千葉県,中学,千葉市立みつわ台中学校
関東,千葉県,中学,千葉市立緑が丘中学校
関東,千葉県,中学,千葉市立天戸中学校
関東,千葉県,中学,千葉市立若松中学校
関東,千葉県,中学,千葉市立高浜中学校
関東,千葉県,中学,千葉市立幸町第二中学校
関東,千葉県,中学,千葉市立山王中学校
関東,千葉県,中学,千葉市立稲浜中学校
関東,千葉県,中学,千葉市立朝日ケ丘中学校
関東,千葉県,中学,千葉市立貝塚中学校
関東,千葉県,中学,千葉市立越智中学校
関東,千葉県,中学,千葉市立泉谷中学校
関東,千葉県,中学,千葉市立幕張本郷中学校
関東,千葉県,中学,千葉市立土気南中学校
関東,千葉県,中学,千葉市立打瀬中学校
関東,千葉県,中学,千葉市立有吉中学校
関東,千葉県,中学,千葉市立大椎中学校
関東,千葉県,中学,千葉県立千葉中学校
関東,千葉県,中学,銚子市立第一中学校
関東,千葉県,中学,銚子市立第二中学校
関東,千葉県,中学,銚子市立第三中学校
関東,千葉県,中学,市川市立第一中学校
関東,千葉県,中学,市川市立第二中学校
関東,千葉県,中学,市川市立第三中学校
関東,千葉県,中学,市川市立第四中学校
関東,千葉県,中学,市川市立第五中学校
関東,千葉県,中学,市川市立第六中学校
関東,千葉県,中学,市川市立第七中学校
関東,千葉県,中学,市川市立第八中学校
関東,千葉県,中学,市川市立下貝塚中学校
関東,千葉県,中学,市川市立高谷中学校
関東,千葉県,中学,市川市立福栄中学校
関東,千葉県,中学,市川市立東国分中学校
関東,千葉県,中学,市川市立大洲中学校
関東,千葉県,中学,市川市立南行徳中学校
関東,千葉県,中学,市川市立妙典中学校
関東,千葉県,中学,船橋市立船橋中学校
関東,千葉県,中学,船橋市立宮本中学校
関東,千葉県,中学,船橋市立海神中学校
関東,千葉県,中学,船橋市立葛飾中学校
関東,千葉県,中学,船橋市立法田中学校
関東,千葉県,中学,船橋市立御滝中学校
関東,千葉県,中学,船橋市立二宮中学校
関東,千葉県,中学,船橋市立湊中学校
関東,千葉県,中学,船橋市立前原中学校
関東,千葉県,中学,船橋市立高根台中学校
関東,千葉県,中学,船橋市立豊富中学校
関東,千葉県,中学,船橋市立習志野台中学校
関東,千葉県,中学,船橋市立若松中学校
関東,千葉県,中学,船橋市立古和釜中学校
関東,千葉県,中学,船橋市立高根中学校
関東,千葉県,中学,船橋市立三田中学校
関東,千葉県,中学,船橋市立行田中学校
関東,千葉県,中学,船橋市立芝山中学校
関東,千葉県,中学,船橋市立七林中学校
関東,千葉県,中学,船橋市立八木が谷中学校
関東,千葉県,中学,船橋市立小室中学校
関東,千葉県,中学,船橋市立大穴中学校
関東,千葉県,中学,船橋市立坪井中学校
関東,千葉県,中学,船橋市立三山中学校
関東,千葉県,中学,船橋市立飯山満中学校
関東,千葉県,中学,船橋市立旭中学校
関東,千葉県,中学,館山市立第一中学校
関東,千葉県,中学,館山市立房南中学校
関東,千葉県,中学,木更津市立木更津第一中学校
関東,千葉県,中学,木更津市立木更津第二中学校
関東,千葉県,中学,木更津市立木更津第三中学校
関東,千葉県,中学,木更津市立岩根中学校
関東,千葉県,中学,木更津市立鎌足中学校
関東,千葉県,中学,木更津市立金田中学校
関東,千葉県,中学,木更津市立富来田中学校
関東,千葉県,中学,木更津市立太田中学校
関東,千葉県,中学,木更津市立畑沢中学校
関東,千葉県,中学,木更津市立岩根西中学校
関東,千葉県,中学,木更津市立波岡中学校
関東,千葉県,中学,木更津市立清川中学校
関東,千葉県,中学,松戸市立第一中学校
関東,千葉県,中学,松戸市立第二中学校
関東,千葉県,中学,松戸市立第三中学校
関東,千葉県,中学,松戸市立第四中学校
関東,千葉県,中学,松戸市立第五中学校
関東,千葉県,中学,松戸市立第六中学校
関東,千葉県,中学,松戸市立小金中学校
関東,千葉県,中学,松戸市立常盤平中学校
関東,千葉県,中学,松戸市立栗ケ沢中学校
関東,千葉県,中学,松戸市立六実中学校
関東,千葉県,中学,松戸市立小金南中学校
関東,千葉県,中学,松戸市立古ケ崎中学校
関東,千葉県,中学,松戸市立牧野原中学校
関東,千葉県,中学,松戸市立根木内中学校
関東,千葉県,中学,松戸市立河原塚中学校
関東,千葉県,中学,松戸市立新松戸南中学校
関東,千葉県,中学,松戸市立金ケ作中学校
関東,千葉県,中学,松戸市立和名ケ谷中学校
関東,千葉県,中学,松戸市立旭町中学校
関東,千葉県,中学,松戸市立小金北中学校
関東,千葉県,中学,松戸市立第一中学校みらい分校
関東,千葉県,中学,野田市立第一中学校
関東,千葉県,中学,野田市立第二中学校
関東,千葉県,中学,野田市立東部中学校
関東,千葉県,中学,野田市立南部中学校
関東,千葉県,中学,野田市立北部中学校
関東,千葉県,中学,野田市立福田中学校
関東,千葉県,中学,野田市立川間中学校
関東,千葉県,中学,野田市立岩名中学校
関東,千葉県,中学,香取市立佐原中学校
関東,千葉県,中学,香取市立佐原第五中学校
関東,千葉県,中学,香取市立新島中学校
関東,千葉県,中学,香取市立香取中学校
関東,千葉県,中学,茂原市立東中学校
関東,千葉県,中学,茂原市立冨士見中学校
関東,千葉県,中学,茂原市立茂原中学校
関東,千葉県,中学,茂原市立南中学校
関東,千葉県,中学,茂原市立本納中学校
関東,千葉県,中学,成田市立成田中学校
関東,千葉県,中学,成田市立遠山中学校
関東,千葉県,中学,成田市立久住中学校
関東,千葉県,中学,成田市立西中学校
関東,千葉県,中学,成田市立中台中学校
関東,千葉県,中学,成田市立吾妻中学校
関東,千葉県,中学,成田市立玉造中学校
関東,千葉県,中学,佐倉市立佐倉中学校
関東,千葉県,中学,佐倉市立志津中学校
関東,千葉県,中学,佐倉市立上志津中学校
関東,千葉県,中学,佐倉市立南部中学校
関東,千葉県,中学,佐倉市立臼井中学校
関東,千葉県,中学,佐倉市立井野中学校
関東,千葉県,中学,佐倉市立佐倉東中学校
関東,千葉県,中学,佐倉市立臼井西中学校
関東,千葉県,中学,佐倉市立西志津中学校
関東,千葉県,中学,佐倉市立臼井南中学校
関東,千葉県,中学,佐倉市立根郷中学校
関東,千葉県,中学,東金市立東金中学校
関東,千葉県,中学,東金市立東中学校
関東,千葉県,中学,東金市立西中学校
関東,千葉県,中学,東金市立北中学校
関東,千葉県,中学,匝瑳市立八日市場第一中学校
関東,千葉県,中学,匝瑳市立八日市場第二中学校
関東,千葉県,中学,旭市立第一中学校
関東,千葉県,中学,旭市立第二中学校
関東,千葉県,中学,習志野市立第一中学校
関東,千葉県,中学,習志野市立第二中学校
関東,千葉県,中学,習志野市立第三中学校
関東,千葉県,中学,習志野市立第四中学校
関東,千葉県,中学,習志野市立第五中学校
関東,千葉県,中学,習志野市立第六中学校
関東,千葉県,中学,習志野市立第七中学校
関東,千葉県,中学,柏市立柏中学校
関東,千葉県,中学,柏市立柏第二中学校
関東,千葉県,中学,柏市立土中学校
関東,千葉県,中学,柏市立富勢中学校
関東,千葉県,中学,柏市立田中中学校
関東,千葉県,中学,柏市立光ヶ丘中学校
関東,千葉県,中学,柏市立柏第三中学校
関東,千葉県,中学,柏市立柏第四中学校
関東,千葉県,中学,柏市立南部中学校
関東,千葉県,中学,柏市立柏第五中学校
関東,千葉県,中学,柏市立酒井根中学校
関東,千葉県,中学,柏市立西原中学校
関東,千葉県,中学,柏市立松葉中学校
関東,千葉県,中学,柏市立逆井中学校
関東,千葉県,中学,柏市立中原中学校
関東,千葉県,中学,柏市立豊四季中学校
関東,千葉県,中学,柏市立柏の葉中学校
関東,千葉県,中学,勝浦市立勝浦中学校
関東,千葉県,中学,市原市立八幡中学校
関東,千葉県,中学,市原市立菊間中学校
関東,千葉県,中学,市原市立辰巳台中学校
関東,千葉県,中学,市原市立市原中学校
関東,千葉県,中学,市原市立五井中学校
関東,千葉県,中学,市原市立東海中学校
関東,千葉県,中学,市原市立姉崎中学校
関東,千葉県,中学,市原市立湿津中学校
関東,千葉県,中学,市原市立市東中学校
関東,千葉県,中学,市原市立三和中学校
関東,千葉県,中学,市原市立南総中学校
関東,千葉県,中学,市原市立加茂中学校
関東,千葉県,中学,市原市立有秋中学校
関東,千葉県,中学,市原市立若葉中学校
関東,千葉県,中学,市原市立国分寺台中学校
関東,千葉県,中学,市原市立姉崎東中学校
関東,千葉県,中学,市原市立双葉中学校
関東,千葉県,中学,市原市立千種中学校
関東,千葉県,中学,市原市立国分寺台西中学校
関東,千葉県,中学,市原市立ちはら台南中学校
関東,千葉県,中学,流山市立南部中学校
関東,千葉県,中学,流山市立常盤松中学校
関東,千葉県,中学,流山市立北部中学校
関東,千葉県,中学,流山市立東部中学校
関東,千葉県,中学,流山市立東深井中学校
関東,千葉県,中学,流山市立八木中学校
関東,千葉県,中学,流山市立南流山中学校
関東,千葉県,中学,流山市立西初石中学校
関東,千葉県,中学,流山市立おおたかの森中学校
関東,千葉県,中学,八千代市立八千代中学校
関東,千葉県,中学,八千代市立睦中学校
関東,千葉県,中学,八千代市立勝田台中学校
関東,千葉県,中学,八千代市立高津中学校
関東,千葉県,中学,八千代市立大和田中学校
関東,千葉県,中学,八千代市立八千代台西中学校
関東,千葉県,中学,八千代市立村上東中学校
関東,千葉県,中学,八千代市立東高津中学校
関東,千葉県,中学,八千代市立村上中学校
関東,千葉県,中学,八千代市立萱田中学校
関東,千葉県,中学,我孫子市立布佐中学校
関東,千葉県,中学,我孫子市立湖北中学校
関東,千葉県,中学,我孫子市立我孫子中学校
関東,千葉県,中学,我孫子市立湖北台中学校
関東,千葉県,中学,我孫子市立久寺家中学校
関東,千葉県,中学,我孫子市立白山中学校
関東,千葉県,中学,鴨川市立長狭中学校
関東,千葉県,中学,鴨川市立安房東中学校
関東,千葉県,中学,鎌ケ谷市立鎌ケ谷中学校
関東,千葉県,中学,鎌ケ谷市立第二中学校
関東,千葉県,中学,鎌ケ谷市立第三中学校
関東,千葉県,中学,鎌ケ谷市立第四中学校
関東,千葉県,中学,鎌ケ谷市立第五中学校
関東,千葉県,中学,君津市立君津中学校
関東,千葉県,中学,君津市立周西中学校
関東,千葉県,中学,君津市立周南中学校
関東,千葉県,中学,君津市立周東中学校
関東,千葉県,中学,君津市立上総小櫃中学校
関東,千葉県,中学,君津市立周西南中学校
関東,千葉県,中学,君津市立八重原中学校
関東,千葉県,中学,富津市立富津中学校
関東,千葉県,中学,富津市立大佐和中学校
関東,千葉県,中学,富津市立天羽中学校
関東,千葉県,中学,浦安市立浦安中学校
関東,千葉県,中学,浦安市立堀江中学校
関東,千葉県,中学,浦安市立見明川中学校
関東,千葉県,中学,浦安市立入船中学校
関東,千葉県,中学,浦安市立富岡中学校
関東,千葉県,中学,浦安市立美浜中学校
関東,千葉県,中学,浦安市立日の出中学校
関東,千葉県,中学,浦安市立明海中学校
関東,千葉県,中学,四街道市立四街道中学校
関東,千葉県,中学,四街道市立千代田中学校
関東,千葉県,中学,四街道市立旭中学校
関東,千葉県,中学,四街道市立四街道西中学校
関東,千葉県,中学,四街道市立四街道北中学校
関東,千葉県,中学,野田市立関宿中学校
関東,千葉県,中学,野田市立二川中学校
関東,千葉県,中学,野田市立木間ケ瀬中学校
関東,千葉県,中学,柏市立風早中学校
関東,千葉県,中学,柏市立手賀中学校
関東,千葉県,中学,柏市立大津ケ丘中学校
関東,千葉県,中学,柏市立高柳中学校
関東,千葉県,中学,千葉県立東葛飾中学校
関東,千葉県,中学,酒々井町立酒々井中学校
関東,千葉県,中学,八街市立八街中学校
関東,千葉県,中学,八街市立八街中央中学校
関東,千葉県,中学,八街市立八街南中学校
関東,千葉県,中学,八街市立八街北中学校
関東,千葉県,中学,富里市立富里中学校
関東,千葉県,中学,富里市立富里北中学校
関東,千葉県,中学,富里市立富里南中学校
関東,千葉県,中学,印西市立印旛中学校
関東,千葉県,中学,白井市立白井中学校
関東,千葉県,中学,白井市立大山口中学校
関東,千葉県,中学,白井市立南山中学校
関東,千葉県,中学,白井市立七次台中学校
関東,千葉県,中学,白井市立桜台中学校
関東,千葉県,中学,印西市立船穂中学校
関東,千葉県,中学,印西市立印西中学校
関東,千葉県,中学,印西市立木刈中学校
関東,千葉県,中学,印西市立小林中学校
関東,千葉県,中学,印西市立原山中学校
関東,千葉県,中学,印西市立西の原中学校
関東,千葉県,中学,印西市立本埜中学校
関東,千葉県,中学,印西市立滝野中学校
関東,千葉県,中学,栄町立栄中学校
関東,千葉県,中学,神崎町立神崎中学校
関東,千葉県,中学,香取市立小見川中学校
関東,千葉県,中学,香取市立山田中学校
関東,千葉県,中学,香取市立栗源中学校
関東,千葉県,中学,多古町立多古中学校
関東,千葉県,中学,旭市立干潟中学校
関東,千葉県,中学,東庄町立東庄中学校
関東,千葉県,中学,旭市立海上中学校
関東,千葉県,中学,旭市立飯岡中学校
関東,千葉県,中学,横芝光町立光中学校
関東,千葉県,中学,匝瑳市立野栄中学校
関東,千葉県,中学,大網白里市立大網中学校
関東,千葉県,中学,大網白里市立白里中学校
関東,千葉県,中学,大網白里市立増穂中学校
関東,千葉県,中学,九十九里町立九十九里中学校
関東,千葉県,中学,山武市立成東中学校
関東,千葉県,中学,山武市立成東東中学校
関東,千葉県,中学,山武市立山武中学校
関東,千葉県,中学,横芝光町立横芝中学校
関東,千葉県,中学,芝山町立芝山中学校
関東,千葉県,中学,一宮町立一宮中学校
関東,千葉県,中学,睦沢町立睦沢中学校
関東,千葉県,中学,長生村立長生中学校
関東,千葉県,中学,白子町立白子中学校
関東,千葉県,中学,長柄町立長柄中学校
関東,千葉県,中学,長南町立長南中学校
関東,千葉県,中学,大多喜町立大多喜中学校
関東,千葉県,中学,いすみ市立国吉中学校
関東,千葉県,中学,御宿町立御宿中学校
関東,千葉県,中学,いすみ市立大原中学校
関東,千葉県,中学,いすみ市立岬中学校
関東,千葉県,中学,南房総市立富浦中学校
関東,千葉県,中学,南房総市立富山中学校
関東,千葉県,中学,鋸南町立鋸南中学校
関東,千葉県,中学,南房総市立三芳中学校
関東,千葉県,中学,南房総市立嶺南中学校
関東,千葉県,中学,袖ケ浦市立昭和中学校
関東,千葉県,中学,袖ケ浦市立長浦中学校
関東,千葉県,中学,袖ケ浦市立根形中学校
関東,千葉県,中学,袖ケ浦市立平川中学校
関東,千葉県,中学,袖ケ浦市立蔵波中学校
関東,千葉県,中学,鴨川市立鴨川中学校
関東,千葉県,中学,千葉市立真砂中学校
関東,千葉県,中学,千葉市立おゆみ野南中学校
関東,千葉県,中学,市原市立ちはら台西中学校
関東,千葉県,中学,千葉市立磯辺中学校
関東,千葉県,中学,銚子市立銚子中学校
関東,千葉県,中学,成田市立公津の杜中学校
関東,千葉県,中学,浦安市立高洲中学校
関東,千葉県,中学,千葉市立花見川中学校
関東,千葉県,中学,千葉市立高洲中学校
関東,千葉県,中学,銚子市立銚子西中学校
関東,千葉県,中学,館山市立館山中学校
関東,千葉県,中学,流山市立おおぐろの森中学校
関東,千葉県,中学,山武市立山武望洋中学校
関東,千葉県,中学,千葉市立真砂中学校かがやき分校
関東,千葉県,中学,南房総市立南房総中学校
関東,千葉県,#N/A,国府台女子学院中学部
関東,千葉県,中学,日出学園中学校
関東,千葉県,中学,昭和学院中学校
関東,千葉県,中学,市川中学校
関東,千葉県,中学,和洋国府台女子中学校
関東,千葉県,中学,千葉日本大学第一中学校
関東,千葉県,中学,暁星国際中学校
関東,千葉県,中学,成田高等学校付属中学校
関東,千葉県,中学,東邦大学付属東邦中学校
関東,千葉県,中学,秀明大学学校教師学部附属秀明八千代中学校
関東,千葉県,中学,八千代松陰中学校
関東,千葉県,中学,光英ＶＥＲＩＴＡＳ中学校
関東,千葉県,中学,昭和学院秀英中学校
関東,千葉県,#N/A,志学館中等部
関東,千葉県,中学,渋谷教育学園幕張中学校
関東,千葉県,高校,東海大学付属浦安高等学校中等部
関東,千葉県,中学,翔凜中学校
関東,千葉県,中学,西武台千葉中学校
関東,千葉県,中学,芝浦工業大学柏中学校
関東,千葉県,中学,専修大学松戸中学校
関東,千葉県,中学,麗澤中学校
関東,千葉県,中学,千葉明徳中学校
関東,千葉県,中学,二松学舎大学附属柏中学校
関東,千葉県,中学,流通経済大学付属柏中学校
関東,千葉県,高校,千葉県立千葉高等学校
関東,千葉県,高校,千葉県立千葉女子高等学校
関東,千葉県,高校,千葉県立千葉東高等学校
関東,千葉県,高校,千葉県立千葉商業高等学校
関東,千葉県,高校,千葉県立京葉工業高等学校
関東,千葉県,高校,千葉県立千葉工業高等学校
関東,千葉県,高校,千葉県立千葉南高等学校
関東,千葉県,高校,千葉県立検見川高等学校
関東,千葉県,高校,千葉県立千葉北高等学校
関東,千葉県,高校,千葉県立若松高等学校
関東,千葉県,高校,千葉県立千城台高等学校
関東,千葉県,高校,千葉県立生浜高等学校
関東,千葉県,高校,千葉県立磯辺高等学校
関東,千葉県,高校,千葉県立泉高等学校
関東,千葉県,高校,千葉県立柏井高等学校
関東,千葉県,高校,千葉県立千葉大宮高等学校
関東,千葉県,高校,千葉県立土気高等学校
関東,千葉県,高校,千葉県立千葉西高等学校
関東,千葉県,高校,千葉県立犢橋高等学校
関東,千葉県,高校,千葉県立幕張総合高等学校
関東,千葉県,高校,千葉県立銚子高等学校
関東,千葉県,高校,千葉県立銚子商業高等学校
関東,千葉県,高校,千葉県立国府台高等学校
関東,千葉県,高校,千葉県立国分高等学校
関東,千葉県,高校,千葉県立行徳高等学校
関東,千葉県,高校,千葉県立市川東高等学校
関東,千葉県,高校,千葉県立市川南高等学校
関東,千葉県,高校,千葉県立市川工業高等学校
関東,千葉県,高校,千葉県立船橋高等学校
関東,千葉県,高校,千葉県立薬園台高等学校
関東,千葉県,高校,千葉県立船橋東高等学校
関東,千葉県,高校,千葉県立船橋芝山高等学校
関東,千葉県,高校,千葉県立船橋二和高等学校
関東,千葉県,高校,千葉県立船橋古和釜高等学校
関東,千葉県,高校,千葉県立船橋法典高等学校
関東,千葉県,高校,千葉県立船橋豊富高等学校
関東,千葉県,高校,千葉県立船橋北高等学校
関東,千葉県,高校,千葉県立安房高等学校
関東,千葉県,高校,千葉県立館山総合高等学校
関東,千葉県,高校,千葉県立木更津高等学校
関東,千葉県,高校,千葉県立木更津東高等学校
関東,千葉県,高校,千葉県立松戸高等学校
関東,千葉県,高校,千葉県立小金高等学校
関東,千葉県,高校,千葉県立松戸国際高等学校
関東,千葉県,高校,千葉県立松戸南高等学校
関東,千葉県,高校,千葉県立松戸六実高等学校
関東,千葉県,高校,千葉県立松戸馬橋高等学校
関東,千葉県,高校,千葉県立清水高等学校
関東,千葉県,高校,千葉県立野田中央高等学校
関東,千葉県,高校,千葉県立佐原高等学校
関東,千葉県,高校,千葉県立佐原白楊高等学校
関東,千葉県,高校,千葉県立長生高等学校
関東,千葉県,高校,千葉県立茂原高等学校
関東,千葉県,高校,千葉県立茂原樟陽高等学校
関東,千葉県,高校,千葉県立成田西陵高等学校
関東,千葉県,高校,千葉県立成田国際高等学校
関東,千葉県,高校,千葉県立成田北高等学校
関東,千葉県,高校,千葉県立佐倉高等学校
関東,千葉県,高校,千葉県立佐倉東高等学校
関東,千葉県,高校,千葉県立佐倉西高等学校
関東,千葉県,高校,千葉県立佐倉南高等学校
関東,千葉県,高校,千葉県立東金高等学校
関東,千葉県,高校,千葉県立東金商業高等学校
関東,千葉県,高校,千葉県立匝瑳高等学校
関東,千葉県,高校,千葉県立旭農業高等学校
関東,千葉県,高校,千葉県立東総工業高等学校
関東,千葉県,高校,千葉県立津田沼高等学校
関東,千葉県,高校,千葉県立実籾高等学校
関東,千葉県,高校,千葉県立東葛飾高等学校
関東,千葉県,高校,千葉県立柏高等学校
関東,千葉県,高校,千葉県立柏南高等学校
関東,千葉県,高校,千葉県立柏陵高等学校
関東,千葉県,高校,千葉県立柏中央高等学校
関東,千葉県,高校,千葉県立柏の葉高等学校
関東,千葉県,高校,千葉県立市原高等学校
関東,千葉県,高校,千葉県立京葉高等学校
関東,千葉県,高校,千葉県立市原緑高等学校
関東,千葉県,高校,千葉県立姉崎高等学校
関東,千葉県,高校,千葉県立市原八幡高等学校
関東,千葉県,高校,千葉県立流山高等学校
関東,千葉県,高校,千葉県立流山南高等学校
関東,千葉県,高校,千葉県立流山北高等学校
関東,千葉県,高校,千葉県立流山おおたかの森高等学校
関東,千葉県,高校,千葉県立八千代高等学校
関東,千葉県,高校,千葉県立八千代東高等学校
関東,千葉県,高校,千葉県立八千代西高等学校
関東,千葉県,高校,千葉県立我孫子高等学校
関東,千葉県,高校,千葉県立長狭高等学校
関東,千葉県,高校,千葉県立鎌ヶ谷高等学校
関東,千葉県,高校,千葉県立鎌ヶ谷西高等学校
関東,千葉県,高校,千葉県立君津青葉高等学校
関東,千葉県,高校,千葉県立君津高等学校
関東,千葉県,高校,千葉県立天羽高等学校
関東,千葉県,高校,千葉県立君津商業高等学校
関東,千葉県,高校,千葉県立浦安高等学校
関東,千葉県,高校,千葉県立浦安南高等学校
関東,千葉県,高校,千葉県立四街道高等学校
関東,千葉県,高校,千葉県立四街道北高等学校
関東,千葉県,高校,千葉県立沼南高等学校
関東,千葉県,高校,千葉県立沼南高柳高等学校
関東,千葉県,高校,千葉県立関宿高等学校
関東,千葉県,高校,千葉県立八街高等学校
関東,千葉県,高校,千葉県立印旛明誠高等学校
関東,千葉県,高校,千葉県立白井高等学校
関東,千葉県,高校,千葉県立富里高等学校
関東,千葉県,高校,千葉県立下総高等学校
関東,千葉県,高校,千葉県立小見川高等学校
関東,千葉県,高校,千葉県立多古高等学校
関東,千葉県,高校,千葉県立九十九里高等学校
関東,千葉県,高校,千葉県立成東高等学校
関東,千葉県,高校,千葉県立松尾高等学校
関東,千葉県,高校,千葉県立大網高等学校
関東,千葉県,高校,千葉県立一宮商業高等学校
関東,千葉県,高校,千葉県立大多喜高等学校
関東,千葉県,高校,千葉県立大原高等学校
関東,千葉県,高校,千葉県立安房拓心高等学校
関東,千葉県,高校,千葉県立袖ヶ浦高等学校
関東,千葉県,高校,千葉県立船橋啓明高等学校
関東,千葉県,高校,千葉県立市川昴高等学校
関東,千葉県,高校,千葉県立松戸向陽高等学校
関東,千葉県,高校,千葉県立我孫子東高等学校
関東,千葉県,高校,千葉市立千葉高等学校
関東,千葉県,高校,千葉市立稲毛高等学校
関東,千葉県,高校,銚子市立銚子高等学校
関東,千葉県,高校,船橋市立船橋高等学校
関東,千葉県,高校,松戸市立松戸高等学校
関東,千葉県,高校,習志野市立習志野高等学校
関東,千葉県,高校,柏市立柏高等学校
関東,千葉県,高校,千葉経済大学附属高等学校
関東,千葉県,高校,千葉明徳高等学校
関東,千葉県,高校,敬愛学園高等学校
関東,千葉県,高校,植草学園大学附属高等学校
関東,千葉県,高校,千葉聖心高等学校
関東,千葉県,高校,昭和学院秀英高等学校
関東,千葉県,高校,渋谷教育学園幕張高等学校
関東,千葉県,高校,明聖高等学校
関東,千葉県,高校,桜林高等学校
関東,千葉県,高校,昭和学院高等学校
関東,千葉県,高校,市川高等学校
関東,千葉県,高校,和洋国府台女子高等学校
関東,千葉県,高校,日出学園高等学校
関東,千葉県,高校,千葉商科大学付属高等学校
関東,千葉県,#N/A,国府台女子学院高等部
関東,千葉県,高校,不二女子高等学校
関東,千葉県,高校,東葉高等学校
関東,千葉県,高校,日本大学習志野高等学校
関東,千葉県,高校,千葉日本大学第一高等学校
関東,千葉県,高校,東京学館船橋高等学校
関東,千葉県,高校,中山学園高等学校
関東,千葉県,高校,千葉県安房西高等学校
関東,千葉県,高校,拓殖大学紅陵高等学校
関東,千葉県,高校,暁星国際高等学校
関東,千葉県,#N/A,志学館高等部
関東,千葉県,高校,木更津総合高等学校
関東,千葉県,高校,専修大学松戸高等学校
関東,千葉県,高校,光英ＶＥＲＩＴＡＳ高等学校
関東,千葉県,高校,西武台千葉高等学校
関東,千葉県,高校,あずさ第一高等学校
関東,千葉県,高校,千葉萌陽高等学校
関東,千葉県,高校,成田高等学校
関東,千葉県,高校,千葉学芸高等学校
関東,千葉県,高校,敬愛大学八日市場高等学校
関東,千葉県,高校,東邦大学付属東邦高等学校
関東,千葉県,高校,麗澤高等学校
関東,千葉県,高校,芝浦工業大学柏高等学校
関東,千葉県,高校,日本体育大学柏高等学校
関東,千葉県,高校,流通経済大学付属柏高等学校
関東,千葉県,高校,東海大学付属市原望洋高等学校
関東,千葉県,高校,市原中央高等学校
関東,千葉県,高校,千葉英和高等学校
関東,千葉県,高校,八千代松陰高等学校
関東,千葉県,高校,秀明大学学校教師学部附属秀明八千代高等学校
関東,千葉県,高校,我孫子二階堂高等学校
関東,千葉県,高校,中央学院高等学校
関東,千葉県,高校,鴨川令徳高等学校
関東,千葉県,高校,翔凜高等学校
関東,千葉県,高校,東海大学付属浦安高等学校
関東,千葉県,高校,東京学館浦安高等学校
関東,千葉県,高校,千葉敬愛高等学校
関東,千葉県,高校,愛国学園大学附属四街道高等学校
関東,千葉県,高校,二松学舎大学附属柏高等学校
関東,千葉県,高校,東京学館高等学校
関東,千葉県,高校,千葉黎明高等学校
関東,千葉県,高校,横芝敬愛高等学校
関東,千葉県,高校,茂原北陵高等学校
関東,千葉県,高校,わせがく高等学校
関東,千葉県,高校,中央国際高等学校
関東,千葉県,高校,ヒューマンキャンパスのぞみ高等学校
関東,千葉県,#N/A,成美学園高等學校
関東,千葉県,高校,千葉科学大学附属高等学校
関東,千葉県,中等教育学校,千葉市立稲毛国際中等教育学校
関東,千葉県,中等教育学校,時任学園中等教育学校
関東,千葉県,中等教育学校,三育学院中等教育学校
関東,東京都,中学,東京学芸大学附属世田谷中学校
関東,東京都,中学,東京学芸大学附属竹早中学校
関東,東京都,中学,東京学芸大学附属小金井中学校
関東,東京都,中学,筑波大学附属中学校
関東,東京都,中学,筑波大学附属駒場中学校
関東,東京都,中学,お茶の水女子大学附属中学校
関東,東京都,中学,千代田区立麹町中学校
関東,東京都,中学,千代田区立神田一橋中学校
関東,東京都,中学,中央区立晴海中学校
関東,東京都,中学,中央区立日本橋中学校
関東,東京都,中学,中央区立銀座中学校
関東,東京都,中学,中央区立佃中学校
関東,東京都,中学,中央区立晴海西中学校
関東,東京都,中学,港区立御成門中学校
関東,東京都,中学,港区立白金の丘中学校
関東,東京都,中学,港区立高松中学校
関東,東京都,中学,港区立港南中学校
関東,東京都,中学,港区立高陵中学校
関東,東京都,中学,港区立赤坂中学校
関東,東京都,中学,港区立青山中学校
関東,東京都,中学,港区立港陽中学校
関東,東京都,中学,港区立六本木中学校
関東,東京都,中学,港区立三田中学校
関東,東京都,中学,新宿区立牛込第一中学校
関東,東京都,中学,新宿区立牛込第二中学校
関東,東京都,中学,新宿区立牛込第三中学校
関東,東京都,中学,新宿区立落合中学校
関東,東京都,中学,新宿区立落合第二中学校
関東,東京都,中学,新宿区立西新宿中学校
関東,東京都,中学,新宿区立四谷中学校
関東,東京都,中学,新宿区立西早稲田中学校
関東,東京都,中学,新宿区立新宿中学校
関東,東京都,中学,新宿区立新宿西戸山中学校
関東,東京都,中学,文京区立第一中学校
関東,東京都,中学,文京区立第三中学校
関東,東京都,中学,文京区立第六中学校
関東,東京都,中学,文京区立第八中学校
関東,東京都,中学,文京区立第九中学校
関東,東京都,中学,文京区立第十中学校
関東,東京都,中学,文京区立文林中学校
関東,東京都,中学,文京区立茗台中学校
関東,東京都,中学,文京区立本郷台中学校
関東,東京都,中学,文京区立音羽中学校
関東,東京都,中学,台東区立上野中学校
関東,東京都,中学,台東区立忍岡中学校
関東,東京都,中学,台東区立駒形中学校
関東,東京都,中学,台東区立浅草中学校
関東,東京都,中学,台東区立御徒町台東中学校
関東,東京都,中学,台東区立柏葉中学校
関東,東京都,中学,台東区立桜橋中学校
関東,東京都,中学,墨田区立墨田中学校
関東,東京都,中学,墨田区立本所中学校
関東,東京都,中学,墨田区立両国中学校
関東,東京都,中学,墨田区立竪川中学校
関東,東京都,中学,墨田区立錦糸中学校
関東,東京都,中学,墨田区立吾嬬第二中学校
関東,東京都,中学,墨田区立寺島中学校
関東,東京都,中学,墨田区立文花中学校
関東,東京都,中学,墨田区立桜堤中学校
関東,東京都,中学,墨田区立吾嬬立花中学校
関東,東京都,中学,江東区立深川第一中学校
関東,東京都,中学,江東区立深川第二中学校
関東,東京都,中学,江東区立深川第三中学校
関東,東京都,中学,江東区立深川第四中学校
関東,東京都,中学,江東区立深川第五中学校
関東,東京都,中学,江東区立深川第六中学校
関東,東京都,中学,江東区立深川第七中学校
関東,東京都,中学,江東区立深川第八中学校
関東,東京都,中学,江東区立亀戸中学校
関東,東京都,中学,江東区立第二亀戸中学校
関東,東京都,中学,江東区立第三亀戸中学校
関東,東京都,中学,江東区立大島中学校
関東,東京都,中学,江東区立第二大島中学校
関東,東京都,中学,江東区立砂町中学校
関東,東京都,中学,江東区立第二砂町中学校
関東,東京都,中学,江東区立第三砂町中学校
関東,東京都,中学,江東区立第四砂町中学校
関東,東京都,中学,江東区立辰巳中学校
関東,東京都,中学,江東区立南砂中学校
関東,東京都,中学,江東区立第二南砂中学校
関東,東京都,中学,江東区立東陽中学校
関東,東京都,中学,江東区立大島西中学校
関東,東京都,中学,江東区立有明中学校
関東,東京都,中学,品川区立東海中学校
関東,東京都,中学,品川区立大崎中学校
関東,東京都,中学,品川区立浜川中学校
関東,東京都,中学,品川区立鈴ケ森中学校
関東,東京都,中学,品川区立冨士見台中学校
関東,東京都,中学,品川区立荏原第一中学校
関東,東京都,中学,品川区立荏原第五中学校
関東,東京都,中学,品川区立荏原第六中学校
関東,東京都,中学,品川区立戸越台中学校
関東,東京都,中学,目黒区立第一中学校
関東,東京都,中学,目黒区立第十中学校
関東,東京都,中学,目黒区立東山中学校
関東,東京都,中学,目黒区立目黒中央中学校
関東,東京都,中学,目黒区立大鳥中学校
関東,東京都,中学,目黒区立目黒南中学校
関東,東京都,中学,目黒区立目黒西中学校
関東,東京都,中学,大田区立大森第一中学校
関東,東京都,中学,大田区立大森第二中学校
関東,東京都,中学,大田区立大森第八中学校
関東,東京都,中学,大田区立馬込中学校
関東,東京都,中学,大田区立馬込東中学校
関東,東京都,中学,大田区立貝塚中学校
関東,東京都,中学,大田区立大森第四中学校
関東,東京都,中学,大田区立大森第三中学校
関東,東京都,中学,大田区立東調布中学校
関東,東京都,中学,大田区立田園調布中学校
関東,東京都,中学,大田区立大森第七中学校
関東,東京都,中学,大田区立雪谷中学校
関東,東京都,中学,大田区立大森第十中学校
関東,東京都,中学,大田区立大森第六中学校
関東,東京都,中学,大田区立石川台中学校
関東,東京都,中学,大田区立羽田中学校
関東,東京都,中学,大田区立糀谷中学校
関東,東京都,中学,大田区立出雲中学校
関東,東京都,中学,大田区立六郷中学校
関東,東京都,中学,大田区立志茂田中学校
関東,東京都,中学,大田区立南六郷中学校
関東,東京都,中学,大田区立矢口中学校
関東,東京都,中学,大田区立御園中学校
関東,東京都,中学,大田区立蓮沼中学校
関東,東京都,中学,大田区立安方中学校
関東,東京都,中学,大田区立東蒲中学校
関東,東京都,中学,大田区立蒲田中学校
関東,東京都,中学,大田区立大森東中学校
関東,東京都,中学,世田谷区立太子堂中学校
関東,東京都,中学,世田谷区立桜丘中学校
関東,東京都,中学,世田谷区立松沢中学校
関東,東京都,中学,世田谷区立駒沢中学校
関東,東京都,中学,世田谷区立北沢中学校
関東,東京都,中学,世田谷区立緑丘中学校
関東,東京都,中学,世田谷区立駒留中学校
関東,東京都,中学,世田谷区立梅丘中学校
関東,東京都,中学,世田谷区立桜木中学校
関東,東京都,中学,世田谷区立富士中学校
関東,東京都,中学,世田谷区立弦巻中学校
関東,東京都,中学,世田谷区立奥沢中学校
関東,東京都,中学,世田谷区立八幡中学校
関東,東京都,中学,世田谷区立玉川中学校
関東,東京都,中学,世田谷区立瀬田中学校
関東,東京都,中学,世田谷区立深沢中学校
関東,東京都,中学,世田谷区立尾山台中学校
関東,東京都,中学,世田谷区立用賀中学校
関東,東京都,中学,世田谷区立東深沢中学校
関東,東京都,中学,世田谷区立砧中学校
関東,東京都,中学,世田谷区立烏山中学校
関東,東京都,中学,世田谷区立千歳中学校
関東,東京都,中学,世田谷区立芦花中学校
関東,東京都,中学,世田谷区立上祖師谷中学校
関東,東京都,中学,世田谷区立砧南中学校
関東,東京都,中学,世田谷区立喜多見中学校
関東,東京都,中学,世田谷区立三宿中学校
関東,東京都,中学,世田谷区立世田谷中学校
関東,東京都,中学,世田谷区立船橋希望中学校
関東,東京都,中学,世田谷区立北沢学園中学校
関東,東京都,中学,渋谷区立広尾中学校
関東,東京都,中学,渋谷区立鉢山中学校
関東,東京都,中学,渋谷区立上原中学校
関東,東京都,中学,渋谷区立代々木中学校
関東,東京都,中学,渋谷区立笹塚中学校
関東,東京都,中学,渋谷区立松濤中学校
関東,東京都,中学,渋谷区立渋谷本町学園中学校
関東,東京都,中学,渋谷区立原宿外苑中学校
関東,東京都,中学,中野区立第二中学校
関東,東京都,中学,中野区立第五中学校
関東,東京都,中学,中野区立第七中学校
関東,東京都,中学,中野区立北中野中学校
関東,東京都,中学,中野区立緑野中学校
関東,東京都,中学,中野区立南中野中学校
関東,東京都,中学,中野区立中野中学校
関東,東京都,中学,中野区立中野東中学校
関東,東京都,中学,中野区立明和中学校
関東,東京都,中学,杉並区立高南中学校
関東,東京都,中学,杉並区立杉森中学校
関東,東京都,中学,杉並区立阿佐ヶ谷中学校
関東,東京都,中学,杉並区立東田中学校
関東,東京都,中学,杉並区立松溪中学校
関東,東京都,中学,杉並区立天沼中学校
関東,東京都,中学,杉並区立東原中学校
関東,東京都,中学,杉並区立中瀬中学校
関東,東京都,中学,杉並区立井荻中学校
関東,東京都,中学,杉並区立井草中学校
関東,東京都,中学,杉並区立荻窪中学校
関東,東京都,中学,杉並区立神明中学校
関東,東京都,中学,杉並区立宮前中学校
関東,東京都,中学,杉並区立富士見丘中学校
関東,東京都,中学,杉並区立高井戸中学校
関東,東京都,中学,杉並区立向陽中学校
関東,東京都,中学,杉並区立松ノ木中学校
関東,東京都,中学,杉並区立大宮中学校
関東,東京都,中学,杉並区立泉南中学校
関東,東京都,中学,杉並区立和田中学校
関東,東京都,中学,杉並区立西宮中学校
関東,東京都,中学,杉並区立和泉中学校
関東,東京都,中学,杉並区立高円寺中学校
関東,東京都,中学,豊島区立駒込中学校
関東,東京都,中学,豊島区立西巣鴨中学校
関東,東京都,中学,豊島区立池袋中学校
関東,東京都,中学,豊島区立千川中学校
関東,東京都,中学,豊島区立千登世橋中学校
関東,東京都,中学,豊島区立巣鴨北中学校
関東,東京都,中学,豊島区立明豊中学校
関東,東京都,中学,豊島区立西池袋中学校
関東,東京都,中学,北区立堀船中学校
関東,東京都,中学,北区立稲付中学校
関東,東京都,中学,北区立浮間中学校
関東,東京都,中学,北区立飛鳥中学校
関東,東京都,中学,北区立王子桜中学校
関東,東京都,中学,北区立桐ケ丘中学校
関東,東京都,中学,北区立明桜中学校
関東,東京都,中学,北区立十条富士見中学校
関東,東京都,中学,北区立田端中学校
関東,東京都,中学,北区立滝野川紅葉中学校
関東,東京都,中学,北区立赤羽岩淵中学校
関東,東京都,中学,荒川区立第一中学校
関東,東京都,中学,荒川区立第三中学校
関東,東京都,中学,荒川区立第四中学校
関東,東京都,中学,荒川区立第五中学校
関東,東京都,中学,荒川区立第七中学校
関東,東京都,中学,荒川区立第九中学校
関東,東京都,中学,荒川区立尾久八幡中学校
関東,東京都,中学,荒川区立南千住第二中学校
関東,東京都,中学,荒川区立原中学校
関東,東京都,中学,荒川区立諏訪台中学校
関東,東京都,中学,板橋区立板橋第一中学校
関東,東京都,中学,板橋区立板橋第二中学校
関東,東京都,中学,板橋区立板橋第三中学校
関東,東京都,中学,板橋区立板橋第五中学校
関東,東京都,中学,板橋区立加賀中学校
関東,東京都,中学,板橋区立志村第一中学校
関東,東京都,中学,板橋区立志村第二中学校
関東,東京都,中学,板橋区立志村第三中学校
関東,東京都,中学,板橋区立志村第四中学校
関東,東京都,中学,板橋区立西台中学校
関東,東京都,中学,板橋区立中台中学校
関東,東京都,中学,板橋区立上板橋第一中学校
関東,東京都,中学,板橋区立上板橋第二中学校
関東,東京都,中学,板橋区立上板橋第三中学校
関東,東京都,中学,板橋区立桜川中学校
関東,東京都,中学,板橋区立赤塚第一中学校
関東,東京都,中学,板橋区立赤塚第二中学校
関東,東京都,中学,板橋区立赤塚第三中学校
関東,東京都,中学,板橋区立高島第二中学校
関東,東京都,中学,板橋区立高島第一中学校
関東,東京都,中学,板橋区立高島第三中学校
関東,東京都,中学,板橋区立志村第五中学校
関東,東京都,中学,練馬区立旭丘中学校
関東,東京都,中学,練馬区立豊玉中学校
関東,東京都,中学,練馬区立豊玉第二中学校
関東,東京都,中学,練馬区立中村中学校
関東,東京都,中学,練馬区立開進第一中学校
関東,東京都,中学,練馬区立開進第二中学校
関東,東京都,中学,練馬区立開進第三中学校
関東,東京都,中学,練馬区立開進第四中学校
関東,東京都,中学,練馬区立北町中学校
関東,東京都,中学,練馬区立練馬中学校
関東,東京都,中学,練馬区立貫井中学校
関東,東京都,中学,練馬区立田柄中学校
関東,東京都,中学,練馬区立豊渓中学校
関東,東京都,中学,練馬区立石神井中学校
関東,東京都,中学,練馬区立石神井南中学校
関東,東京都,中学,練馬区立石神井東中学校
関東,東京都,中学,練馬区立石神井西中学校
関東,東京都,中学,練馬区立上石神井中学校
関東,東京都,中学,練馬区立大泉中学校
関東,東京都,中学,練馬区立大泉学園中学校
関東,東京都,中学,練馬区立大泉第二中学校
関東,東京都,中学,練馬区立八坂中学校
関東,東京都,中学,練馬区立練馬東中学校
関東,東京都,中学,練馬区立大泉西中学校
関東,東京都,中学,練馬区立関中学校
関東,東京都,中学,練馬区立谷原中学校
関東,東京都,中学,練馬区立三原台中学校
関東,東京都,中学,練馬区立大泉北中学校
関東,東京都,中学,練馬区立南が丘中学校
関東,東京都,中学,練馬区立大泉学園桜中学校
関東,東京都,中学,練馬区立光が丘第一中学校
関東,東京都,中学,練馬区立光が丘第二中学校
関東,東京都,中学,練馬区立光が丘第三中学校
関東,東京都,中学,足立区立第一中学校
関東,東京都,中学,足立区立第四中学校
関東,東京都,中学,足立区立第五中学校
関東,東京都,中学,足立区立第六中学校
関東,東京都,中学,足立区立第七中学校
関東,東京都,中学,足立区立第九中学校
関東,東京都,中学,足立区立第十中学校
関東,東京都,中学,足立区立第十一中学校
関東,東京都,中学,足立区立第十二中学校
関東,東京都,中学,足立区立第十三中学校
関東,東京都,中学,足立区立第十四中学校
関東,東京都,中学,足立区立江南中学校
関東,東京都,中学,足立区立新田中学校
関東,東京都,中学,足立区立東島根中学校
関東,東京都,中学,足立区立渕江中学校
関東,東京都,中学,足立区立竹の塚中学校
関東,東京都,中学,足立区立東綾瀬中学校
関東,東京都,中学,足立区立花畑中学校
関東,東京都,中学,足立区立蒲原中学校
関東,東京都,中学,足立区立青井中学校
関東,東京都,中学,足立区立西新井中学校
関東,東京都,中学,足立区立入谷中学校
関東,東京都,中学,足立区立伊興中学校
関東,東京都,中学,足立区立花畑北中学校
関東,東京都,中学,足立区立谷中中学校
関東,東京都,中学,足立区立花保中学校
関東,東京都,中学,足立区立栗島中学校
関東,東京都,中学,足立区立扇中学校
関東,東京都,中学,足立区立加賀中学校
関東,東京都,中学,足立区立入谷南中学校
関東,東京都,中学,足立区立六月中学校
関東,東京都,中学,足立区立千寿青葉中学校
関東,東京都,中学,足立区立千寿桜堤中学校
関東,東京都,中学,足立区立鹿浜菜の花中学校
関東,東京都,中学,足立区立江北桜中学校
関東,東京都,中学,葛飾区立本田中学校
関東,東京都,中学,葛飾区立金町中学校
関東,東京都,中学,葛飾区立水元中学校
関東,東京都,中学,葛飾区立新宿中学校
関東,東京都,中学,葛飾区立奥戸中学校
関東,東京都,中学,葛飾区立綾瀬中学校
関東,東京都,中学,葛飾区立上平井中学校
関東,東京都,中学,葛飾区立中川中学校
関東,東京都,中学,葛飾区立桜道中学校
関東,東京都,中学,葛飾区立堀切中学校
関東,東京都,中学,葛飾区立双葉中学校
関東,東京都,中学,葛飾区立大道中学校
関東,東京都,中学,葛飾区立四ツ木中学校
関東,東京都,中学,葛飾区立小松中学校
関東,東京都,中学,葛飾区立亀有中学校
関東,東京都,中学,葛飾区立立石中学校
関東,東京都,中学,葛飾区立常盤中学校
関東,東京都,中学,葛飾区立一之台中学校
関東,東京都,中学,葛飾区立青戸中学校
関東,東京都,中学,葛飾区立青葉中学校
関東,東京都,中学,葛飾区立高砂中学校
関東,東京都,中学,葛飾区立東金町中学校
関東,東京都,中学,葛飾区立葛美中学校
関東,東京都,中学,葛飾区立新小岩中学校
関東,東京都,中学,江戸川区立小松川第二中学校
関東,東京都,中学,江戸川区立松江第一中学校
関東,東京都,中学,江戸川区立松江第二中学校
関東,東京都,中学,江戸川区立松江第三中学校
関東,東京都,中学,江戸川区立松江第四中学校
関東,東京都,中学,江戸川区立松江第五中学校
関東,東京都,中学,江戸川区立葛西中学校
関東,東京都,中学,江戸川区立葛西第二中学校
関東,東京都,中学,江戸川区立瑞江中学校
関東,東京都,中学,江戸川区立瑞江第二中学校
関東,東京都,中学,江戸川区立鹿本中学校
関東,東京都,中学,江戸川区立篠崎中学校
関東,東京都,中学,江戸川区立小岩第一中学校
関東,東京都,中学,江戸川区立小岩第二中学校
関東,東京都,中学,江戸川区立小岩第三中学校
関東,東京都,中学,江戸川区立小岩第四中学校
関東,東京都,中学,江戸川区立小岩第五中学校
関東,東京都,中学,江戸川区立上一色中学校
関東,東京都,中学,江戸川区立瑞江第三中学校
関東,東京都,中学,江戸川区立葛西第三中学校
関東,東京都,中学,江戸川区立松江第六中学校
関東,東京都,中学,江戸川区立篠崎第二中学校
関東,東京都,中学,江戸川区立春江中学校
関東,東京都,中学,江戸川区立二之江中学校
関東,東京都,中学,江戸川区立鹿骨中学校
関東,東京都,中学,江戸川区立南葛西中学校
関東,東京都,中学,江戸川区立西葛西中学校
関東,東京都,中学,江戸川区立東葛西中学校
関東,東京都,中学,江戸川区立清新第一中学校
関東,東京都,中学,江戸川区立南葛西第二中学校
関東,東京都,中学,江戸川区立清新第二中学校
関東,東京都,中学,江戸川区立小松川中学校
関東,東京都,中学,八王子市立第一中学校
関東,東京都,中学,八王子市立第二中学校
関東,東京都,中学,八王子市立第四中学校
関東,東京都,中学,八王子市立第五中学校
関東,東京都,中学,八王子市立第六中学校
関東,東京都,中学,八王子市立第七中学校
関東,東京都,中学,八王子市立横山中学校
関東,東京都,中学,八王子市立長房中学校
関東,東京都,中学,八王子市立館中学校
関東,東京都,中学,八王子市立元八王子中学校
関東,東京都,中学,八王子市立恩方中学校
関東,東京都,中学,八王子市立川口中学校
関東,東京都,中学,八王子市立加住中学校
関東,東京都,中学,八王子市立由井中学校
関東,東京都,中学,八王子市立打越中学校
関東,東京都,中学,八王子市立浅川中学校
関東,東京都,中学,八王子市立由木中学校
関東,東京都,中学,八王子市立四谷中学校
関東,東京都,中学,八王子市立楢原中学校
関東,東京都,中学,八王子市立松が谷中学校
関東,東京都,中学,八王子市立椚田中学校
関東,東京都,中学,八王子市立ひよどり山中学校
関東,東京都,中学,八王子市立横川中学校
関東,東京都,中学,八王子市立中山中学校
関東,東京都,中学,八王子市立甲ノ原中学校
関東,東京都,中学,八王子市立石川中学校
関東,東京都,中学,八王子市立城山中学校
関東,東京都,中学,八王子市立南大沢中学校
関東,東京都,中学,八王子市立陵南中学校
関東,東京都,中学,八王子市立宮上中学校
関東,東京都,中学,八王子市立別所中学校
関東,東京都,中学,八王子市立上柚木中学校
関東,東京都,中学,八王子市立松木中学校
関東,東京都,中学,八王子市立みなみ野中学校
関東,東京都,中学,八王子市立鑓水中学校
関東,東京都,中学,八王子市立七国中学校
関東,東京都,#N/A,八王子市立高尾山学園中学部
関東,東京都,中学,立川市立立川第一中学校
関東,東京都,中学,立川市立立川第二中学校
関東,東京都,中学,立川市立立川第三中学校
関東,東京都,中学,立川市立立川第四中学校
関東,東京都,中学,立川市立立川第五中学校
関東,東京都,中学,立川市立立川第六中学校
関東,東京都,中学,立川市立立川第七中学校
関東,東京都,中学,立川市立立川第八中学校
関東,東京都,中学,立川市立立川第九中学校
関東,東京都,中学,武蔵野市立第一中学校
関東,東京都,中学,武蔵野市立第二中学校
関東,東京都,中学,武蔵野市立第三中学校
関東,東京都,中学,武蔵野市立第四中学校
関東,東京都,中学,武蔵野市立第五中学校
関東,東京都,中学,武蔵野市立第六中学校
関東,東京都,中学,三鷹市立第一中学校
関東,東京都,中学,三鷹市立第二中学校
関東,東京都,中学,三鷹市立第三中学校
関東,東京都,中学,三鷹市立第四中学校
関東,東京都,中学,三鷹市立第五中学校
関東,東京都,中学,三鷹市立第六中学校
関東,東京都,中学,三鷹市立第七中学校
関東,東京都,中学,青梅市立第一中学校
関東,東京都,中学,青梅市立第二中学校
関東,東京都,中学,青梅市立第三中学校
関東,東京都,中学,青梅市立西中学校
関東,東京都,中学,青梅市立第六中学校
関東,東京都,中学,青梅市立第七中学校
関東,東京都,中学,青梅市立霞台中学校
関東,東京都,中学,青梅市立吹上中学校
関東,東京都,中学,青梅市立新町中学校
関東,東京都,中学,青梅市立泉中学校
関東,東京都,中学,青梅市立東中学校
関東,東京都,中学,府中市立府中第一中学校
関東,東京都,中学,府中市立府中第二中学校
関東,東京都,中学,府中市立府中第三中学校
関東,東京都,中学,府中市立府中第四中学校
関東,東京都,中学,府中市立府中第五中学校
関東,東京都,中学,府中市立府中第六中学校
関東,東京都,中学,府中市立府中第七中学校
関東,東京都,中学,府中市立府中第八中学校
関東,東京都,中学,府中市立府中第九中学校
関東,東京都,中学,府中市立府中第十中学校
関東,東京都,中学,府中市立浅間中学校
関東,東京都,中学,昭島市立昭和中学校
関東,東京都,中学,昭島市立清泉中学校
関東,東京都,中学,昭島市立拝島中学校
関東,東京都,中学,昭島市立多摩辺中学校
関東,東京都,中学,昭島市立福島中学校
関東,東京都,中学,昭島市立瑞雲中学校
関東,東京都,中学,調布市立調布中学校
関東,東京都,中学,調布市立神代中学校
関東,東京都,中学,調布市立第三中学校
関東,東京都,中学,調布市立第四中学校
関東,東京都,中学,調布市立第五中学校
関東,東京都,中学,調布市立第六中学校
関東,東京都,中学,調布市立第七中学校
関東,東京都,中学,調布市立第八中学校
関東,東京都,中学,町田市立町田第一中学校
関東,東京都,中学,町田市立町田第二中学校
関東,東京都,中学,町田市立町田第三中学校
関東,東京都,中学,町田市立南中学校
関東,東京都,中学,町田市立薬師中学校
関東,東京都,中学,町田市立鶴川中学校
関東,東京都,中学,町田市立忠生中学校
関東,東京都,中学,町田市立堺中学校
関東,東京都,中学,町田市立鶴川第二中学校
関東,東京都,中学,町田市立南大谷中学校
関東,東京都,中学,町田市立つくし野中学校
関東,東京都,中学,町田市立成瀬台中学校
関東,東京都,中学,町田市立山崎中学校
関東,東京都,中学,町田市立真光寺中学校
関東,東京都,中学,町田市立南成瀬中学校
関東,東京都,中学,町田市立武蔵岡中学校
関東,東京都,中学,町田市立木曽中学校
関東,東京都,中学,町田市立小山田中学校
関東,東京都,中学,町田市立金井中学校
関東,東京都,中学,町田市立小山中学校
関東,東京都,中学,小金井市立小金井第一中学校
関東,東京都,中学,小金井市立小金井第二中学校
関東,東京都,中学,小金井市立東中学校
関東,東京都,中学,小金井市立緑中学校
関東,東京都,中学,小金井市立南中学校
関東,東京都,中学,小平市立小平第一中学校
関東,東京都,中学,小平市立小平第二中学校
関東,東京都,中学,小平市立小平第三中学校
関東,東京都,中学,小平市立小平第四中学校
関東,東京都,中学,小平市立小平第五中学校
関東,東京都,中学,小平市立小平第六中学校
関東,東京都,中学,小平市立上水中学校
関東,東京都,中学,小平市立花小金井南中学校
関東,東京都,中学,日野市立日野第一中学校
関東,東京都,中学,日野市立日野第二中学校
関東,東京都,中学,日野市立七生中学校
関東,東京都,中学,日野市立日野第三中学校
関東,東京都,中学,日野市立日野第四中学校
関東,東京都,中学,日野市立三沢中学校
関東,東京都,中学,日野市立大坂上中学校
関東,東京都,中学,日野市立平山中学校
関東,東京都,中学,東村山市立東村山第一中学校
関東,東京都,中学,東村山市立東村山第二中学校
関東,東京都,中学,東村山市立東村山第三中学校
関東,東京都,中学,東村山市立東村山第三中学校萩山分校
関東,東京都,中学,東村山市立東村山第四中学校
関東,東京都,中学,東村山市立東村山第五中学校
関東,東京都,中学,東村山市立東村山第六中学校
関東,東京都,中学,東村山市立東村山第七中学校
関東,東京都,中学,国分寺市立第一中学校
関東,東京都,中学,国分寺市立第二中学校
関東,東京都,中学,国分寺市立第三中学校
関東,東京都,中学,国分寺市立第四中学校
関東,東京都,中学,国分寺市立第五中学校
関東,東京都,中学,国立市立国立第一中学校
関東,東京都,中学,国立市立国立第二中学校
関東,東京都,中学,国立市立国立第三中学校
関東,東京都,中学,福生市立福生第一中学校
関東,東京都,中学,福生市立福生第二中学校
関東,東京都,中学,福生市立福生第三中学校
関東,東京都,中学,福生市立牛浜もくせい中学校
関東,東京都,中学,狛江市立狛江第一中学校
関東,東京都,中学,狛江市立狛江第二中学校
関東,東京都,中学,狛江市立狛江第三中学校
関東,東京都,中学,狛江市立狛江第四中学校
関東,東京都,中学,東大和市立第一中学校
関東,東京都,中学,東大和市立第二中学校
関東,東京都,中学,東大和市立第三中学校
関東,東京都,中学,東大和市立第四中学校
関東,東京都,中学,東大和市立第五中学校
関東,東京都,中学,清瀬市立清瀬中学校
関東,東京都,中学,清瀬市立清瀬第二中学校
関東,東京都,中学,清瀬市立清瀬第三中学校
関東,東京都,中学,清瀬市立清瀬第四中学校
関東,東京都,中学,清瀬市立清瀬第五中学校
関東,東京都,中学,東久留米市立久留米中学校
関東,東京都,中学,東久留米市立東中学校
関東,東京都,中学,東久留米市立西中学校
関東,東京都,中学,東久留米市立南中学校
関東,東京都,中学,東久留米市立大門中学校
関東,東京都,中学,東久留米市立下里中学校
関東,東京都,中学,東久留米市立中央中学校
関東,東京都,中学,武蔵村山市立第一中学校
関東,東京都,中学,武蔵村山市立第二中学校
関東,東京都,中学,武蔵村山市立第三中学校
関東,東京都,中学,武蔵村山市立第四中学校
関東,東京都,中学,武蔵村山市立第五中学校
関東,東京都,中学,多摩市立多摩中学校
関東,東京都,中学,多摩市立東愛宕中学校
関東,東京都,中学,多摩市立和田中学校
関東,東京都,中学,多摩市立諏訪中学校
関東,東京都,中学,多摩市立聖ヶ丘中学校
関東,東京都,中学,多摩市立鶴牧中学校
関東,東京都,中学,多摩市立多摩永山中学校
関東,東京都,中学,多摩市立落合中学校
関東,東京都,中学,多摩市立青陵中学校
関東,東京都,中学,稲城市立稲城第一中学校
関東,東京都,中学,稲城市立稲城第二中学校
関東,東京都,中学,稲城市立稲城第三中学校
関東,東京都,中学,稲城市立稲城第四中学校
関東,東京都,中学,稲城市立稲城第五中学校
関東,東京都,中学,稲城市立稲城第六中学校
関東,東京都,中学,羽村市立羽村第一中学校
関東,東京都,中学,羽村市立羽村第二中学校
関東,東京都,中学,羽村市立羽村第三中学校
関東,東京都,中学,あきる野市立秋多中学校
関東,東京都,中学,あきる野市立東中学校
関東,東京都,中学,あきる野市立西中学校
関東,東京都,中学,あきる野市立御堂中学校
関東,東京都,中学,あきる野市立増戸中学校
関東,東京都,中学,あきる野市立五日市中学校
関東,東京都,中学,西東京市立田無第一中学校
関東,東京都,中学,西東京市立田無第二中学校
関東,東京都,中学,西東京市立田無第三中学校
関東,東京都,中学,西東京市立田無第四中学校
関東,東京都,中学,西東京市立保谷中学校
関東,東京都,中学,西東京市立ひばりが丘中学校
関東,東京都,中学,西東京市立青嵐中学校
関東,東京都,中学,西東京市立柳沢中学校
関東,東京都,中学,西東京市立明保中学校
関東,東京都,中学,瑞穂町立瑞穂中学校
関東,東京都,中学,瑞穂町立瑞穂第二中学校
関東,東京都,中学,日の出町立大久野中学校
関東,東京都,中学,日の出町立平井中学校
関東,東京都,中学,檜原村立檜原中学校
関東,東京都,中学,奥多摩町立奥多摩中学校
関東,東京都,中学,大島町立第一中学校
関東,東京都,中学,大島町立第二中学校
関東,東京都,中学,大島町立第三中学校
関東,東京都,中学,新島村立新島中学校
関東,東京都,中学,新島村立式根島中学校
関東,東京都,中学,神津島村立神津中学校
関東,東京都,中学,三宅村立三宅中学校
関東,東京都,中学,御蔵島村立御蔵島中学校
関東,東京都,中学,八丈町立富士中学校
関東,東京都,中学,八丈町立大賀郷中学校
関東,東京都,中学,八丈町立三原中学校
関東,東京都,中学,青ヶ島村立青ヶ島中学校
関東,東京都,中学,小笠原村立小笠原中学校
関東,東京都,中学,東京都立白鴎高等学校附属中学校
関東,東京都,中学,東京都立両国高等学校附属中学校
関東,東京都,中学,東京都立武蔵高等学校附属中学校
関東,東京都,中学,東京都立富士高等学校附属中学校
関東,東京都,中学,東京都立大泉高等学校附属中学校
関東,東京都,中学,大妻中学校
関東,東京都,中学,神田女学園中学校
関東,東京都,中学,共立女子中学校
関東,東京都,中学,麴町学園女子中学校
関東,東京都,中学,暁星中学校
関東,東京都,中学,白百合学園中学校
関東,東京都,中学,千代田中学校
関東,東京都,中学,女子学院中学校
関東,東京都,中学,東京家政学院中学校
関東,東京都,中学,雙葉中学校
関東,東京都,中学,三輪田学園中学校
関東,東京都,中学,和洋九段女子中学校
関東,東京都,中学,開智日本橋学園中学校
関東,東京都,中学,麻布中学校
関東,東京都,#N/A,慶應義塾中等部
関東,東京都,中学,頌栄女子学院中学校
関東,東京都,中学,芝中学校
関東,東京都,中学,広尾学園中学校
関東,東京都,#N/A,聖心女子学院中等科
関東,東京都,中学,高輪中学校
関東,東京都,中学,芝国際中学校
関東,東京都,#N/A,東洋英和女学院中学部
関東,東京都,中学,普連土学園中学校
関東,東京都,高校,東海大学付属高輪台高等学校中等部
関東,東京都,中学,山脇学園中学校
関東,東京都,中学,海城中学校
関東,東京都,#N/A,学習院女子中等科
関東,東京都,中学,成女学園中学校
関東,東京都,中学,成城中学校
関東,東京都,中学,目白研心中学校
関東,東京都,中学,早稲田中学校
関東,東京都,中学,跡見学園中学校
関東,東京都,中学,郁文館中学校
関東,東京都,中学,桜蔭中学校
関東,東京都,中学,京華中学校
関東,東京都,中学,京華女子中学校
関東,東京都,中学,東洋大学京北中学校
関東,東京都,中学,駒込中学校
関東,東京都,中学,小石川淑徳学園中学校
関東,東京都,中学,貞静学園中学校
関東,東京都,中学,東邦音楽大学附属東邦中学校
関東,東京都,中学,獨協中学校
関東,東京都,中学,日本大学豊山中学校
関東,東京都,中学,文京学院大学女子中学校
関東,東京都,中学,広尾学園小石川中学校
関東,東京都,中学,上野学園中学校
関東,東京都,中学,安田学園中学校
関東,東京都,中学,日本大学第一中学校
関東,東京都,中学,かえつ有明中学校
関東,東京都,中学,中村中学校
関東,東京都,中学,芝浦工業大学附属中学校
関東,東京都,中学,品川翔英中学校
関東,東京都,中学,攻玉社中学校
関東,東京都,#N/A,香蘭女学校中等科
関東,東京都,#N/A,品川女子学院中等部
関東,東京都,中学,青稜中学校
関東,東京都,中学,文教大学付属中学校
関東,東京都,中学,目黒日本大学中学校
関東,東京都,中学,日本工業大学駒場中学校
関東,東京都,中学,トキワ松学園中学校
関東,東京都,中学,八雲学園中学校
関東,東京都,中学,多摩大学目黒中学校
関東,東京都,中学,目黒学院中学校
関東,東京都,中学,立正大学付属立正中学校
関東,東京都,中学,清明学園中学校
関東,東京都,中学,羽田国際中学校
関東,東京都,中学,三田国際科学学園中学校
関東,東京都,中学,駒場東邦中学校
関東,東京都,中学,鴎友学園女子中学校
関東,東京都,中学,国本女子中学校
関東,東京都,中学,恵泉女学園中学校
関東,東京都,中学,佼成学園女子中学校
関東,東京都,中学,国士舘中学校
関東,東京都,中学,松蔭大学附属松蔭中学校
関東,東京都,中学,昭和女子大学附属昭和中学校
関東,東京都,中学,成城学園中学校
関東,東京都,中学,下北沢成徳中学校
関東,東京都,中学,聖ドミニコ学園中学校
関東,東京都,中学,世田谷学園中学校
関東,東京都,#N/A,玉川聖学院中等部
関東,東京都,中学,東京都市大学等々力中学校
関東,東京都,中学,田園調布雙葉中学校
関東,東京都,中学,東京都市大学付属中学校
関東,東京都,中学,サレジアン国際学園世田谷中学校
関東,東京都,#N/A,田園調布学園中等部
関東,東京都,中学,明治大学付属世田谷中学校
関東,東京都,高校,東京農業大学第一高等学校中等部
関東,東京都,#N/A,青山学院中等部
関東,東京都,中学,実践女子学園中学校
関東,東京都,中学,東京女学館中学校
関東,東京都,中学,富士見丘中学校
関東,東京都,中学,渋谷教育学園渋谷中学校
関東,東京都,中学,新渡戸文化中学校
関東,東京都,中学,宝仙学園中学校
関東,東京都,中学,明治大学付属中野中学校
関東,東京都,中学,大妻中野中学校
関東,東京都,中学,実践学園中学校
関東,東京都,#N/A,光塩女子学院中等科
関東,東京都,中学,佼成学園中学校
関東,東京都,中学,女子美術大学付属中学校
関東,東京都,中学,文化学園大学杉並中学校
関東,東京都,中学,東京立正中学校
関東,東京都,中学,日本大学第二中学校
関東,東京都,中学,立教女学院中学校
関東,東京都,中学,國學院大學久我山中学校
関東,東京都,中学,川村中学校
関東,東京都,中学,巣鴨中学校
関東,東京都,中学,十文字中学校
関東,東京都,中学,豊島岡女子学園中学校
関東,東京都,#N/A,学習院中等科
関東,東京都,中学,城西大学附属城西中学校
関東,東京都,中学,本郷中学校
関東,東京都,中学,立教池袋中学校
関東,東京都,中学,淑徳巣鴨中学校
関東,東京都,中学,桜丘中学校
関東,東京都,中学,聖学院中学校
関東,東京都,中学,サレジアン国際学園中学校
関東,東京都,中学,女子聖学院中学校
関東,東京都,中学,瀧野川女子学園中学校
関東,東京都,中学,東京成徳大学中学校
関東,東京都,中学,武蔵野中学校
関東,東京都,中学,駿台学園中学校
関東,東京都,中学,北里大学附属順天中学校
関東,東京都,中学,成立学園中学校
関東,東京都,中学,開成中学校
関東,東京都,中学,北豊島中学校
関東,東京都,中学,淑徳中学校
関東,東京都,中学,城北中学校
関東,東京都,中学,東京家政大学附属女子中学校
関東,東京都,中学,帝京中学校
関東,東京都,中学,日本大学豊山女子中学校
関東,東京都,中学,富士見中学校
関東,東京都,中学,武蔵中学校
関東,東京都,中学,国華中学校
関東,東京都,中学,英明フロンティア中学校
関東,東京都,大学,早稲田大学高等学院中学部
関東,東京都,中学,足立学園中学校
関東,東京都,中学,東京みらい中学校
関東,東京都,中学,共栄学園中学校
関東,東京都,中学,修徳中学校
関東,東京都,中学,東京シューレ葛飾中学校
関東,東京都,中学,愛国中学校
関東,東京都,中学,江戸川女子中学校
関東,東京都,中学,穎明館中学校
関東,東京都,中学,八王子実践中学校
関東,東京都,中学,明治大学付属八王子中学校
関東,東京都,中学,共立女子第二中学校
関東,東京都,中学,東京純心女子中学校
関東,東京都,中学,工学院大学附属中学校
関東,東京都,中学,帝京八王子中学校
関東,東京都,中学,八王子学園八王子中学校
関東,東京都,中学,帝京大学中学校
関東,東京都,中学,聖徳学園中学校
関東,東京都,中学,成蹊中学校
関東,東京都,中学,藤村女子中学校
関東,東京都,中学,吉祥女子中学校
関東,東京都,中学,法政大学中学校
関東,東京都,中学,明星学園中学校
関東,東京都,中学,明星中学校
関東,東京都,中学,啓明学園中学校
関東,東京都,中学,明治大学付属明治中学校
関東,東京都,中学,晃華学園中学校
関東,東京都,中学,桐朋女子中学校
関東,東京都,#N/A,ドルトン東京学園中等部
関東,東京都,中学,日本大学第三中学校
関東,東京都,中学,和光中学校
関東,東京都,中学,桜美林中学校
関東,東京都,#N/A,玉川学園中学部
関東,東京都,#N/A,吉祥寺学園中等部
関東,東京都,中学,東京電機大学中学校
関東,東京都,中学,中央大学附属中学校
関東,東京都,中学,サレジオ中学校
関東,東京都,中学,創価中学校
関東,東京都,中学,白梅学園清修中学校
関東,東京都,中学,明法中学校
関東,東京都,中学,明治学院中学校
関東,東京都,中学,日本体育大学桜華中学校
関東,東京都,大学,早稲田大学系属早稲田実業学校中等部
関東,東京都,中学,国立音楽大学附属中学校
関東,東京都,中学,桐朋中学校
関東,東京都,中学,東星学園中学校
関東,東京都,#N/A,自由学園中等部
関東,東京都,中学,多摩大学附属聖ケ丘中学校
関東,東京都,中学,大妻多摩中学校
関東,東京都,中学,駒沢学園女子中学校
関東,東京都,高校,東海大学菅生高等学校中等部
関東,東京都,中学,武蔵野大学中学校
関東,東京都,中学,東京文華中学校
関東,東京都,高校,東京学芸大学附属高等学校
関東,東京都,高校,筑波大学附属高等学校
関東,東京都,高校,筑波大学附属駒場高等学校
関東,東京都,高校,東京芸術大学音楽学部附属音楽高等学校
関東,東京都,高校,お茶の水女子大学附属高等学校
関東,東京都,高校,東京科学大学附属科学技術高等学校
関東,東京都,高校,東京都立一橋高等学校
関東,東京都,高校,東京都立日比谷高等学校
関東,東京都,高校,東京都立三田高等学校
関東,東京都,高校,東京都立大崎高等学校
関東,東京都,高校,東京都立八潮高等学校
関東,東京都,高校,東京都立小山台高等学校
関東,東京都,高校,東京都立雪谷高等学校
関東,東京都,高校,東京都立大森高等学校
関東,東京都,高校,東京都立田園調布高等学校
関東,東京都,高校,東京都立蒲田高等学校
関東,東京都,高校,東京都立つばさ総合高等学校
関東,東京都,高校,東京都立六本木高等学校
関東,東京都,高校,東京都立六郷工科高等学校
関東,東京都,高校,東京都立美原高等学校
関東,東京都,高校,東京都立芝商業高等学校
関東,東京都,高校,東京都立大田桜台高等学校
関東,東京都,高校,東京都立戸山高等学校
関東,東京都,高校,東京都立駒場高等学校
関東,東京都,高校,東京都立目黒高等学校
関東,東京都,高校,東京都立新宿高等学校
関東,東京都,高校,東京都立青山高等学校
関東,東京都,高校,東京都立広尾高等学校
関東,東京都,高校,東京都立松原高等学校
関東,東京都,高校,東京都立桜町高等学校
関東,東京都,高校,東京都立千歳丘高等学校
関東,東京都,高校,東京都立深沢高等学校
関東,東京都,高校,東京都立世田谷泉高等学校
関東,東京都,高校,東京都立世田谷総合高等学校
関東,東京都,高校,東京都立新宿山吹高等学校
関東,東京都,高校,東京都立芦花高等学校
関東,東京都,高校,東京都立第一商業高等学校
関東,東京都,高校,東京都立総合工科高等学校
関東,東京都,高校,東京都立園芸高等学校
関東,東京都,高校,東京都立国際高等学校
関東,東京都,高校,東京都立総合芸術高等学校
関東,東京都,高校,東京都立鷺宮高等学校
関東,東京都,高校,東京都立富士高等学校
関東,東京都,高校,東京都立武蔵丘高等学校
関東,東京都,高校,東京都立荻窪高等学校
関東,東京都,高校,東京都立西高等学校
関東,東京都,高校,東京都立豊多摩高等学校
関東,東京都,高校,東京都立杉並高等学校
関東,東京都,高校,東京都立石神井高等学校
関東,東京都,高校,東京都立井草高等学校
関東,東京都,高校,東京都立大泉高等学校
関東,東京都,高校,東京都立練馬高等学校
関東,東京都,高校,東京都立光丘高等学校
関東,東京都,高校,東京都立田柄高等学校
関東,東京都,高校,東京都立杉並総合高等学校
関東,東京都,高校,東京都立稔ヶ丘高等学校
関東,東京都,高校,東京都立大泉桜高等学校
関東,東京都,高校,東京都立第四商業高等学校
関東,東京都,高校,東京都立中野工科高等学校
関東,東京都,高校,東京都立杉並工科高等学校
関東,東京都,高校,東京都立練馬工科高等学校
関東,東京都,高校,東京都立農芸高等学校
関東,東京都,高校,東京都立竹早高等学校
関東,東京都,高校,東京都立向丘高等学校
関東,東京都,高校,東京都立豊島高等学校
関東,東京都,高校,東京都立文京高等学校
関東,東京都,高校,東京都立北園高等学校
関東,東京都,高校,東京都立板橋高等学校
関東,東京都,高校,東京都立大山高等学校
関東,東京都,高校,東京都立高島高等学校
関東,東京都,高校,東京都立桐ヶ丘高等学校
関東,東京都,高校,東京都立飛鳥高等学校
関東,東京都,高校,東京都立板橋有徳高等学校
関東,東京都,高校,東京都立千早高等学校
関東,東京都,高校,東京都立工芸高等学校
関東,東京都,高校,東京都立北豊島工科高等学校
関東,東京都,高校,東京都立王子総合高等学校
関東,東京都,高校,東京都立赤羽北桜高等学校
関東,東京都,高校,東京都立白鴎高等学校
関東,東京都,高校,東京都立忍岡高等学校
関東,東京都,高校,東京都立上野高等学校
関東,東京都,高校,東京都立竹台高等学校
関東,東京都,高校,東京都立足立高等学校
関東,東京都,高校,東京都立江北高等学校
関東,東京都,高校,東京都立淵江高等学校
関東,東京都,高校,東京都立足立西高等学校
関東,東京都,高校,東京都立足立東高等学校
関東,東京都,高校,東京都立青井高等学校
関東,東京都,高校,東京都立足立新田高等学校
関東,東京都,高校,東京都立晴海総合高等学校
関東,東京都,高校,東京都立浅草高等学校
関東,東京都,高校,東京都立蔵前工科高等学校
関東,東京都,高校,東京都立荒川工科高等学校
関東,東京都,高校,東京都立足立工科高等学校
関東,東京都,高校,東京都立小台橋高等学校
関東,東京都,高校,東京都立両国高等学校
関東,東京都,高校,東京都立墨田川高等学校
関東,東京都,高校,東京都立本所高等学校
関東,東京都,高校,東京都立葛飾野高等学校
関東,東京都,高校,東京都立南葛飾高等学校
関東,東京都,高校,東京都立日本橋高等学校
関東,東京都,高校,東京都立深川高等学校
関東,東京都,高校,東京都立東高等学校
関東,東京都,高校,東京都立城東高等学校
関東,東京都,高校,東京都立小松川高等学校
関東,東京都,高校,東京都立江戸川高等学校
関東,東京都,高校,東京都立小岩高等学校
関東,東京都,高校,東京都立葛西南高等学校
関東,東京都,高校,東京都立篠崎高等学校
関東,東京都,高校,東京都立紅葉川高等学校
関東,東京都,高校,東京都立大江戸高等学校
関東,東京都,高校,東京都立葛飾総合高等学校
関東,東京都,高校,東京都立葛飾商業高等学校
関東,東京都,高校,東京都立江東商業高等学校
関東,東京都,高校,東京都立第三商業高等学校
関東,東京都,高校,東京都立本所工科高等学校
関東,東京都,高校,東京都立墨田工科高等学校
関東,東京都,高校,東京都立葛西工科高等学校
関東,東京都,高校,東京都立科学技術高等学校
関東,東京都,高校,東京都立農産高等学校
関東,東京都,高校,東京都立橘高等学校
関東,東京都,高校,東京都立富士森高等学校
関東,東京都,高校,東京都立片倉高等学校
関東,東京都,高校,東京都立八王子東高等学校
関東,東京都,高校,東京都立八王子北高等学校
関東,東京都,高校,東京都立松が谷高等学校
関東,東京都,高校,東京都立日野高等学校
関東,東京都,高校,東京都立日野台高等学校
関東,東京都,高校,東京都立南平高等学校
関東,東京都,高校,東京都立町田高等学校
関東,東京都,高校,東京都立野津田高等学校
関東,東京都,高校,東京都立成瀬高等学校
関東,東京都,高校,東京都立小川高等学校
関東,東京都,高校,東京都立山崎高等学校
関東,東京都,高校,東京都立町田総合高等学校
関東,東京都,高校,東京都立翔陽高等学校
関東,東京都,高校,東京都立八王子拓真高等学校
関東,東京都,高校,東京都立町田工科高等学校
関東,東京都,高校,東京都立八王子桑志高等学校
関東,東京都,高校,東京都立立川高等学校
関東,東京都,高校,東京都立砂川高等学校
関東,東京都,高校,東京都立昭和高等学校
関東,東京都,高校,東京都立拝島高等学校
関東,東京都,高校,東京都立東大和高等学校
関東,東京都,高校,東京都立武蔵村山高等学校
関東,東京都,高校,東京都立東大和南高等学校
関東,東京都,高校,東京都立多摩高等学校
関東,東京都,高校,東京都立福生高等学校
関東,東京都,高校,東京都立秋留台高等学校
関東,東京都,高校,東京都立羽村高等学校
関東,東京都,高校,東京都立五日市高等学校
関東,東京都,高校,東京都立青梅総合高等学校
関東,東京都,高校,東京都立上水高等学校
関東,東京都,高校,東京都立多摩工科高等学校
関東,東京都,高校,東京都立瑞穂農芸高等学校
関東,東京都,高校,東京都立立川緑高等学校
関東,東京都,高校,東京都立武蔵高等学校
関東,東京都,高校,東京都立武蔵野北高等学校
関東,東京都,高校,東京都立小金井北高等学校
関東,東京都,高校,東京都立保谷高等学校
関東,東京都,高校,東京都立久留米西高等学校
関東,東京都,高校,東京都立田無高等学校
関東,東京都,高校,東京都立小平高等学校
関東,東京都,高校,東京都立小平西高等学校
関東,東京都,高校,東京都立東村山高等学校
関東,東京都,高校,東京都立国分寺高等学校
関東,東京都,高校,東京都立清瀬高等学校
関東,東京都,高校,東京都立小平南高等学校
関東,東京都,高校,東京都立東村山西高等学校
関東,東京都,高校,東京都立東久留米総合高等学校
関東,東京都,高校,東京都立小金井工科高等学校
関東,東京都,高校,東京都立田無工科高等学校
関東,東京都,高校,東京都立多摩科学技術高等学校
関東,東京都,高校,東京都立神代高等学校
関東,東京都,高校,東京都立調布北高等学校
関東,東京都,高校,東京都立調布南高等学校
関東,東京都,高校,東京都立狛江高等学校
関東,東京都,高校,東京都立府中高等学校
関東,東京都,高校,東京都立府中東高等学校
関東,東京都,高校,東京都立府中西高等学校
関東,東京都,高校,東京都立国立高等学校
関東,東京都,高校,東京都立永山高等学校
関東,東京都,高校,東京都立若葉総合高等学校
関東,東京都,高校,東京都立第五商業高等学校
関東,東京都,高校,東京都立府中工科高等学校
関東,東京都,高校,東京都立農業高等学校
関東,東京都,高校,東京都立大島高等学校
関東,東京都,高校,東京都立新島高等学校
関東,東京都,高校,東京都立神津高等学校
関東,東京都,高校,東京都立大島海洋国際高等学校
関東,東京都,高校,東京都立三宅高等学校
関東,東京都,高校,東京都立八丈高等学校
関東,東京都,高校,東京都立小笠原高等学校
関東,東京都,高校,大妻高等学校
関東,東京都,高校,神田女学園高等学校
関東,東京都,高校,暁星高等学校
関東,東京都,高校,共立女子高等学校
関東,東京都,高校,錦城学園高等学校
関東,東京都,高校,麴町学園女子高等学校
関東,東京都,高校,正則学園高等学校
関東,東京都,高校,千代田高等学校
関東,東京都,高校,東京家政学院高等学校
関東,東京都,高校,東洋高等学校
関東,東京都,高校,二松学舎大学附属高等学校
関東,東京都,高校,雙葉高等学校
関東,東京都,高校,三輪田学園高等学校
関東,東京都,高校,和洋九段女子高等学校
関東,東京都,高校,女子学院高等学校
関東,東京都,高校,白百合学園高等学校
関東,東京都,高校,大原学園美空高等学校
関東,東京都,高校,開智日本橋学園高等学校
関東,東京都,高校,麻布高等学校
関東,東京都,高校,慶應義塾女子高等学校
関東,東京都,高校,芝高等学校
関東,東京都,高校,広尾学園高等学校
関東,東京都,高校,頌栄女子学院高等学校
関東,東京都,高校,正則高等学校
関東,東京都,#N/A,聖心女子学院高等科
関東,東京都,高校,高輪高等学校
関東,東京都,高校,東海大学付属高輪台高等学校
関東,東京都,高校,芝国際高等学校
関東,東京都,高校,普連土学園高等学校
関東,東京都,高校,明治学院高等学校
関東,東京都,高校,山脇学園高等学校
関東,東京都,#N/A,東洋英和女学院高等部
関東,東京都,高校,海城高等学校
関東,東京都,#N/A,学習院女子高等科
関東,東京都,高校,成女高等学校
関東,東京都,高校,成城高等学校
関東,東京都,高校,保善高等学校
関東,東京都,高校,目白研心高等学校
関東,東京都,高校,早稲田高等学校
関東,東京都,高校,中央大学高等学校
関東,東京都,高校,跡見学園高等学校
関東,東京都,高校,郁文館高等学校
関東,東京都,高校,郁文館グローバル高等学校
関東,東京都,高校,桜蔭高等学校
関東,東京都,高校,京華高等学校
関東,東京都,高校,京華女子高等学校
関東,東京都,高校,京華商業高等学校
関東,東京都,高校,東洋大学京北高等学校
関東,東京都,高校,京北学園白山高等学校
関東,東京都,高校,駒込高等学校
関東,東京都,高校,小石川淑徳学園高等学校
関東,東京都,高校,昭和第一高等学校
関東,東京都,高校,貞静学園高等学校
関東,東京都,高校,東邦音楽大学附属東邦高等学校
関東,東京都,高校,東洋女子高等学校
関東,東京都,高校,獨協高等学校
関東,東京都,高校,日本大学豊山高等学校
関東,東京都,高校,文京学院大学女子高等学校
関東,東京都,高校,広尾学園小石川高等学校
関東,東京都,高校,岩倉高等学校
関東,東京都,高校,上野学園高等学校
関東,東京都,高校,日本大学第一高等学校
関東,東京都,高校,安田学園高等学校
関東,東京都,高校,立志舎高等学校
関東,東京都,高校,かえつ有明高等学校
関東,東京都,高校,中央学院大学中央高等学校
関東,東京都,高校,中村高等学校
関東,東京都,高校,芝浦工業大学附属高等学校
関東,東京都,高校,品川翔英高等学校
関東,東京都,高校,攻玉社高等学校
関東,東京都,#N/A,品川女子学院高等部
関東,東京都,高校,青稜高等学校
関東,東京都,#N/A,香蘭女学校高等科
関東,東京都,高校,朋優学院高等学校
関東,東京都,高校,品川学藝高等学校
関東,東京都,高校,品川エトワール女子高等学校
関東,東京都,高校,文教大学付属高等学校
関東,東京都,高校,自由ヶ丘学園高等学校
関東,東京都,高校,日本工業大学駒場高等学校
関東,東京都,高校,トキワ松学園高等学校
関東,東京都,高校,目黒日本大学高等学校
関東,東京都,高校,目黒学院高等学校
関東,東京都,高校,多摩大学目黒高等学校
関東,東京都,高校,八雲学園高等学校
関東,東京都,高校,立正大学付属立正高等学校
関東,東京都,高校,大森学園高等学校
関東,東京都,高校,羽田国際高等学校
関東,東京都,高校,東京高等学校
関東,東京都,高校,東京実業高等学校
関東,東京都,高校,日本体育大学荏原高等学校
関東,東京都,高校,三田国際科学学園高等学校
関東,東京都,高校,駒場東邦高等学校
関東,東京都,高校,鴎友学園女子高等学校
関東,東京都,高校,国本女子高等学校
関東,東京都,高校,恵泉女学園高等学校
関東,東京都,高校,佼成学園女子高等学校
関東,東京都,高校,国士舘高等学校
関東,東京都,高校,駒澤大学高等学校
関東,東京都,高校,駒場学園高等学校
関東,東京都,高校,松蔭大学附属松蔭高等学校
関東,東京都,高校,昭和女子大学附属昭和高等学校
関東,東京都,高校,成城学園高等学校
関東,東京都,高校,下北沢成徳高等学校
関東,東京都,高校,世田谷学園高等学校
関東,東京都,高校,聖ドミニコ学園高等学校
関東,東京都,高校,大東学園高等学校
関東,東京都,#N/A,玉川聖学院高等部
関東,東京都,#N/A,田園調布学園高等部
関東,東京都,高校,田園調布雙葉高等学校
関東,東京都,高校,東京農業大学第一高等学校
関東,東京都,高校,東京都市大学等々力高等学校
関東,東京都,高校,日本女子体育大学附属二階堂高等学校
関東,東京都,高校,明治大学付属世田谷高等学校
関東,東京都,高校,日本大学櫻丘高等学校
関東,東京都,高校,東京都市大学付属高等学校
関東,東京都,高校,サレジアン国際学園世田谷高等学校
関東,東京都,高校,科学技術学園高等学校
関東,東京都,#N/A,青山学院高等部
関東,東京都,高校,関東国際高等学校
関東,東京都,高校,國學院高等学校
関東,東京都,高校,実践女子学園高等学校
関東,東京都,高校,渋谷教育学園渋谷高等学校
関東,東京都,高校,東京女学館高等学校
関東,東京都,高校,富士見丘高等学校
関東,東京都,高校,東海大学付属望星高等学校
関東,東京都,高校,実践学園高等学校
関東,東京都,高校,東亜学園高等学校
関東,東京都,高校,新渡戸文化高等学校
関東,東京都,高校,大妻中野高等学校
関東,東京都,高校,宝仙学園高等学校
関東,東京都,高校,堀越高等学校
関東,東京都,高校,明治大学付属中野高等学校
関東,東京都,高校,杉並学院高等学校
関東,東京都,#N/A,光塩女子学院高等科
関東,東京都,高校,佼成学園高等学校
関東,東京都,高校,國學院大學久我山高等学校
関東,東京都,高校,文化学園大学杉並高等学校
関東,東京都,高校,女子美術大学付属高等学校
関東,東京都,高校,専修大学附属高等学校
関東,東京都,高校,中央大学杉並高等学校
関東,東京都,高校,東京立正高等学校
関東,東京都,高校,日本大学第二高等学校
関東,東京都,高校,日本大学鶴ヶ丘高等学校
関東,東京都,高校,立教女学院高等学校
関東,東京都,#N/A,学習院高等科
関東,東京都,高校,川村高等学校
関東,東京都,高校,十文字高等学校
関東,東京都,高校,城西大学附属城西高等学校
関東,東京都,高校,昭和鉄道高等学校
関東,東京都,高校,巣鴨高等学校
関東,東京都,高校,巣鴨商業高等学校
関東,東京都,高校,淑徳巣鴨高等学校
関東,東京都,高校,東京音楽大学付属高等学校
関東,東京都,高校,豊島学院高等学校
関東,東京都,高校,豊島岡女子学園高等学校
関東,東京都,高校,豊南高等学校
関東,東京都,高校,本郷高等学校
関東,東京都,高校,立教池袋高等学校
関東,東京都,高校,安部学院高等学校
関東,東京都,高校,桜丘高等学校
関東,東京都,高校,北里大学附属順天高等学校
関東,東京都,高校,女子聖学院高等学校
関東,東京都,高校,駿台学園高等学校
関東,東京都,高校,聖学院高等学校
関東,東京都,高校,サレジアン国際学園高等学校
関東,東京都,高校,成立学園高等学校
関東,東京都,高校,瀧野川女子学園高等学校
関東,東京都,高校,東京成徳大学高等学校
関東,東京都,高校,武蔵野高等学校
関東,東京都,高校,開成高等学校
関東,東京都,高校,北豊島高等学校
関東,東京都,高校,淑徳高等学校
関東,東京都,高校,城北高等学校
関東,東京都,高校,大東文化大学第一高等学校
関東,東京都,高校,帝京高等学校
関東,東京都,高校,東京家政大学附属女子高等学校
関東,東京都,高校,日本大学豊山女子高等学校
関東,東京都,高校,国華高等学校
関東,東京都,高校,英明フロンティア高等学校
関東,東京都,高校,富士見高等学校
関東,東京都,高校,武蔵高等学校
関東,東京都,大学,早稲田大学高等学院
関東,東京都,高校,足立学園高等学校
関東,東京都,高校,潤徳女子高等学校
関東,東京都,高校,共栄学園高等学校
関東,東京都,高校,修徳高等学校
関東,東京都,高校,愛国高等学校
関東,東京都,高校,江戸川女子高等学校
関東,東京都,高校,関東第一高等学校
関東,東京都,高校,聖パウロ学園高等学校
関東,東京都,高校,帝京八王子高等学校
関東,東京都,高校,帝京大学高等学校
関東,東京都,高校,工学院大学附属高等学校
関東,東京都,高校,東京純心女子高等学校
関東,東京都,高校,八王子学園八王子高等学校
関東,東京都,高校,八王子実践高等学校
関東,東京都,高校,共立女子第二高等学校
関東,東京都,高校,明治大学付属八王子高等学校
関東,東京都,高校,穎明館高等学校
関東,東京都,高校,昭和第一学園高等学校
関東,東京都,高校,立川女子高等学校
関東,東京都,高校,聖徳学園高等学校
関東,東京都,高校,吉祥女子高等学校
関東,東京都,高校,成蹊高等学校
関東,東京都,高校,藤村女子高等学校
関東,東京都,高校,法政大学高等学校
関東,東京都,高校,大成高等学校
関東,東京都,高校,明星学園高等学校
関東,東京都,高校,明星高等学校
関東,東京都,高校,啓明学園高等学校
関東,東京都,高校,明治大学付属明治高等学校
関東,東京都,#N/A,ドルトン東京学園高等部
関東,東京都,高校,晃華学園高等学校
関東,東京都,高校,桐朋女子高等学校
関東,東京都,高校,日本大学第三高等学校
関東,東京都,高校,和光高等学校
関東,東京都,高校,桜美林高等学校
関東,東京都,#N/A,玉川学園高等部
関東,東京都,高校,フェリシア高等学校
関東,東京都,高校,東京電機大学高等学校
関東,東京都,高校,中央大学附属高等学校
関東,東京都,高校,国際基督教大学高等学校
関東,東京都,高校,錦城高等学校
関東,東京都,高校,白梅学園高等学校
関東,東京都,高校,創価高等学校
関東,東京都,高校,日本体育大学桜華高等学校
関東,東京都,高校,明治学院東村山高等学校
関東,東京都,高校,明法高等学校
関東,東京都,大学,早稲田大学系属早稲田実業学校高等部
関東,東京都,高校,国立音楽大学附属高等学校
関東,東京都,高校,桐朋高等学校
関東,東京都,高校,ＮＨＫ学園高等学校
関東,東京都,高校,東星学園高等学校
関東,東京都,#N/A,自由学園高等部
関東,東京都,高校,拓殖大学第一高等学校
関東,東京都,高校,大妻多摩高等学校
関東,東京都,高校,多摩大学附属聖ケ丘高等学校
関東,東京都,高校,駒沢学園女子高等学校
関東,東京都,高校,東海大学菅生高等学校
関東,東京都,高校,武蔵野大学高等学校
関東,東京都,高校,東京文華高等学校
関東,東京都,中等教育学校,東京大学教育学部附属中等教育学校
関東,東京都,中等教育学校,東京学芸大学附属国際中等教育学校
関東,東京都,中等教育学校,千代田区立九段中等教育学校
関東,東京都,中等教育学校,東京都立桜修館中等教育学校
関東,東京都,中等教育学校,東京都立小石川中等教育学校
関東,東京都,中等教育学校,東京都立立川国際中等教育学校
関東,東京都,中等教育学校,東京都立南多摩中等教育学校
関東,東京都,中等教育学校,東京都立三鷹中等教育学校
関東,神奈川県,中学,横浜国立大学附属鎌倉中学校
関東,神奈川県,中学,横浜国立大学附属横浜中学校
関東,神奈川県,中学,横浜市立市場中学校
関東,神奈川県,中学,横浜市立潮田中学校
関東,神奈川県,中学,横浜市立上の宮中学校
関東,神奈川県,中学,横浜市立寛政中学校
関東,神奈川県,中学,横浜市立末吉中学校
関東,神奈川県,中学,横浜市立鶴見中学校
関東,神奈川県,中学,横浜市立寺尾中学校
関東,神奈川県,中学,横浜市立生麦中学校
関東,神奈川県,中学,横浜市立矢向中学校
関東,神奈川県,中学,横浜市立横浜サイエンスフロンティア高等学校附属中学校
関東,神奈川県,中学,横浜市立浦島丘中学校
関東,神奈川県,中学,横浜市立神奈川中学校
関東,神奈川県,中学,横浜市立栗田谷中学校
関東,神奈川県,中学,横浜市立菅田中学校
関東,神奈川県,中学,横浜市立錦台中学校
関東,神奈川県,中学,横浜市立松本中学校
関東,神奈川県,中学,横浜市立六角橋中学校
関東,神奈川県,中学,横浜市立老松中学校
関東,神奈川県,中学,横浜市立岡野中学校
関東,神奈川県,中学,横浜市立軽井沢中学校
関東,神奈川県,中学,横浜市立西中学校
関東,神奈川県,中学,横浜市立大鳥中学校
関東,神奈川県,中学,横浜市立仲尾台中学校
関東,神奈川県,中学,横浜市立本牧中学校
関東,神奈川県,中学,横浜市立港中学校
関東,神奈川県,中学,横浜市立横浜吉田中学校
関東,神奈川県,中学,横浜市立共進中学校
関東,神奈川県,中学,横浜市立永田中学校
関東,神奈川県,中学,横浜市立藤の木中学校
関東,神奈川県,中学,横浜市立平楽中学校
関東,神奈川県,中学,横浜市立蒔田中学校
関東,神奈川県,中学,横浜市立南中学校
関東,神奈川県,中学,横浜市立南が丘中学校
関東,神奈川県,中学,横浜市立六ツ川中学校
関東,神奈川県,中学,横浜市立上永谷中学校
関東,神奈川県,中学,横浜市立港南中学校
関東,神奈川県,中学,横浜市立港南台第一中学校
関東,神奈川県,中学,横浜市立笹下中学校
関東,神奈川県,中学,横浜市立芹が谷中学校
関東,神奈川県,中学,横浜市立東永谷中学校
関東,神奈川県,中学,横浜市立日限山中学校
関東,神奈川県,中学,横浜市立日野南中学校
関東,神奈川県,中学,横浜市立丸山台中学校
関東,神奈川県,中学,横浜市立南高等学校附属中学校
関東,神奈川県,中学,横浜市立新井中学校
関東,神奈川県,中学,横浜市立新井中学校桜坂分校
関東,神奈川県,中学,横浜市立岩井原中学校
関東,神奈川県,中学,横浜市立岩崎中学校
関東,神奈川県,中学,横浜市立上菅田中学校
関東,神奈川県,中学,横浜市立橘中学校
関東,神奈川県,中学,横浜市立西谷中学校
関東,神奈川県,中学,横浜市立保土ケ谷中学校
関東,神奈川県,中学,横浜市立宮田中学校
関東,神奈川県,中学,横浜市立旭中学校
関東,神奈川県,中学,横浜市立今宿中学校
関東,神奈川県,中学,横浜市立希望が丘中学校
関東,神奈川県,中学,横浜市立左近山中学校
関東,神奈川県,中学,横浜市立都岡中学校
関東,神奈川県,中学,横浜市立鶴ケ峯中学校
関東,神奈川県,中学,横浜市立本宿中学校
関東,神奈川県,中学,横浜市立万騎が原中学校
関東,神奈川県,中学,横浜市立南希望が丘中学校
関東,神奈川県,中学,横浜市立若葉台中学校
関東,神奈川県,中学,横浜市立岡村中学校
関東,神奈川県,中学,横浜市立汐見台中学校
関東,神奈川県,中学,横浜市立根岸中学校
関東,神奈川県,中学,横浜市立浜中学校
関東,神奈川県,中学,横浜市立森中学校
関東,神奈川県,中学,横浜市立洋光台第一中学校
関東,神奈川県,中学,横浜市立洋光台第二中学校
関東,神奈川県,中学,横浜市立金沢中学校
関東,神奈川県,中学,横浜市立釜利谷中学校
関東,神奈川県,中学,横浜市立小田中学校
関東,神奈川県,中学,横浜市立大道中学校
関東,神奈川県,中学,横浜市立富岡中学校
関東,神奈川県,中学,横浜市立富岡東中学校
関東,神奈川県,中学,横浜市立並木中学校
関東,神奈川県,中学,横浜市立西柴中学校
関東,神奈川県,中学,横浜市立六浦中学校
関東,神奈川県,中学,横浜市立大綱中学校
関東,神奈川県,中学,横浜市立篠原中学校
関東,神奈川県,中学,横浜市立城郷中学校
関東,神奈川県,中学,横浜市立高田中学校
関東,神奈川県,中学,横浜市立樽町中学校
関東,神奈川県,中学,横浜市立新田中学校
関東,神奈川県,中学,横浜市立新羽中学校
関東,神奈川県,中学,横浜市立日吉台中学校
関東,神奈川県,中学,横浜市立日吉台西中学校
関東,神奈川県,中学,横浜市立鴨居中学校
関東,神奈川県,中学,横浜市立田奈中学校
関東,神奈川県,中学,横浜市立十日市場中学校
関東,神奈川県,中学,横浜市立中山中学校
関東,神奈川県,中学,横浜市立東鴨居中学校
関東,神奈川県,中学,横浜市立青葉台中学校
関東,神奈川県,中学,横浜市立あかね台中学校
関東,神奈川県,中学,横浜市立あざみ野中学校
関東,神奈川県,中学,横浜市立市ケ尾中学校
関東,神奈川県,中学,横浜市立美しが丘中学校
関東,神奈川県,中学,横浜市立鴨志田中学校
関東,神奈川県,中学,横浜市立すすき野中学校
関東,神奈川県,中学,横浜市立奈良中学校
関東,神奈川県,中学,横浜市立みたけ台中学校
関東,神奈川県,中学,横浜市立緑が丘中学校
関東,神奈川県,中学,横浜市立もえぎ野中学校
関東,神奈川県,中学,横浜市立山内中学校
関東,神奈川県,中学,横浜市立谷本中学校
関東,神奈川県,中学,横浜市立荏田南中学校
関東,神奈川県,中学,横浜市立川和中学校
関東,神奈川県,中学,横浜市立茅ケ崎中学校
関東,神奈川県,中学,横浜市立都田中学校
関東,神奈川県,中学,横浜市立中川中学校
関東,神奈川県,中学,横浜市立中川西中学校
関東,神奈川県,中学,横浜市立早渕中学校
関東,神奈川県,中学,横浜市立東山田中学校
関東,神奈川県,中学,横浜市立秋葉中学校
関東,神奈川県,中学,横浜市立汲沢中学校
関東,神奈川県,中学,横浜市立境木中学校
関東,神奈川県,中学,横浜市立大正中学校
関東,神奈川県,中学,横浜市立戸塚中学校
関東,神奈川県,中学,横浜市立豊田中学校
関東,神奈川県,中学,横浜市立名瀬中学校
関東,神奈川県,中学,横浜市立平戸中学校
関東,神奈川県,中学,横浜市立深谷中学校
関東,神奈川県,中学,横浜市立舞岡中学校
関東,神奈川県,中学,横浜市立南戸塚中学校
関東,神奈川県,中学,横浜市立飯島中学校
関東,神奈川県,中学,横浜市立桂台中学校
関東,神奈川県,中学,横浜市立上郷中学校
関東,神奈川県,中学,横浜市立小山台中学校
関東,神奈川県,中学,横浜市立西本郷中学校
関東,神奈川県,中学,横浜市立本郷中学校
関東,神奈川県,中学,横浜市立泉が丘中学校
関東,神奈川県,中学,横浜市立いずみ野中学校
関東,神奈川県,中学,横浜市立岡津中学校
関東,神奈川県,中学,横浜市立上飯田中学校
関東,神奈川県,中学,横浜市立中田中学校
関東,神奈川県,中学,横浜市立中和田中学校
関東,神奈川県,中学,横浜市立領家中学校
関東,神奈川県,中学,横浜市立東野中学校
関東,神奈川県,中学,横浜市立下瀬谷中学校
関東,神奈川県,中学,横浜市立瀬谷中学校
関東,神奈川県,中学,横浜市立原中学校
関東,神奈川県,中学,横浜市立南瀬谷中学校
関東,神奈川県,中学,横浜市立上白根北中学校
関東,神奈川県,中学,川崎市立大師中学校
関東,神奈川県,中学,川崎市立南大師中学校
関東,神奈川県,中学,川崎市立川中島中学校
関東,神奈川県,中学,川崎市立桜本中学校
関東,神奈川県,中学,川崎市立臨港中学校
関東,神奈川県,中学,川崎市立田島中学校
関東,神奈川県,中学,川崎市立京町中学校
関東,神奈川県,中学,川崎市立渡田中学校
関東,神奈川県,中学,川崎市立富士見中学校
関東,神奈川県,中学,川崎市立川崎中学校
関東,神奈川県,中学,川崎市立川崎高等学校附属中学校
関東,神奈川県,中学,川崎市立南河原中学校
関東,神奈川県,中学,川崎市立御幸中学校
関東,神奈川県,中学,川崎市立塚越中学校
関東,神奈川県,中学,川崎市立日吉中学校
関東,神奈川県,中学,川崎市立南加瀬中学校
関東,神奈川県,中学,川崎市立平間中学校
関東,神奈川県,中学,川崎市立玉川中学校
関東,神奈川県,中学,川崎市立住吉中学校
関東,神奈川県,中学,川崎市立井田中学校
関東,神奈川県,中学,川崎市立今井中学校
関東,神奈川県,中学,川崎市立中原中学校
関東,神奈川県,中学,川崎市立宮内中学校
関東,神奈川県,中学,川崎市立西中原中学校
関東,神奈川県,中学,川崎市立東橘中学校
関東,神奈川県,中学,川崎市立橘中学校
関東,神奈川県,中学,川崎市立高津中学校
関東,神奈川県,中学,川崎市立東高津中学校
関東,神奈川県,中学,川崎市立西高津中学校
関東,神奈川県,中学,川崎市立宮崎中学校
関東,神奈川県,中学,川崎市立野川中学校
関東,神奈川県,中学,川崎市立有馬中学校
関東,神奈川県,中学,川崎市立宮前平中学校
関東,神奈川県,中学,川崎市立向丘中学校
関東,神奈川県,中学,川崎市立平中学校
関東,神奈川県,中学,川崎市立菅生中学校
関東,神奈川県,中学,川崎市立犬蔵中学校
関東,神奈川県,中学,川崎市立稲田中学校
関東,神奈川県,中学,川崎市立枡形中学校
関東,神奈川県,中学,川崎市立中野島中学校
関東,神奈川県,中学,川崎市立南菅中学校
関東,神奈川県,中学,川崎市立菅中学校
関東,神奈川県,中学,川崎市立生田中学校
関東,神奈川県,中学,川崎市立南生田中学校
関東,神奈川県,中学,川崎市立西生田中学校
関東,神奈川県,中学,川崎市立金程中学校
関東,神奈川県,中学,川崎市立長沢中学校
関東,神奈川県,中学,川崎市立麻生中学校
関東,神奈川県,中学,川崎市立柿生中学校
関東,神奈川県,中学,川崎市立王禅寺中央中学校
関東,神奈川県,中学,川崎市立白鳥中学校
関東,神奈川県,中学,川崎市立はるひ野中学校
関東,神奈川県,中学,相模原市立相陽中学校
関東,神奈川県,中学,相模原市立上溝中学校
関東,神奈川県,中学,相模原市立田名中学校
関東,神奈川県,中学,相模原市立大沢中学校
関東,神奈川県,中学,相模原市立旭中学校
関東,神奈川県,中学,相模原市立大野北中学校
関東,神奈川県,中学,相模原市立大野南中学校
関東,神奈川県,中学,相模原市立相模台中学校
関東,神奈川県,中学,相模原市立清新中学校
関東,神奈川県,中学,相模原市立上鶴間中学校
関東,神奈川県,中学,相模原市立麻溝台中学校
関東,神奈川県,中学,相模原市立共和中学校
関東,神奈川県,中学,相模原市立緑が丘中学校
関東,神奈川県,中学,相模原市立大野台中学校
関東,神奈川県,中学,相模原市立相武台中学校
関東,神奈川県,中学,相模原市立谷口中学校
関東,神奈川県,中学,相模原市立中央中学校
関東,神奈川県,中学,相模原市立新町中学校
関東,神奈川県,中学,相模原市立弥栄中学校
関東,神奈川県,中学,相模原市立相原中学校
関東,神奈川県,中学,相模原市立上溝南中学校
関東,神奈川県,中学,相模原市立小山中学校
関東,神奈川県,中学,相模原市立若草中学校
関東,神奈川県,中学,相模原市立由野台中学校
関東,神奈川県,中学,相模原市立内出中学校
関東,神奈川県,中学,相模原市立鵜野森中学校
関東,神奈川県,中学,相模原市立東林中学校
関東,神奈川県,中学,相模原市立相模丘中学校
関東,神奈川県,中学,相模原市立中沢中学校
関東,神奈川県,中学,相模原市立中野中学校
関東,神奈川県,中学,相模原市立串川中学校
関東,神奈川県,中学,相模原市立北相中学校
関東,神奈川県,中学,相模原市立内郷中学校
関東,神奈川県,中学,相模原市立藤野中学校
関東,神奈川県,中学,相模原市立大野南中学校分校
関東,神奈川県,中学,横須賀市立追浜中学校
関東,神奈川県,中学,横須賀市立鷹取中学校
関東,神奈川県,中学,横須賀市立田浦中学校
関東,神奈川県,中学,横須賀市立坂本中学校
関東,神奈川県,中学,横須賀市立不入斗中学校
関東,神奈川県,中学,横須賀市立常葉中学校
関東,神奈川県,中学,横須賀市立公郷中学校
関東,神奈川県,中学,横須賀市立池上中学校
関東,神奈川県,中学,横須賀市立衣笠中学校
関東,神奈川県,中学,横須賀市立大矢部中学校
関東,神奈川県,中学,横須賀市立大津中学校
関東,神奈川県,中学,横須賀市立馬堀中学校
関東,神奈川県,中学,横須賀市立浦賀中学校
関東,神奈川県,中学,横須賀市立鴨居中学校
関東,神奈川県,中学,横須賀市立岩戸中学校
関東,神奈川県,中学,横須賀市立久里浜中学校
関東,神奈川県,中学,横須賀市立神明中学校
関東,神奈川県,中学,横須賀市立野比中学校
関東,神奈川県,中学,横須賀市立北下浦中学校
関東,神奈川県,中学,横須賀市立長沢中学校
関東,神奈川県,中学,横須賀市立長井中学校
関東,神奈川県,中学,横須賀市立武山中学校
関東,神奈川県,中学,横須賀市立大楠中学校
関東,神奈川県,中学,平塚市立江陽中学校
関東,神奈川県,中学,平塚市立太洋中学校
関東,神奈川県,中学,平塚市立春日野中学校
関東,神奈川県,中学,平塚市立浜岳中学校
関東,神奈川県,中学,平塚市立大野中学校
関東,神奈川県,中学,平塚市立神田中学校
関東,神奈川県,中学,平塚市立土沢中学校
関東,神奈川県,中学,平塚市立金旭中学校
関東,神奈川県,中学,平塚市立中原中学校
関東,神奈川県,中学,平塚市立大住中学校
関東,神奈川県,中学,平塚市立山城中学校
関東,神奈川県,中学,平塚市立神明中学校
関東,神奈川県,中学,平塚市立金目中学校
関東,神奈川県,中学,平塚市立横内中学校
関東,神奈川県,中学,平塚市立旭陵中学校
関東,神奈川県,中学,平塚市立金目中学校五領ヶ台分校
関東,神奈川県,中学,鎌倉市立第一中学校
関東,神奈川県,中学,鎌倉市立第二中学校
関東,神奈川県,中学,鎌倉市立御成中学校
関東,神奈川県,中学,鎌倉市立腰越中学校
関東,神奈川県,中学,鎌倉市立深沢中学校
関東,神奈川県,中学,鎌倉市立手広中学校
関東,神奈川県,中学,鎌倉市立大船中学校
関東,神奈川県,中学,鎌倉市立玉縄中学校
関東,神奈川県,中学,鎌倉市立岩瀬中学校
関東,神奈川県,中学,鎌倉市立由比ガ浜中学校
関東,神奈川県,中学,藤沢市立第一中学校
関東,神奈川県,中学,藤沢市立明治中学校
関東,神奈川県,中学,藤沢市立鵠沼中学校
関東,神奈川県,中学,藤沢市立六会中学校
関東,神奈川県,中学,藤沢市立片瀬中学校
関東,神奈川県,中学,藤沢市立御所見中学校
関東,神奈川県,中学,藤沢市立湘洋中学校
関東,神奈川県,中学,藤沢市立長後中学校
関東,神奈川県,中学,藤沢市立藤ヶ岡中学校
関東,神奈川県,中学,藤沢市立高浜中学校
関東,神奈川県,中学,藤沢市立善行中学校
関東,神奈川県,中学,藤沢市立秋葉台中学校
関東,神奈川県,中学,藤沢市立大庭中学校
関東,神奈川県,中学,藤沢市立村岡中学校
関東,神奈川県,中学,藤沢市立湘南台中学校
関東,神奈川県,中学,藤沢市立高倉中学校
関東,神奈川県,中学,藤沢市立滝の沢中学校
関東,神奈川県,中学,藤沢市立大清水中学校
関東,神奈川県,中学,藤沢市立羽鳥中学校
関東,神奈川県,中学,小田原市立城山中学校
関東,神奈川県,中学,小田原市立白鴎中学校
関東,神奈川県,中学,小田原市立白山中学校
関東,神奈川県,中学,小田原市立城南中学校
関東,神奈川県,中学,小田原市立鴨宮中学校
関東,神奈川県,中学,小田原市立千代中学校
関東,神奈川県,中学,小田原市立国府津中学校
関東,神奈川県,中学,小田原市立酒匂中学校
関東,神奈川県,中学,小田原市立泉中学校
関東,神奈川県,中学,小田原市立橘中学校
関東,神奈川県,中学,小田原市立城北中学校
関東,神奈川県,中学,茅ヶ崎市立第一中学校
関東,神奈川県,中学,茅ヶ崎市立鶴嶺中学校
関東,神奈川県,中学,茅ヶ崎市立松林中学校
関東,神奈川県,中学,茅ヶ崎市立西浜中学校
関東,神奈川県,中学,茅ヶ崎市立松浪中学校
関東,神奈川県,中学,茅ヶ崎市立梅田中学校
関東,神奈川県,中学,茅ヶ崎市立鶴が台中学校
関東,神奈川県,中学,茅ヶ崎市立浜須賀中学校
関東,神奈川県,中学,茅ヶ崎市立北陽中学校
関東,神奈川県,中学,茅ヶ崎市立中島中学校
関東,神奈川県,中学,茅ヶ崎市立円蔵中学校
関東,神奈川県,中学,茅ヶ崎市立赤羽根中学校
関東,神奈川県,中学,茅ヶ崎市立萩園中学校
関東,神奈川県,中学,逗子市立逗子中学校
関東,神奈川県,中学,逗子市立久木中学校
関東,神奈川県,中学,逗子市立沼間中学校
関東,神奈川県,中学,三浦市立三崎中学校
関東,神奈川県,中学,三浦市立南下浦中学校
関東,神奈川県,中学,三浦市立初声中学校
関東,神奈川県,中学,秦野市立本町中学校
関東,神奈川県,中学,秦野市立南中学校
関東,神奈川県,中学,秦野市立東中学校
関東,神奈川県,中学,秦野市立北中学校
関東,神奈川県,中学,秦野市立大根中学校
関東,神奈川県,中学,秦野市立西中学校
関東,神奈川県,中学,秦野市立南が丘中学校
関東,神奈川県,中学,秦野市立渋沢中学校
関東,神奈川県,中学,秦野市立鶴巻中学校
関東,神奈川県,中学,厚木市立厚木中学校
関東,神奈川県,中学,厚木市立依知中学校
関東,神奈川県,中学,厚木市立荻野中学校
関東,神奈川県,中学,厚木市立睦合中学校
関東,神奈川県,中学,厚木市立小鮎中学校
関東,神奈川県,中学,厚木市立玉川中学校
関東,神奈川県,中学,厚木市立南毛利中学校
関東,神奈川県,中学,厚木市立東名中学校
関東,神奈川県,中学,厚木市立林中学校
関東,神奈川県,中学,厚木市立藤塚中学校
関東,神奈川県,中学,厚木市立森の里中学校
関東,神奈川県,中学,厚木市立睦合東中学校
関東,神奈川県,中学,厚木市立相川中学校
関東,神奈川県,中学,大和市立大和中学校
関東,神奈川県,中学,大和市立光丘中学校
関東,神奈川県,中学,大和市立渋谷中学校
関東,神奈川県,中学,大和市立つきみ野中学校
関東,神奈川県,中学,大和市立鶴間中学校
関東,神奈川県,中学,大和市立引地台中学校
関東,神奈川県,中学,大和市立上和田中学校
関東,神奈川県,中学,大和市立南林間中学校
関東,神奈川県,中学,大和市立下福田中学校
関東,神奈川県,中学,伊勢原市立山王中学校
関東,神奈川県,中学,伊勢原市立成瀬中学校
関東,神奈川県,中学,伊勢原市立伊勢原中学校
関東,神奈川県,中学,伊勢原市立中沢中学校
関東,神奈川県,中学,海老名市立海老名中学校
関東,神奈川県,中学,海老名市立有馬中学校
関東,神奈川県,中学,海老名市立海西中学校
関東,神奈川県,中学,海老名市立柏ケ谷中学校
関東,神奈川県,中学,海老名市立大谷中学校
関東,神奈川県,中学,海老名市立今泉中学校
関東,神奈川県,中学,座間市立座間中学校
関東,神奈川県,中学,座間市立西中学校
関東,神奈川県,中学,座間市立東中学校
関東,神奈川県,中学,座間市立栗原中学校
関東,神奈川県,中学,座間市立相模中学校
関東,神奈川県,中学,座間市立南中学校
関東,神奈川県,中学,南足柄市立南足柄中学校
関東,神奈川県,中学,南足柄市立岡本中学校
関東,神奈川県,中学,南足柄市立足柄台中学校
関東,神奈川県,中学,綾瀬市立綾瀬中学校
関東,神奈川県,中学,綾瀬市立綾北中学校
関東,神奈川県,中学,綾瀬市立城山中学校
関東,神奈川県,中学,綾瀬市立北の台中学校
関東,神奈川県,中学,綾瀬市立春日台中学校
関東,神奈川県,中学,葉山町立葉山中学校
関東,神奈川県,中学,葉山町立南郷中学校
関東,神奈川県,中学,寒川町立寒川中学校
関東,神奈川県,中学,寒川町立旭が丘中学校
関東,神奈川県,中学,寒川町立寒川東中学校
関東,神奈川県,中学,大磯町立大磯中学校
関東,神奈川県,中学,大磯町立国府中学校
関東,神奈川県,中学,大磯町立国府中学校生沢分校
関東,神奈川県,中学,二宮町立二宮中学校
関東,神奈川県,中学,二宮町立二宮西中学校
関東,神奈川県,中学,中井町立中井中学校
関東,神奈川県,中学,大井町立湘光中学校
関東,神奈川県,中学,松田町立松田中学校
関東,神奈川県,中学,山北町立山北中学校
関東,神奈川県,中学,開成町立文命中学校
関東,神奈川県,中学,箱根町立箱根中学校
関東,神奈川県,中学,真鶴町立真鶴中学校
関東,神奈川県,中学,湯河原町立湯河原中学校
関東,神奈川県,中学,愛川町立愛川東中学校
関東,神奈川県,中学,愛川町立愛川中学校
関東,神奈川県,中学,愛川町立愛川中原中学校
関東,神奈川県,中学,清川村立緑中学校
関東,神奈川県,中学,清川村立宮ヶ瀬中学校
関東,神奈川県,中学,聖ヨゼフ学園中学校
関東,神奈川県,中学,橘学苑中学校
関東,神奈川県,中学,鶴見大学附属中学校
関東,神奈川県,中学,浅野中学校
関東,神奈川県,中学,神奈川学園中学校
関東,神奈川県,中学,横浜創英中学校
関東,神奈川県,#N/A,捜真女学校中学部
関東,神奈川県,中学,聖光学院中学校
関東,神奈川県,中学,フェリス女学院中学校
関東,神奈川県,中学,横浜共立学園中学校
関東,神奈川県,中学,横浜女学院中学校
関東,神奈川県,中学,横浜雙葉中学校
関東,神奈川県,中学,関東学院中学校
関東,神奈川県,中学,青山学院横浜英和中学校
関東,神奈川県,中学,横浜清風中学校
関東,神奈川県,中学,横浜学園中学校
関東,神奈川県,中学,関東学院六浦中学校
関東,神奈川県,中学,横浜中学校
関東,神奈川県,#N/A,慶應義塾普通部
関東,神奈川県,中学,日本大学中学校
関東,神奈川県,中学,武相中学校
関東,神奈川県,#N/A,公文国際学園中等部
関東,神奈川県,中学,山手学院中学校
関東,神奈川県,中学,星槎中学校
関東,神奈川県,中学,横浜富士見丘学園中学校
関東,神奈川県,#N/A,森村学園中等部
関東,神奈川県,中学,神奈川大学附属中学校
関東,神奈川県,中学,横浜翠陵中学校
関東,神奈川県,中学,横浜隼人中学校
関東,神奈川県,中学,サレジオ学院中学校
関東,神奈川県,中学,中央大学附属横浜中学校
関東,神奈川県,中学,大西学園中学校
関東,神奈川県,中学,法政大学第二中学校
関東,神奈川県,中学,洗足学園中学校
関東,神奈川県,中学,カリタス女子中学校
関東,神奈川県,中学,日本女子大学附属中学校
関東,神奈川県,中学,桐光学園中学校
関東,神奈川県,#N/A,シュタイナー学園中等部
関東,神奈川県,大学,相模女子大学中学部
関東,神奈川県,高校,東海大学付属相模高等学校中等部
関東,神奈川県,中学,神奈川歯科大学系属緑ヶ丘女子中学校
関東,神奈川県,中学,横須賀学院中学校
関東,神奈川県,中学,平塚学園中学校
関東,神奈川県,中学,栄光学園中学校
関東,神奈川県,中学,鎌倉学園中学校
関東,神奈川県,中学,鎌倉女学院中学校
関東,神奈川県,中学,北鎌倉女子学園中学校
関東,神奈川県,中学,鎌倉国際文理中学校
関東,神奈川県,中学,清泉女学院中学校
関東,神奈川県,中学,湘南学園中学校
関東,神奈川県,中学,湘南白百合学園中学校
関東,神奈川県,中学,聖園女学院中学校
関東,神奈川県,#N/A,慶應義塾湘南藤沢中等部
関東,神奈川県,中学,藤嶺学園藤沢中学校
関東,神奈川県,中学,日本大学藤沢中学校
関東,神奈川県,中学,相洋中学校
関東,神奈川県,#N/A,湘南ライナス学園中学部
関東,神奈川県,中学,アレセイア湘南中学校
関東,神奈川県,中学,聖和学院中学校
関東,神奈川県,中学,逗子開成中学校
関東,神奈川県,中学,聖セシリア女子中学校
関東,神奈川県,中学,聖ステパノ学園中学校
関東,神奈川県,中学,函嶺白百合学園中学校
関東,神奈川県,高校,神奈川県立鶴見高等学校
関東,神奈川県,高校,神奈川県立鶴見総合高等学校
関東,神奈川県,高校,神奈川県立神奈川工業高等学校
関東,神奈川県,高校,神奈川県立神奈川総合高等学校
関東,神奈川県,高校,神奈川県立横浜翠嵐高等学校
関東,神奈川県,高校,神奈川県立城郷高等学校
関東,神奈川県,高校,神奈川県立横浜平沼高等学校
関東,神奈川県,高校,神奈川県立横浜緑ケ丘高等学校
関東,神奈川県,高校,神奈川県立横浜立野高等学校
関東,神奈川県,高校,神奈川県立横浜清陵高等学校
関東,神奈川県,高校,神奈川県立横浜国際高等学校
関東,神奈川県,高校,神奈川県立横浜南陵高等学校
関東,神奈川県,高校,神奈川県立横浜明朋高等学校
関東,神奈川県,高校,神奈川県立永谷高等学校
関東,神奈川県,高校,神奈川県立光陵高等学校
関東,神奈川県,高校,神奈川県立商工高等学校
関東,神奈川県,高校,神奈川県立保土ケ谷高等学校
関東,神奈川県,高校,神奈川県立希望ケ丘高等学校
関東,神奈川県,高校,神奈川県立二俣川高等学校
関東,神奈川県,高校,神奈川県立旭高等学校
関東,神奈川県,高校,神奈川県立横浜旭陵高等学校
関東,神奈川県,高校,神奈川県立磯子工業高等学校
関東,神奈川県,高校,神奈川県立横浜氷取沢高等学校
関東,神奈川県,高校,神奈川県立金沢総合高等学校
関東,神奈川県,高校,神奈川県立釜利谷高等学校
関東,神奈川県,高校,神奈川県立港北高等学校
関東,神奈川県,高校,神奈川県立新羽高等学校
関東,神奈川県,高校,神奈川県立岸根高等学校
関東,神奈川県,高校,神奈川県立霧が丘高等学校
関東,神奈川県,高校,神奈川県立白山高等学校
関東,神奈川県,高校,神奈川県立市ケ尾高等学校
関東,神奈川県,高校,神奈川県立元石川高等学校
関東,神奈川県,高校,神奈川県立川和高等学校
関東,神奈川県,高校,神奈川県立荏田高等学校
関東,神奈川県,高校,神奈川県立新栄高等学校
関東,神奈川県,高校,神奈川県立舞岡高等学校
関東,神奈川県,高校,神奈川県立横浜桜陽高等学校
関東,神奈川県,高校,神奈川県立上矢部高等学校
関東,神奈川県,高校,神奈川県立柏陽高等学校
関東,神奈川県,高校,神奈川県立金井高等学校
関東,神奈川県,高校,神奈川県立横浜栄高等学校
関東,神奈川県,高校,神奈川県立松陽高等学校
関東,神奈川県,高校,神奈川県立横浜緑園高等学校
関東,神奈川県,高校,神奈川県立横浜修悠館高等学校
関東,神奈川県,高校,神奈川県立横浜瀬谷高等学校
関東,神奈川県,高校,神奈川県立青葉総合高等学校
関東,神奈川県,高校,横浜市立戸塚高等学校
関東,神奈川県,高校,横浜市立桜丘高等学校
関東,神奈川県,高校,横浜市立金沢高等学校
関東,神奈川県,高校,横浜市立南高等学校
関東,神奈川県,高校,横浜市立東高等学校
関東,神奈川県,高校,横浜市立横浜商業高等学校
関東,神奈川県,高校,横浜市立みなと総合高等学校
関東,神奈川県,高校,横浜市立横浜サイエンスフロンティア高等学校
関東,神奈川県,高校,横浜市立横浜総合高等学校
関東,神奈川県,高校,神奈川県立川崎高等学校
関東,神奈川県,高校,神奈川県立大師高等学校
関東,神奈川県,高校,神奈川県立川崎工科高等学校
関東,神奈川県,高校,神奈川県立新城高等学校
関東,神奈川県,高校,神奈川県立住吉高等学校
関東,神奈川県,高校,神奈川県立川崎北高等学校
関東,神奈川県,高校,神奈川県立多摩高等学校
関東,神奈川県,高校,神奈川県立向の岡工業高等学校
関東,神奈川県,高校,神奈川県立生田高等学校
関東,神奈川県,高校,神奈川県立百合丘高等学校
関東,神奈川県,高校,神奈川県立生田東高等学校
関東,神奈川県,高校,神奈川県立菅高等学校
関東,神奈川県,高校,神奈川県立麻生総合高等学校
関東,神奈川県,高校,神奈川県立麻生高等学校
関東,神奈川県,高校,川崎市立川崎高等学校
関東,神奈川県,高校,川崎市立幸高等学校
関東,神奈川県,高校,川崎市立川崎総合科学高等学校
関東,神奈川県,高校,川崎市立橘高等学校
関東,神奈川県,高校,川崎市立高津高等学校
関東,神奈川県,高校,神奈川県立相原高等学校
関東,神奈川県,高校,神奈川県立橋本高等学校
関東,神奈川県,高校,神奈川県立津久井高等学校
関東,神奈川県,高校,神奈川県立上溝高等学校
関東,神奈川県,高校,神奈川県立相模原高等学校
関東,神奈川県,高校,神奈川県立上溝南高等学校
関東,神奈川県,高校,神奈川県立相模原弥栄高等学校
関東,神奈川県,高校,神奈川県立相模田名高等学校
関東,神奈川県,高校,神奈川県立神奈川総合産業高等学校
関東,神奈川県,高校,神奈川県立麻溝台高等学校
関東,神奈川県,高校,神奈川県立上鶴間高等学校
関東,神奈川県,高校,神奈川県立相模原城山高等学校
関東,神奈川県,高校,神奈川県立横須賀高等学校
関東,神奈川県,高校,神奈川県立横須賀大津高等学校
関東,神奈川県,高校,神奈川県立横須賀工業高等学校
関東,神奈川県,高校,神奈川県立海洋科学高等学校
関東,神奈川県,高校,神奈川県立追浜高等学校
関東,神奈川県,高校,神奈川県立津久井浜高等学校
関東,神奈川県,高校,神奈川県立横須賀南高等学校
関東,神奈川県,高校,横須賀市立横須賀総合高等学校
関東,神奈川県,高校,神奈川県立平塚江南高等学校
関東,神奈川県,高校,神奈川県立平塚農商高等学校
関東,神奈川県,高校,神奈川県立平塚工科高等学校
関東,神奈川県,高校,神奈川県立高浜高等学校
関東,神奈川県,高校,神奈川県立平塚湘風高等学校
関東,神奈川県,高校,神奈川県立鎌倉高等学校
関東,神奈川県,高校,神奈川県立七里ガ浜高等学校
関東,神奈川県,高校,神奈川県立大船高等学校
関東,神奈川県,高校,神奈川県立深沢高等学校
関東,神奈川県,高校,神奈川県立湘南高等学校
関東,神奈川県,高校,神奈川県立藤沢西高等学校
関東,神奈川県,高校,神奈川県立藤沢工科高等学校
関東,神奈川県,高校,神奈川県立藤沢清流高等学校
関東,神奈川県,高校,神奈川県立藤沢総合高等学校
関東,神奈川県,高校,神奈川県立湘南台高等学校
関東,神奈川県,高校,神奈川県立小田原高等学校
関東,神奈川県,高校,神奈川県立小田原東高等学校
関東,神奈川県,高校,神奈川県立西湘高等学校
関東,神奈川県,高校,神奈川県立小田原北高等学校
関東,神奈川県,高校,神奈川県立茅ケ崎高等学校
関東,神奈川県,高校,神奈川県立茅ケ崎北陵高等学校
関東,神奈川県,高校,神奈川県立鶴嶺高等学校
関東,神奈川県,高校,神奈川県立茅ケ崎西浜高等学校
関東,神奈川県,高校,神奈川県立逗子葉山高等学校
関東,神奈川県,高校,神奈川県立三浦初声高等学校
関東,神奈川県,高校,神奈川県立秦野高等学校
関東,神奈川県,高校,神奈川県立秦野総合高等学校
関東,神奈川県,高校,神奈川県立秦野曽屋高等学校
関東,神奈川県,高校,神奈川県立厚木高等学校
関東,神奈川県,高校,神奈川県立厚木北高等学校
関東,神奈川県,高校,神奈川県立厚木清南高等学校
関東,神奈川県,高校,神奈川県立厚木西高等学校
関東,神奈川県,高校,神奈川県立厚木王子高等学校
関東,神奈川県,高校,神奈川県立大和高等学校
関東,神奈川県,高校,神奈川県立大和南高等学校
関東,神奈川県,高校,神奈川県立大和東高等学校
関東,神奈川県,高校,神奈川県立大和西高等学校
関東,神奈川県,高校,神奈川県立伊勢原高等学校
関東,神奈川県,高校,神奈川県立伊志田高等学校
関東,神奈川県,高校,神奈川県立中央農業高等学校
関東,神奈川県,高校,神奈川県立海老名高等学校
関東,神奈川県,高校,神奈川県立有馬高等学校
関東,神奈川県,高校,神奈川県立座間高等学校
関東,神奈川県,高校,神奈川県立座間総合高等学校
関東,神奈川県,高校,神奈川県立相模向陽館高等学校
関東,神奈川県,高校,神奈川県立足柄高等学校
関東,神奈川県,高校,神奈川県立綾瀬高等学校
関東,神奈川県,高校,神奈川県立綾瀬西高等学校
関東,神奈川県,高校,神奈川県立寒川高等学校
関東,神奈川県,高校,神奈川県立大磯高等学校
関東,神奈川県,高校,神奈川県立二宮高等学校
関東,神奈川県,高校,神奈川県立山北高等学校
関東,神奈川県,高校,神奈川県立吉田島高等学校
関東,神奈川県,高校,神奈川県立愛川高等学校
関東,神奈川県,高校,白鵬女子高等学校
関東,神奈川県,高校,聖ヨゼフ学園高等学校
関東,神奈川県,高校,橘学苑高等学校
関東,神奈川県,高校,鶴見大学附属高等学校
関東,神奈川県,高校,法政大学国際高等学校
関東,神奈川県,高校,浅野高等学校
関東,神奈川県,高校,神奈川学園高等学校
関東,神奈川県,高校,横浜創英高等学校
関東,神奈川県,#N/A,捜真女学校高等学部
関東,神奈川県,高校,聖光学院高等学校
関東,神奈川県,高校,フェリス女学院高等学校
関東,神奈川県,高校,横浜共立学園高等学校
関東,神奈川県,高校,横浜女学院高等学校
関東,神奈川県,高校,横浜雙葉高等学校
関東,神奈川県,高校,関東学院高等学校
関東,神奈川県,高校,青山学院横浜英和高等学校
関東,神奈川県,高校,横浜清風高等学校
関東,神奈川県,高校,横浜学園高等学校
関東,神奈川県,高校,関東学院六浦高等学校
関東,神奈川県,高校,横浜高等学校
関東,神奈川県,高校,横浜創学館高等学校
関東,神奈川県,高校,慶應義塾高等学校
関東,神奈川県,高校,英理女子学院高等学校
関東,神奈川県,高校,日本大学高等学校
関東,神奈川県,高校,武相高等学校
関東,神奈川県,#N/A,公文国際学園高等部
関東,神奈川県,高校,山手学院高等学校
関東,神奈川県,高校,横浜商科大学高等学校
関東,神奈川県,高校,星槎高等学校
関東,神奈川県,高校,横浜富士見丘学園高等学校
関東,神奈川県,#N/A,森村学園高等部
関東,神奈川県,高校,神奈川大学附属高等学校
関東,神奈川県,高校,横浜翠陵高等学校
関東,神奈川県,高校,横浜隼人高等学校
関東,神奈川県,高校,桐蔭学園高等学校
関東,神奈川県,高校,サレジオ学院高等学校
関東,神奈川県,高校,中央大学附属横浜高等学校
関東,神奈川県,高校,清心女子高等学校
関東,神奈川県,高校,秀英高等学校
関東,神奈川県,高校,大西学園高等学校
関東,神奈川県,高校,法政大学第二高等学校
関東,神奈川県,高校,洗足学園高等学校
関東,神奈川県,高校,カリタス女子高等学校
関東,神奈川県,高校,日本女子大学附属高等学校
関東,神奈川県,高校,桐光学園高等学校
関東,神奈川県,#N/A,シュタイナー学園高等部
関東,神奈川県,高校,麻布大学附属高等学校
関東,神奈川県,大学,相模女子大学高等部
関東,神奈川県,高校,相模原高等学校
関東,神奈川県,高校,東海大学付属相模高等学校
関東,神奈川県,高校,湘南学院高等学校
関東,神奈川県,高校,三浦学苑高等学校
関東,神奈川県,高校,神奈川歯科大学系属緑ヶ丘女子高等学校
関東,神奈川県,高校,横須賀学院高等学校
関東,神奈川県,高校,平塚学園高等学校
関東,神奈川県,高校,栄光学園高等学校
関東,神奈川県,高校,鎌倉学園高等学校
関東,神奈川県,高校,鎌倉女学院高等学校
関東,神奈川県,高校,北鎌倉女子学園高等学校
関東,神奈川県,高校,鎌倉国際文理高等学校
関東,神奈川県,高校,清泉女学院高等学校
関東,神奈川県,高校,鵠沼高等学校
関東,神奈川県,高校,湘南工科大学附属高等学校
関東,神奈川県,高校,湘南学園高等学校
関東,神奈川県,高校,湘南白百合学園高等学校
関東,神奈川県,高校,日本大学藤沢高等学校
関東,神奈川県,高校,藤嶺学園藤沢高等学校
関東,神奈川県,高校,藤沢翔陵高等学校
関東,神奈川県,高校,聖園女学院高等学校
関東,神奈川県,#N/A,慶應義塾湘南藤沢高等部
関東,神奈川県,高校,旭丘高等学校
関東,神奈川県,高校,相洋高等学校
関東,神奈川県,#N/A,湘南ライナス学園高等部
関東,神奈川県,高校,アレセイア湘南高等学校
関東,神奈川県,高校,聖和学院高等学校
関東,神奈川県,高校,逗子開成高等学校
関東,神奈川県,高校,厚木中央高等学校
関東,神奈川県,高校,聖セシリア女子高等学校
関東,神奈川県,高校,柏木学園高等学校
関東,神奈川県,高校,向上高等学校
関東,神奈川県,高校,立花学園高等学校
関東,神奈川県,高校,鹿島山北高等学校
関東,神奈川県,高校,函嶺白百合学園高等学校
関東,神奈川県,中等教育学校,神奈川県立相模原中等教育学校
関東,神奈川県,中等教育学校,神奈川県立平塚中等教育学校
関東,神奈川県,中等教育学校,桐蔭学園中等教育学校
関東,神奈川県,中等教育学校,自修館中等教育学校
中部,新潟県,中学,新潟大学附属新潟中学校
中部,新潟県,中学,新潟大学附属長岡中学校
中部,新潟県,中学,上越教育大学附属中学校
中部,新潟県,中学,新潟市立松浜中学校
中部,新潟県,中学,新潟市立南浜中学校
中部,新潟県,中学,新潟市立濁川中学校
中部,新潟県,中学,新潟市立岡方中学校
中部,新潟県,中学,新潟市立葛塚中学校
中部,新潟県,中学,新潟市立木崎中学校
中部,新潟県,中学,新潟市立早通中学校
中部,新潟県,中学,新潟市立光晴中学校
中部,新潟県,中学,新潟市立東新潟中学校
中部,新潟県,中学,新潟市立山の下中学校
中部,新潟県,中学,新潟市立大形中学校
中部,新潟県,中学,新潟市立石山中学校
中部,新潟県,中学,新潟市立藤見中学校
中部,新潟県,中学,新潟市立木戸中学校
中部,新潟県,中学,新潟市立東石山中学校
中部,新潟県,中学,新潟市立下山中学校
中部,新潟県,中学,新潟市立関屋中学校
中部,新潟県,中学,新潟市立鳥屋野中学校
中部,新潟県,中学,新潟市立白新中学校
中部,新潟県,中学,新潟市立寄居中学校
中部,新潟県,中学,新潟市立宮浦中学校
中部,新潟県,中学,新潟市立上山中学校
中部,新潟県,中学,新潟市立山潟中学校
中部,新潟県,中学,新潟市立新潟柳都中学校
中部,新潟県,中学,新潟市立大江山中学校
中部,新潟県,中学,新潟市立曽野木中学校
中部,新潟県,中学,新潟市立両川中学校
中部,新潟県,中学,新潟市立横越中学校
中部,新潟県,中学,新潟市立亀田中学校
中部,新潟県,中学,新潟市立亀田西中学校
中部,新潟県,中学,新潟市立新津第一中学校
中部,新潟県,中学,新潟市立新津第二中学校
中部,新潟県,中学,新潟市立新津第五中学校
中部,新潟県,中学,新潟市立小合中学校
中部,新潟県,中学,新潟市立金津中学校
中部,新潟県,中学,新潟市立小須戸中学校
中部,新潟県,中学,新潟市立臼井中学校
中部,新潟県,中学,新潟市立白根第一中学校
中部,新潟県,中学,新潟市立白根北中学校
中部,新潟県,中学,新潟市立白南中学校
中部,新潟県,中学,新潟市立味方中学校
中部,新潟県,中学,新潟市立月潟中学校
中部,新潟県,中学,新潟市立坂井輪中学校
中部,新潟県,中学,新潟市立内野中学校
中部,新潟県,中学,新潟市立赤塚中学校
中部,新潟県,中学,新潟市立中野小屋中学校
中部,新潟県,中学,新潟市立小針中学校
中部,新潟県,中学,新潟市立五十嵐中学校
中部,新潟県,中学,新潟市立小新中学校
中部,新潟県,中学,新潟市立内野中学校希望が丘分校
中部,新潟県,中学,新潟市立黒埼中学校
中部,新潟県,中学,新潟市立岩室中学校
中部,新潟県,中学,新潟市立巻東中学校
中部,新潟県,中学,新潟市立巻西中学校
中部,新潟県,中学,新潟市立西川中学校
中部,新潟県,中学,新潟市立潟東中学校
中部,新潟県,中学,新潟市立中之口中学校
中部,新潟県,中学,長岡市立東中学校
中部,新潟県,中学,長岡市立南中学校
中部,新潟県,中学,長岡市立北中学校
中部,新潟県,中学,長岡市立旭岡中学校
中部,新潟県,中学,長岡市立栖吉中学校
中部,新潟県,中学,長岡市立宮内中学校
中部,新潟県,中学,長岡市立東北中学校
中部,新潟県,中学,長岡市立堤岡中学校
中部,新潟県,中学,長岡市立山本中学校
中部,新潟県,中学,長岡市立岡南中学校
中部,新潟県,中学,長岡市立太田中学校
中部,新潟県,中学,長岡市立関原中学校
中部,新潟県,中学,長岡市立西中学校
中部,新潟県,中学,長岡市立江陽中学校
中部,新潟県,中学,長岡市立青葉台中学校
中部,新潟県,中学,長岡市立大島中学校
中部,新潟県,中学,長岡市立秋葉中学校
中部,新潟県,中学,長岡市立刈谷田中学校
中部,新潟県,中学,長岡市立中之島中学校
中部,新潟県,中学,長岡市立越路中学校
中部,新潟県,中学,長岡市立三島中学校
中部,新潟県,中学,長岡市立与板中学校
中部,新潟県,中学,長岡市立北辰中学校
中部,新潟県,中学,長岡市立寺泊中学校
中部,新潟県,中学,長岡市立山古志中学校
中部,新潟県,中学,長岡市立川口中学校
中部,新潟県,中学,長岡市立小国中学校
中部,新潟県,中学,三条市立第一中学校
中部,新潟県,中学,三条市立第二中学校
中部,新潟県,中学,三条市立第三中学校
中部,新潟県,中学,三条市立第四中学校
中部,新潟県,中学,三条市立本成寺中学校
中部,新潟県,中学,三条市立大島中学校
中部,新潟県,中学,三条市立下田中学校
中部,新潟県,中学,三条市立栄中学校
中部,新潟県,中学,柏崎市立第一中学校
中部,新潟県,中学,柏崎市立第二中学校
中部,新潟県,中学,柏崎市立第三中学校
中部,新潟県,中学,柏崎市立瑞穂中学校
中部,新潟県,中学,柏崎市立第五中学校
中部,新潟県,中学,柏崎市立松浜中学校
中部,新潟県,中学,柏崎市立鏡が沖中学校
中部,新潟県,中学,柏崎市立南中学校
中部,新潟県,中学,柏崎市立北条中学校
中部,新潟県,中学,柏崎市立東中学校
中部,新潟県,中学,柏崎市立西山中学校
中部,新潟県,中学,新潟県立柏崎高等学校附属中学校
中部,新潟県,中学,新発田市立本丸中学校
中部,新潟県,中学,新発田市立第一中学校
中部,新潟県,中学,新発田市立猿橋中学校
中部,新潟県,中学,新発田市立川東中学校
中部,新潟県,中学,新発田市立佐々木中学校
中部,新潟県,中学,新発田市立東中学校
中部,新潟県,中学,新発田市立七葉中学校
中部,新潟県,中学,新発田市立豊浦中学校
中部,新潟県,中学,新発田市立加治川中学校
中部,新潟県,中学,新発田市立紫雲寺中学校
中部,新潟県,中学,小千谷市立小千谷中学校
中部,新潟県,中学,小千谷市立東小千谷中学校
中部,新潟県,中学,小千谷市立千田中学校
中部,新潟県,中学,小千谷市立片貝中学校
中部,新潟県,中学,小千谷市立南中学校
中部,新潟県,中学,小千谷市立小千谷中学校上ノ山分校
中部,新潟県,中学,加茂市立加茂中学校
中部,新潟県,中学,加茂市立葵中学校
中部,新潟県,中学,加茂市立七谷中学校
中部,新潟県,中学,加茂市立若宮中学校
中部,新潟県,中学,加茂市立須田中学校
中部,新潟県,中学,十日町市立十日町中学校
中部,新潟県,中学,十日町市立中条中学校
中部,新潟県,中学,十日町市立南中学校
中部,新潟県,中学,十日町市立吉田中学校
中部,新潟県,中学,十日町市立下条中学校
中部,新潟県,中学,十日町市立水沢中学校
中部,新潟県,中学,十日町市立川西中学校
中部,新潟県,中学,十日町市立中里中学校
中部,新潟県,中学,十日町市立松代中学校
中部,新潟県,中学,十日町市立松之山中学校
中部,新潟県,中学,見附市立見附中学校
中部,新潟県,中学,見附市立今町中学校
中部,新潟県,中学,見附市立南中学校
中部,新潟県,中学,見附市立西中学校
中部,新潟県,中学,村上市立岩船中学校
中部,新潟県,中学,村上市立村上第一中学校
中部,新潟県,中学,村上市立村上東中学校
中部,新潟県,中学,村上市立神林中学校
中部,新潟県,中学,村上市立荒川中学校
中部,新潟県,中学,村上市立朝日中学校
中部,新潟県,中学,村上市立山北中学校
中部,新潟県,中学,燕市立燕中学校
中部,新潟県,中学,燕市立小池中学校
中部,新潟県,中学,燕市立燕北中学校
中部,新潟県,中学,燕市立分水中学校
中部,新潟県,中学,燕市立吉田中学校
中部,新潟県,中学,糸魚川市立糸魚川東中学校
中部,新潟県,中学,糸魚川市立糸魚川中学校
中部,新潟県,中学,糸魚川市立能生中学校
中部,新潟県,中学,糸魚川市立青海中学校
中部,新潟県,中学,妙高市立新井中学校
中部,新潟県,中学,妙高市立妙高高原中学校
中部,新潟県,中学,妙高市立妙高中学校
中部,新潟県,中学,五泉市立五泉中学校
中部,新潟県,中学,五泉市立川東中学校
中部,新潟県,中学,五泉市立五泉北中学校
中部,新潟県,中学,五泉市立村松桜中学校
中部,新潟県,中学,上越市立城北中学校
中部,新潟県,中学,上越市立城西中学校
中部,新潟県,中学,上越市立城東中学校
中部,新潟県,中学,上越市立八千浦中学校
中部,新潟県,中学,上越市立直江津中学校
中部,新潟県,中学,上越市立直江津東中学校
中部,新潟県,中学,上越市立春日中学校
中部,新潟県,中学,上越市立雄志中学校
中部,新潟県,中学,上越市立潮陵中学校
中部,新潟県,中学,上越市立牧中学校
中部,新潟県,中学,上越市立柿崎中学校
中部,新潟県,中学,上越市立大潟町中学校
中部,新潟県,中学,上越市立頸城中学校
中部,新潟県,中学,上越市立吉川中学校
中部,新潟県,中学,上越市立中郷中学校
中部,新潟県,中学,上越市立板倉中学校
中部,新潟県,中学,上越市立清里中学校
中部,新潟県,中学,上越市立三和中学校
中部,新潟県,中学,上越市立名立中学校
中部,新潟県,中学,上越市立東頸中学校
中部,新潟県,中学,上越市立諏訪中学校
中部,新潟県,中学,阿賀野市立安田中学校
中部,新潟県,中学,阿賀野市立京ヶ瀬中学校
中部,新潟県,中学,阿賀野市立水原中学校
中部,新潟県,中学,阿賀野市立笹神中学校
中部,新潟県,中学,佐渡市立内海府中学校
中部,新潟県,中学,佐渡市立前浜中学校
中部,新潟県,中学,佐渡市立両津中学校
中部,新潟県,中学,佐渡市立南佐渡中学校
中部,新潟県,中学,佐渡市立相川中学校
中部,新潟県,中学,佐渡市立高千中学校
中部,新潟県,中学,佐渡市立佐和田中学校
中部,新潟県,中学,佐渡市立金井中学校
中部,新潟県,中学,佐渡市立新穂中学校
中部,新潟県,中学,佐渡市立畑野中学校
中部,新潟県,中学,佐渡市立松ヶ崎中学校
中部,新潟県,中学,佐渡市立真野中学校
中部,新潟県,中学,魚沼市立堀之内中学校
中部,新潟県,中学,魚沼市立魚沼北中学校
中部,新潟県,中学,魚沼市立小出中学校
中部,新潟県,中学,魚沼市立湯之谷中学校
中部,新潟県,中学,魚沼市立広神中学校
中部,新潟県,中学,南魚沼市立塩沢中学校
中部,新潟県,中学,南魚沼市立六日町中学校
中部,新潟県,中学,南魚沼市立大和中学校
中部,新潟県,中学,南魚沼市立八海中学校
中部,新潟県,中学,胎内市立中条中学校
中部,新潟県,中学,胎内市立乙中学校
中部,新潟県,中学,胎内市立築地中学校
中部,新潟県,中学,胎内市立黒川中学校
中部,新潟県,中学,聖籠町立聖籠中学校
中部,新潟県,中学,弥彦村立弥彦中学校
中部,新潟県,中学,田上町立田上中学校
中部,新潟県,中学,阿賀町立阿賀津川中学校
中部,新潟県,中学,阿賀町立三川中学校
中部,新潟県,中学,出雲崎町立出雲崎中学校
中部,新潟県,中学,湯沢町立湯沢中学校
中部,新潟県,中学,津南町立津南中学校
中部,新潟県,中学,刈羽村立刈羽中学校
中部,新潟県,中学,関川村立関川中学校
中部,新潟県,中学,粟島浦村立粟島浦中学校
中部,新潟県,中学,新潟第一中学校
中部,新潟県,中学,新潟明訓中学校
中部,新潟県,中学,新潟清心女子中学校
中部,新潟県,中学,帝京長岡中学校
中部,新潟県,高校,新潟県立豊栄高等学校
中部,新潟県,高校,新潟県立新潟東高等学校
中部,新潟県,高校,新潟県立新潟北高等学校
中部,新潟県,高校,新潟県立新潟高等学校
中部,新潟県,高校,新潟県立新潟中央高等学校
中部,新潟県,高校,新潟県立新潟南高等学校
中部,新潟県,高校,新潟県立新潟商業高等学校
中部,新潟県,高校,新潟県立新潟江南高等学校
中部,新潟県,高校,新潟市立万代高等学校
中部,新潟県,高校,新潟市立明鏡高等学校
中部,新潟県,高校,新潟県立新潟向陽高等学校
中部,新潟県,高校,新潟県立新津高等学校
中部,新潟県,高校,新潟県立新津工業高等学校
中部,新潟県,高校,新潟県立新津南高等学校
中部,新潟県,高校,新潟県立白根高等学校
中部,新潟県,高校,新潟県立新潟工業高等学校
中部,新潟県,高校,新潟県立新潟西高等学校
中部,新潟県,高校,新潟県立新潟翠江高等学校
中部,新潟県,高校,新潟県立巻高等学校
中部,新潟県,高校,新潟県立巻総合高等学校
中部,新潟県,高校,新潟県立碧高等学校
中部,新潟県,高校,新潟県立長岡高等学校
中部,新潟県,高校,新潟県立長岡大手高等学校
中部,新潟県,高校,新潟県立長岡農業高等学校
中部,新潟県,高校,新潟県立長岡工業高等学校
中部,新潟県,高校,新潟県立長岡商業高等学校
中部,新潟県,高校,新潟県立長岡明徳高等学校
中部,新潟県,高校,新潟県立長岡向陵高等学校
中部,新潟県,高校,新潟県立栃尾高等学校
中部,新潟県,高校,新潟県立正徳館高等学校
中部,新潟県,高校,新潟県立三条高等学校
中部,新潟県,高校,新潟県立三条東高等学校
中部,新潟県,高校,新潟県立三条商業高等学校
中部,新潟県,高校,新潟県立新潟県央工業高等学校
中部,新潟県,高校,新潟県立柏崎高等学校
中部,新潟県,高校,新潟県立柏崎常盤高等学校
中部,新潟県,高校,新潟県立柏崎総合高等学校
中部,新潟県,高校,新潟県立柏崎工業高等学校
中部,新潟県,高校,新潟県立新発田高等学校
中部,新潟県,高校,新潟県立西新発田高等学校
中部,新潟県,高校,新潟県立新発田農業高等学校
中部,新潟県,高校,新潟県立新発田南高等学校
中部,新潟県,高校,新潟県立新発田商業高等学校
中部,新潟県,高校,新潟県立小千谷高等学校
中部,新潟県,高校,新潟県立小千谷西高等学校
中部,新潟県,高校,新潟県立加茂高等学校
中部,新潟県,高校,新潟県立加茂農林高等学校
中部,新潟県,高校,新潟県立十日町高等学校
中部,新潟県,高校,新潟県立十日町総合高等学校
中部,新潟県,高校,新潟県立松代高等学校
中部,新潟県,高校,新潟県立見附高等学校
中部,新潟県,高校,新潟県立村上高等学校
中部,新潟県,高校,新潟県立村上桜ヶ丘高等学校
中部,新潟県,高校,新潟県立荒川高等学校
中部,新潟県,高校,新潟県立分水高等学校
中部,新潟県,高校,新潟県立吉田高等学校
中部,新潟県,高校,新潟県立糸魚川高等学校
中部,新潟県,高校,新潟県立糸魚川白嶺高等学校
中部,新潟県,高校,新潟県立海洋高等学校
中部,新潟県,高校,新潟県立新井高等学校
中部,新潟県,高校,新潟県立五泉高等学校
中部,新潟県,高校,新潟県立村松高等学校
中部,新潟県,高校,新潟県立高田高等学校
中部,新潟県,高校,新潟県立高田北城高等学校
中部,新潟県,高校,新潟県立高田農業高等学校
中部,新潟県,高校,新潟県立上越総合技術高等学校
中部,新潟県,高校,新潟県立高田商業高等学校
中部,新潟県,高校,新潟県立高田南城高等学校
中部,新潟県,高校,新潟県立有恒高等学校
中部,新潟県,高校,新潟県立阿賀野高等学校
中部,新潟県,高校,新潟県立佐渡高等学校相川分校
中部,新潟県,高校,新潟県立佐渡高等学校
中部,新潟県,高校,新潟県立佐渡総合高等学校
中部,新潟県,高校,新潟県立羽茂高等学校
中部,新潟県,高校,新潟県立佐渡高等学校両津キャンパス
中部,新潟県,高校,新潟県立堀之内高等学校
中部,新潟県,高校,新潟県立小出高等学校
中部,新潟県,高校,新潟県立塩沢商工高等学校
中部,新潟県,高校,新潟県立六日町高等学校
中部,新潟県,高校,新潟県立国際情報高等学校
中部,新潟県,高校,新潟県立八海高等学校
中部,新潟県,高校,新潟県立中条高等学校
中部,新潟県,高校,新潟県立阿賀黎明高等学校
中部,新潟県,高校,新潟県立出雲崎高等学校
中部,新潟県,高校,敬和学園高等学校
中部,新潟県,高校,北越高等学校
中部,新潟県,高校,新潟青陵高等学校
中部,新潟県,高校,新潟第一高等学校
中部,新潟県,高校,東京学館新潟高等学校
中部,新潟県,高校,開志学園高等学校
中部,新潟県,高校,新潟明訓高等学校
中部,新潟県,高校,新潟清心女子高等学校
中部,新潟県,高校,日本文理高等学校
中部,新潟県,高校,開志創造高等学校
中部,新潟県,高校,帝京長岡高等学校
中部,新潟県,高校,中越高等学校
中部,新潟県,高校,新潟英智高等学校
中部,新潟県,高校,新潟産業大学附属高等学校
中部,新潟県,高校,新発田中央高等学校
中部,新潟県,高校,加茂暁星高等学校
中部,新潟県,高校,創進学園高等学校
中部,新潟県,高校,上越高等学校
中部,新潟県,高校,関根学園高等学校
中部,新潟県,高校,開志国際高等学校
中部,新潟県,中等教育学校,新潟市立高志中等教育学校
中部,新潟県,中等教育学校,新潟県立柏崎翔洋中等教育学校
中部,新潟県,中等教育学校,新潟県立村上中等教育学校
中部,新潟県,中等教育学校,新潟県立燕中等教育学校
中部,新潟県,中等教育学校,新潟県立直江津中等教育学校
中部,新潟県,中等教育学校,新潟県立佐渡中等教育学校
中部,新潟県,中等教育学校,新潟県立津南中等教育学校
中部,富山県,中学,富山大学教育学部附属中学校
中部,富山県,中学,富山市立芝園中学校
中部,富山県,中学,富山市立堀川中学校
中部,富山県,中学,富山市立東部中学校
中部,富山県,中学,富山市立西部中学校
中部,富山県,中学,富山市立南部中学校
中部,富山県,中学,富山市立北部中学校
中部,富山県,中学,富山市立新庄中学校
中部,富山県,中学,富山市立岩瀬中学校
中部,富山県,中学,富山市立山室中学校
中部,富山県,中学,富山市立奥田中学校
中部,富山県,中学,富山市立大泉中学校
中部,富山県,中学,富山市立月岡中学校
中部,富山県,中学,富山市立呉羽中学校
中部,富山県,中学,富山市立和合中学校
中部,富山県,中学,富山市立興南中学校
中部,富山県,中学,富山市立藤ノ木中学校
中部,富山県,中学,富山市立大沢野中学校
中部,富山県,中学,富山市立上滝中学校
中部,富山県,中学,富山市立八尾中学校
中部,富山県,中学,富山市立速星中学校
中部,富山県,中学,富山市立城山中学校
中部,富山県,中学,富山市立山田中学校
中部,富山県,中学,富山市立楡原中学校
中部,富山県,中学,富山市立北部中学校松風分校
中部,富山県,#N/A,富山市立古志はるかぜ学園中学部
中部,富山県,中学,高岡市立高陵中学校
中部,富山県,中学,高岡市立高岡西部中学校
中部,富山県,中学,高岡市立南星中学校
中部,富山県,中学,高岡市立志貴野中学校
中部,富山県,中学,高岡市立芳野中学校
中部,富山県,中学,高岡市立伏木中学校
中部,富山県,中学,高岡市立牧野中学校
中部,富山県,中学,高岡市立五位中学校
中部,富山県,中学,高岡市立戸出中学校
中部,富山県,中学,高岡市立中田中学校
中部,富山県,中学,高岡市立福岡中学校
中部,富山県,中学,魚津市立西部中学校
中部,富山県,中学,魚津市立東部中学校
中部,富山県,中学,氷見市立南部中学校
中部,富山県,中学,氷見市立北部中学校
中部,富山県,中学,氷見市立十三中学校
中部,富山県,中学,氷見市立西條中学校
中部,富山県,中学,滑川市立滑川中学校
中部,富山県,中学,滑川市立早月中学校
中部,富山県,中学,黒部市立清明中学校
中部,富山県,中学,黒部市立明峰中学校
中部,富山県,中学,砺波市立出町中学校
中部,富山県,中学,砺波市立庄西中学校
中部,富山県,中学,砺波市立般若中学校
中部,富山県,中学,砺波市立庄川中学校
中部,富山県,中学,小矢部市立石動中学校
中部,富山県,中学,小矢部市立大谷中学校
中部,富山県,中学,小矢部市立津沢中学校
中部,富山県,中学,小矢部市立蟹谷中学校
中部,富山県,中学,南砺市立城端中学校
中部,富山県,中学,南砺市立井波中学校
中部,富山県,中学,南砺市立福野中学校
中部,富山県,中学,南砺市立福光中学校
中部,富山県,中学,南砺市立吉江中学校
中部,富山県,中学,射水市立新湊中学校
中部,富山県,中学,射水市立新湊南部中学校
中部,富山県,中学,射水市立射北中学校
中部,富山県,中学,射水市立小杉中学校
中部,富山県,中学,射水市立小杉南中学校
中部,富山県,中学,射水市立大門中学校
中部,富山県,中学,舟橋村立舟橋中学校
中部,富山県,中学,上市町立上市中学校
中部,富山県,中学,立山町立雄山中学校
中部,富山県,中学,入善町立入善中学校
中部,富山県,中学,入善町立入善西中学校
中部,富山県,中学,朝日町立朝日中学校
中部,富山県,中学,片山学園中学校
中部,富山県,高校,富山県立中央農業高等学校
中部,富山県,高校,富山県立八尾高等学校
中部,富山県,高校,富山県立富山西高等学校
中部,富山県,高校,富山県立富山高等学校
中部,富山県,高校,富山県立富山中部高等学校
中部,富山県,高校,富山県立富山北部高等学校
中部,富山県,高校,富山県立富山工業高等学校
中部,富山県,高校,富山県立富山商業高等学校
中部,富山県,高校,富山県立富山いずみ高等学校
中部,富山県,高校,富山県立富山東高等学校
中部,富山県,高校,富山県立富山南高等学校
中部,富山県,高校,富山県立呉羽高等学校
中部,富山県,高校,富山県立雄峰高等学校
中部,富山県,高校,富山県立高岡高等学校
中部,富山県,高校,富山県立高岡工芸高等学校
中部,富山県,高校,富山県立高岡商業高等学校
中部,富山県,高校,富山県立伏木高等学校
中部,富山県,高校,富山県立高岡南高等学校
中部,富山県,高校,富山県立志貴野高等学校
中部,富山県,高校,富山県立福岡高等学校
中部,富山県,高校,富山県立新川みどり野高等学校
中部,富山県,高校,富山県立魚津高等学校
中部,富山県,高校,富山県立魚津工業高等学校
中部,富山県,高校,富山県立氷見高等学校
中部,富山県,高校,富山県立滑川高等学校
中部,富山県,高校,富山県立桜井高等学校
中部,富山県,高校,富山県立砺波高等学校
中部,富山県,高校,富山県立砺波工業高等学校
中部,富山県,高校,富山県立石動高等学校
中部,富山県,高校,富山県立石動高等学校小矢部園芸高等学校
中部,富山県,高校,富山県立となみ野高等学校
中部,富山県,高校,富山県立南砺福野高等学校
中部,富山県,高校,富山県立南砺平高等学校
中部,富山県,高校,富山県立小杉高等学校
中部,富山県,高校,富山県立大門高等学校
中部,富山県,高校,富山県立新湊高等学校
中部,富山県,高校,富山県立上市高等学校
中部,富山県,高校,富山県立雄山高等学校
中部,富山県,高校,富山県立入善高等学校
中部,富山県,高校,不二越工業高等学校
中部,富山県,高校,龍谷富山高等学校
中部,富山県,高校,富山第一高等学校
中部,富山県,高校,高朋高等学校
中部,富山県,高校,富山国際大学付属高等学校
中部,富山県,高校,片山学園高等学校
中部,富山県,高校,学校法人高岡第一学園高岡第一高等学校
中部,富山県,高校,高岡向陵高等学校
中部,富山県,高校,高岡龍谷高等学校
中部,富山県,高校,新川高等学校
中部,石川県,中学,金沢大学人間社会学域学校教育学類附属中学校
中部,石川県,中学,金沢市立泉中学校
中部,石川県,中学,金沢市立野田中学校
中部,石川県,中学,金沢市立城南中学校
中部,石川県,中学,金沢市立紫錦台中学校
中部,石川県,中学,金沢市立兼六中学校
中部,石川県,中学,金沢市立鳴和中学校
中部,石川県,中学,金沢市立長田中学校
中部,石川県,中学,金沢市立浅野川中学校
中部,石川県,中学,金沢市立金石中学校
中部,石川県,中学,金沢市立芝原中学校
中部,石川県,中学,金沢市立西南部中学校
中部,石川県,中学,金沢市立内川中学校
中部,石川県,中学,金沢市立医王山中学校
中部,石川県,中学,金沢市立森本中学校
中部,石川県,中学,金沢市立額中学校
中部,石川県,中学,金沢市立高岡中学校
中部,石川県,中学,金沢市立高尾台中学校
中部,石川県,中学,金沢市立緑中学校
中部,石川県,中学,金沢市立港中学校
中部,石川県,中学,金沢市立北鳴中学校
中部,石川県,中学,金沢市立大徳中学校
中部,石川県,中学,金沢市立犀生中学校
中部,石川県,中学,金沢市立清泉中学校
中部,石川県,中学,石川県立金沢錦丘中学校
中部,石川県,中学,石川県立あすなろ中学校
中部,石川県,中学,金沢市立長町中学校
中部,石川県,中学,金沢市立長町中学校芳斎分校
中部,石川県,中学,七尾市立七尾東部中学校
中部,石川県,中学,七尾市立能登香島中学校
中部,石川県,中学,七尾市立七尾中学校
中部,石川県,中学,七尾市立中島中学校
中部,石川県,中学,小松市立芦城中学校
中部,石川県,中学,小松市立丸内中学校
中部,石川県,中学,小松市立松陽中学校
中部,石川県,中学,小松市立御幸中学校
中部,石川県,中学,小松市立南部中学校
中部,石川県,中学,小松市立国府中学校
中部,石川県,中学,小松市立中海中学校
中部,石川県,中学,小松市立安宅中学校
中部,石川県,中学,小松市立板津中学校
中部,石川県,中学,輪島市立輪島中学校
中部,石川県,中学,珠洲市立三崎中学校
中部,石川県,中学,珠洲市立緑丘中学校
中部,石川県,中学,加賀市立錦城中学校
中部,石川県,中学,加賀市立片山津中学校
中部,石川県,中学,加賀市立東和中学校
中部,石川県,中学,加賀市立山代中学校
中部,石川県,中学,加賀市立山中中学校
中部,石川県,中学,羽咋市立羽咋中学校
中部,石川県,中学,羽咋市立邑知中学校
中部,石川県,中学,かほく市立高松中学校
中部,石川県,中学,かほく市立河北台中学校
中部,石川県,中学,かほく市立宇ノ気中学校
中部,石川県,中学,白山市立松任中学校
中部,石川県,中学,白山市立笠間中学校
中部,石川県,中学,白山市立北星中学校
中部,石川県,中学,白山市立光野中学校
中部,石川県,中学,白山市立美川中学校
中部,石川県,中学,白山市立鶴来中学校
中部,石川県,中学,白山市立鳥越中学校
中部,石川県,中学,白山市立北辰中学校
中部,石川県,中学,白山市立白嶺中学校
中部,石川県,中学,能美市立根上中学校
中部,石川県,中学,能美市立寺井中学校
中部,石川県,中学,能美市立辰口中学校
中部,石川県,中学,野々市市立野々市中学校
中部,石川県,中学,野々市市立布水中学校
中部,石川県,中学,川北町立川北中学校
中部,石川県,中学,津幡町立津幡中学校
中部,石川県,中学,津幡町立津幡南中学校
中部,石川県,中学,内灘町立内灘中学校
中部,石川県,中学,内灘町立内灘中学校ハマナス分校
中部,石川県,中学,志賀町立富来中学校
中部,石川県,中学,志賀町立志賀中学校
中部,石川県,中学,宝達志水町立宝達中学校
中部,石川県,中学,中能登町立中能登中学校
中部,石川県,中学,穴水町立穴水中学校
中部,石川県,中学,能登町立能都中学校
中部,石川県,中学,能登町立柳田中学校
中部,石川県,中学,能登町立松波中学校
中部,石川県,中学,北陸学院中学校
中部,石川県,中学,星稜中学校
中部,石川県,中学,金沢学院大学附属中学校
中部,石川県,高校,金沢龍谷高等学校中等部
中部,石川県,#N/A,叡明館（中等部）
中部,石川県,高校,金沢大学人間社会学域学校教育学類附属高等学校
中部,石川県,高校,石川県立金沢錦丘高等学校
中部,石川県,高校,石川県立金沢泉丘高等学校
中部,石川県,高校,石川県立金沢二水高等学校
中部,石川県,高校,石川県立金沢伏見高等学校
中部,石川県,高校,石川県立金沢商業高等学校
中部,石川県,高校,石川県立工業高等学校
中部,石川県,高校,石川県立金沢桜丘高等学校
中部,石川県,高校,石川県立金沢北陵高等学校
中部,石川県,高校,石川県立金沢中央高等学校
中部,石川県,高校,石川県立金沢向陽高等学校
中部,石川県,高校,金沢市立工業高等学校
中部,石川県,高校,石川県立金沢西高等学校
中部,石川県,高校,石川県立金沢辰巳丘高等学校
中部,石川県,高校,石川県立七尾高等学校
中部,石川県,高校,石川県立七尾城北高等学校
中部,石川県,高校,石川県立七尾東雲高等学校
中部,石川県,高校,石川県立田鶴浜高等学校
中部,石川県,高校,石川県立小松商業高等学校
中部,石川県,高校,石川県立小松工業高等学校
中部,石川県,高校,石川県立小松高等学校
中部,石川県,高校,石川県立小松北高等学校
中部,石川県,高校,小松市立高等学校
中部,石川県,高校,石川県立小松明峰高等学校
中部,石川県,高校,石川県立輪島高等学校
中部,石川県,高校,石川県立門前高等学校
中部,石川県,高校,石川県立飯田高等学校
中部,石川県,高校,石川県立大聖寺実業高等学校
中部,石川県,高校,石川県立大聖寺高等学校
中部,石川県,高校,石川県立加賀聖城高等学校
中部,石川県,高校,石川県立加賀高等学校
中部,石川県,高校,石川県立羽咋高等学校
中部,石川県,高校,石川県立羽咋工業高等学校
中部,石川県,高校,石川県立羽松高等学校
中部,石川県,高校,石川県立松任高等学校
中部,石川県,高校,石川県立翠星高等学校
中部,石川県,高校,石川県立鶴来高等学校
中部,石川県,高校,石川県立寺井高等学校
中部,石川県,高校,石川県立野々市明倫高等学校
中部,石川県,高校,石川県立津幡高等学校
中部,石川県,高校,石川県立内灘高等学校
中部,石川県,高校,石川県立志賀高等学校
中部,石川県,高校,石川県立宝達高等学校
中部,石川県,高校,石川県立鹿西高等学校
中部,石川県,高校,石川県立穴水高等学校
中部,石川県,高校,石川県立能登高等学校
中部,石川県,高校,金沢高等学校
中部,石川県,高校,金沢学院大学附属高等学校
中部,石川県,高校,遊学館高等学校
中部,石川県,高校,金沢龍谷高等学校
中部,石川県,高校,北陸学院高等学校
中部,石川県,高校,星稜高等学校
中部,石川県,高校,金沢学院大学附属第二高等学校
中部,石川県,高校,鵬学園高等学校
中部,石川県,高校,小松大谷高等学校
中部,石川県,高校,日本航空高等学校石川
中部,石川県,#N/A,叡明館（高等部）
中部,石川県,高校,美川特区アットマーク国際高等学校
中部,福井県,中学,福井市明倫中学校
中部,福井県,中学,福井市光陽中学校
中部,福井県,中学,福井市明道中学校
中部,福井県,中学,福井市進明中学校
中部,福井県,中学,福井市成和中学校
中部,福井県,中学,福井市安居中学校
中部,福井県,中学,福井市大安寺中学校
中部,福井県,中学,福井市至民中学校
中部,福井県,中学,福井市灯明寺中学校
中部,福井県,中学,福井市国見中学校
中部,福井県,中学,福井市一光中学校
中部,福井県,中学,福井市足羽中学校
中部,福井県,中学,福井市川西中学校
中部,福井県,中学,福井市棗中学校
中部,福井県,中学,福井市棗中学校高須城分校
中部,福井県,中学,福井市鷹巣中学校
中部,福井県,中学,敦賀市立気比中学校
中部,福井県,中学,敦賀市立松陵中学校
中部,福井県,中学,敦賀市立角鹿中学校
中部,福井県,中学,敦賀市立粟野中学校
中部,福井県,中学,敦賀市立東浦中学校
中部,福井県,中学,越前市武生第一中学校
中部,福井県,中学,越前市武生第二中学校
中部,福井県,中学,越前市武生第二中学校坂口分校
中部,福井県,中学,越前市武生第三中学校
中部,福井県,中学,越前市武生第六中学校
中部,福井県,中学,越前市万葉中学校
中部,福井県,中学,越前市武生第五中学校
中部,福井県,中学,小浜市立小浜中学校
中部,福井県,中学,小浜市立小浜第二中学校
中部,福井県,中学,勝山市立勝山中部中学校
中部,福井県,中学,勝山市立勝山北部中学校
中部,福井県,中学,鯖江市鯖江中学校
中部,福井県,中学,鯖江市中央中学校
中部,福井県,中学,福井市足羽第一中学校
中部,福井県,中学,福井市美山中学校
中部,福井県,中学,松岡中学校
中部,福井県,中学,永平寺中学校
中部,福井県,中学,上志比中学校
中部,福井県,中学,坂井市立三国中学校
中部,福井県,中学,あわら市芦原中学校
中部,福井県,中学,あわら市金津中学校
中部,福井県,中学,坂井市立坂井中学校
中部,福井県,中学,坂井市立丸岡中学校
中部,福井県,中学,坂井市立春江中学校
中部,福井県,中学,越前市南越中学校
中部,福井県,中学,越前町立宮崎中学校
中部,福井県,中学,福井市越廼中学校
中部,福井県,中学,越前町立織田中学校
中部,福井県,中学,福井市清水中学校
中部,福井県,中学,若狭町立三方中学校
中部,福井県,中学,若狭町立上中中学校
中部,福井県,中学,名田庄中学校
中部,福井県,中学,高浜中学校
中部,福井県,中学,内浦中学校
中部,福井県,中学,勝山市立勝山南部中学校
中部,福井県,中学,大野市開成中学校
中部,福井県,中学,大野市陽明中学校
中部,福井県,中学,越前町立越前中学校
中部,福井県,中学,池田中学校
中部,福井県,中学,美浜中学校
中部,福井県,中学,大飯中学校
中部,福井県,中学,福井市大東中学校
中部,福井県,中学,鯖江市東陽中学校
中部,福井県,中学,福井市藤島中学校
中部,福井県,中学,福井市社中学校
中部,福井県,中学,坂井市立丸岡南中学校
中部,福井県,中学,越前町立朝日中学校
中部,福井県,中学,福井県立高志中学校
中部,福井県,中学,福井市杉坂中学校
中部,福井県,中学,南越前町立南越前中学校
中部,福井県,中学,福井県立若杉中学校
中部,福井県,中学,福井市九頭竜中学校
中部,福井県,中学,敦賀気比高等学校付属中学校
中部,福井県,中学,福井工業大学附属福井中学校
中部,福井県,中学,北陸中学校
中部,福井県,中学,かつやま子どもの村中学校
中部,福井県,高校,福井県立藤島高等学校
中部,福井県,高校,福井県立高志高等学校
中部,福井県,高校,福井県立羽水高等学校
中部,福井県,高校,福井県立三国高等学校
中部,福井県,高校,福井県立丸岡高等学校
中部,福井県,高校,福井県立大野高等学校
中部,福井県,高校,福井県立勝山高等学校
中部,福井県,高校,福井県立鯖江高等学校
中部,福井県,高校,福井県立丹生高等学校
中部,福井県,高校,福井県立武生高等学校
中部,福井県,高校,福井県立敦賀高等学校
中部,福井県,高校,福井県立若狭高等学校
中部,福井県,高校,福井県立福井農林高等学校
中部,福井県,高校,福井県立若狭東高等学校
中部,福井県,高校,福井県立敦賀工業高等学校
中部,福井県,高校,福井県立福井商業高等学校
中部,福井県,高校,福井県立美方高等学校
中部,福井県,高校,福井県立道守高等学校
中部,福井県,高校,福井県立科学技術高等学校
中部,福井県,高校,福井県立足羽高等学校
中部,福井県,高校,福井県立金津高等学校
中部,福井県,高校,福井県立武生東高等学校
中部,福井県,高校,福井県立奥越明成高等学校
中部,福井県,高校,福井県立坂井高等学校
中部,福井県,高校,福井県立武生商工高等学校
中部,福井県,高校,北陸高等学校
中部,福井県,高校,仁愛女子高等学校
中部,福井県,高校,福井工業大学附属福井高等学校
中部,福井県,高校,啓新高等学校
中部,福井県,高校,敦賀国際令和高等学校
中部,福井県,高校,敦賀気比高等学校
中部,福井県,高校,福井南高等学校
中部,福井県,高校,ＡＯＩＫＥ高等学校
中部,山梨県,中学,山梨大学教育学部附属中学校
中部,山梨県,中学,笛吹市立春日居中学校
中部,山梨県,中学,甲州市立勝沼中学校
中部,山梨県,中学,笛吹市立石和中学校
中部,山梨県,中学,笛吹市立御坂中学校
中部,山梨県,中学,笛吹市立一宮中学校
中部,山梨県,中学,甲府市立笛南中学校
中部,山梨県,中学,市川三郷町立三珠中学校
中部,山梨県,中学,市川三郷町立市川中学校
中部,山梨県,中学,市川三郷町立市川南中学校
中部,山梨県,中学,市川三郷町立六郷中学校
中部,山梨県,中学,甲斐市立竜王中学校
中部,山梨県,中学,甲斐市立敷島中学校
中部,山梨県,中学,昭和町立押原中学校
中部,山梨県,中学,中央市立田富中学校
中部,山梨県,中学,南アルプス市立芦安中学校
中部,山梨県,中学,南アルプス市立白根巨摩中学校
中部,山梨県,中学,南アルプス市立若草中学校
中部,山梨県,中学,南アルプス市立櫛形中学校
中部,山梨県,中学,南アルプス市立甲西中学校
中部,山梨県,中学,甲斐市立双葉中学校
中部,山梨県,中学,北杜市立明野中学校
中部,山梨県,中学,北杜市立須玉中学校
中部,山梨県,中学,北杜市立高根中学校
中部,山梨県,中学,北杜市立長坂中学校
中部,山梨県,中学,北杜市立泉中学校
中部,山梨県,中学,北杜市立小淵沢中学校
中部,山梨県,中学,北杜市立白州中学校
中部,山梨県,中学,北杜市立武川中学校
中部,山梨県,中学,上野原市立秋山中学校
中部,山梨県,中学,西桂町立西桂中学校
中部,山梨県,中学,忍野村立忍野中学校
中部,山梨県,中学,山中湖村立山中湖中学校
中部,山梨県,中学,河口湖南中学校組合立河口湖南中学校
中部,山梨県,中学,富士河口湖町立勝山中学校
中部,山梨県,中学,上野原市立上野原西中学校
中部,山梨県,中学,上野原市立上野原中学校
中部,山梨県,中学,小菅村立小菅中学校
中部,山梨県,中学,丹波山村立丹波中学校
中部,山梨県,中学,甲府市立東中学校
中部,山梨県,中学,甲府市立西中学校
中部,山梨県,中学,甲府市立南中学校
中部,山梨県,中学,甲府市立北中学校
中部,山梨県,中学,甲府市立北東中学校
中部,山梨県,中学,甲府市立南西中学校
中部,山梨県,中学,富士吉田市立下吉田中学校
中部,山梨県,中学,富士吉田市立吉田中学校
中部,山梨県,中学,富士吉田市立明見中学校
中部,山梨県,中学,甲州市立塩山中学校
中部,山梨県,中学,甲州市立松里中学校
中部,山梨県,中学,都留市立都留第一中学校
中部,山梨県,中学,都留市立都留第二中学校
中部,山梨県,中学,都留市立東桂中学校
中部,山梨県,中学,韮崎市立韮崎東中学校
中部,山梨県,中学,韮崎市立韮崎西中学校
中部,山梨県,中学,大月市立大月東中学校
中部,山梨県,中学,大月市立猿橋中学校
中部,山梨県,中学,山梨市立山梨南中学校
中部,山梨県,中学,山梨市立山梨北中学校
中部,山梨県,中学,笛吹市立浅川中学校
中部,山梨県,中学,道志村立道志中学校
中部,山梨県,中学,甲府市立北西中学校
中部,山梨県,中学,富士吉田市立富士見台中学校
中部,山梨県,中学,早川町立早川中学校
中部,山梨県,中学,甲斐市立玉幡中学校
中部,山梨県,中学,富士河口湖町立河口湖北中学校
中部,山梨県,中学,甲府市立富竹中学校
中部,山梨県,中学,甲府市立城南中学校
中部,山梨県,中学,中央市立玉穂中学校
中部,山梨県,中学,甲府市立上条中学校
中部,山梨県,中学,南アルプス市立八田中学校
中部,山梨県,中学,南アルプス市立白根御勅使中学校
中部,山梨県,中学,甲斐市立竜王北中学校
中部,山梨県,中学,中央市立玉穂中学校下河東分校
中部,山梨県,中学,甲府市立城南中学校分校
中部,山梨県,中学,北杜市立甲陵中学校
中部,山梨県,中学,甲府市立笛南中学校桜木分校
中部,山梨県,中学,南部町立南部中学校
中部,山梨県,中学,身延町立身延中学校
中部,山梨県,中学,富士川町立富士川中学校
中部,山梨県,中学,山梨英和中学校
中部,山梨県,中学,甲府湯田中学校
中部,山梨県,中学,駿台甲府中学校
中部,山梨県,中学,山梨学院中学校
中部,山梨県,中学,日本航空高等学校附属中学校
中部,山梨県,中学,富士学苑中学校
中部,山梨県,中学,南アルプス子どもの村中学校
中部,山梨県,中学,素和美中学校
中部,山梨県,高校,山梨県立韮崎高等学校
中部,山梨県,高校,山梨県立韮崎工業高等学校
中部,山梨県,高校,山梨県立甲府第一高等学校
中部,山梨県,高校,山梨県立甲府西高等学校
中部,山梨県,高校,山梨県立甲府南高等学校
中部,山梨県,高校,山梨県立甲府工業高等学校
中部,山梨県,高校,山梨県立農林高等学校
中部,山梨県,高校,山梨県立巨摩高等学校
中部,山梨県,高校,山梨県立身延高等学校
中部,山梨県,高校,山梨県立日川高等学校
中部,山梨県,高校,山梨県立山梨高等学校
中部,山梨県,高校,山梨県立塩山高等学校
中部,山梨県,高校,山梨県立都留高等学校
中部,山梨県,高校,山梨県立吉田高等学校
中部,山梨県,高校,甲府市立甲府商業高等学校
中部,山梨県,高校,北杜市立甲陵高等学校
中部,山梨県,高校,山梨県立中央高等学校
中部,山梨県,高校,山梨県立甲府東高等学校
中部,山梨県,高校,山梨県立富士河口湖高等学校
中部,山梨県,高校,山梨県立上野原高等学校
中部,山梨県,高校,山梨県立甲府昭和高等学校
中部,山梨県,高校,山梨県立白根高等学校
中部,山梨県,高校,山梨県立甲府城西高等学校
中部,山梨県,高校,山梨県立北杜高等学校
中部,山梨県,高校,山梨県立富士北稜高等学校
中部,山梨県,高校,山梨県立ひばりが丘高等学校
中部,山梨県,高校,山梨県立笛吹高等学校
中部,山梨県,高校,山梨県立都留興譲館高等学校
中部,山梨県,高校,山梨県立青洲高等学校
中部,山梨県,高校,山梨英和高等学校
中部,山梨県,高校,甲斐清和高等学校
中部,山梨県,高校,駿台甲府高等学校
中部,山梨県,高校,山梨学院高等学校
中部,山梨県,高校,東海大学付属甲府高等学校
中部,山梨県,高校,日本航空高等学校
中部,山梨県,高校,身延山高等学校
中部,山梨県,高校,日本大学明誠高等学校
中部,山梨県,高校,富士学苑高等学校
中部,山梨県,高校,自然学園高等学校
中部,山梨県,高校,帝京第三高等学校
中部,長野県,中学,信州大学教育学部附属長野中学校
中部,長野県,中学,信州大学教育学部附属松本中学校
中部,長野県,中学,長野市立柳町中学校
中部,長野県,中学,長野市立櫻ケ岡中学校
中部,長野県,中学,長野市立長野中学校
中部,長野県,中学,長野市立東部中学校
中部,長野県,中学,長野市立西部中学校
中部,長野県,中学,長野市立三陽中学校
中部,長野県,中学,長野市立北部中学校
中部,長野県,中学,長野市立東北中学校
中部,長野県,中学,長野市立裾花中学校
中部,長野県,中学,長野市立篠ノ井東中学校
中部,長野県,中学,長野市立篠ノ井西中学校
中部,長野県,中学,長野市立川中島中学校
中部,長野県,中学,長野市立更北中学校
中部,長野県,中学,長野市立松代中学校
中部,長野県,中学,長野市立若穂中学校
中部,長野県,中学,長野市立犀陵中学校
中部,長野県,中学,長野市立広徳中学校
中部,長野県,中学,長野市立大岡中学校
中部,長野県,中学,長野市立信州新町中学校
中部,長野県,中学,長野市立豊野中学校
中部,長野県,中学,長野市立戸隠中学校
中部,長野県,中学,長野市立鬼無里中学校
中部,長野県,中学,松本市立旭町中学校桐分校
中部,長野県,中学,松本市立女鳥羽中学校あさひ分校
中部,長野県,中学,松本市立女鳥羽中学校
中部,長野県,中学,松本市立会田中学校
中部,長野県,中学,松本市立波田中学校松原分校
中部,長野県,中学,松本市立清水中学校
中部,長野県,中学,松本市立鎌田中学校
中部,長野県,中学,松本市立丸ノ内中学校
中部,長野県,中学,松本市立旭町中学校
中部,長野県,中学,松本市立松島中学校
中部,長野県,中学,松本市立開成中学校
中部,長野県,中学,松本市立山辺中学校
中部,長野県,中学,松本市立高綱中学校
中部,長野県,中学,松本市立菅野中学校
中部,長野県,中学,松本市立筑摩野中学校
中部,長野県,中学,松本市立明善中学校
中部,長野県,中学,松本市立信明中学校
中部,長野県,中学,松本市立波田中学校
中部,長野県,中学,松本市立奈川中学校
中部,長野県,中学,松本市立安曇中学校
中部,長野県,中学,松本市立大野川中学校
中部,長野県,中学,松本市立梓川中学校
中部,長野県,中学,上田市立第一中学校
中部,長野県,中学,上田市立第二中学校
中部,長野県,中学,上田市立第三中学校
中部,長野県,中学,上田市立第四中学校
中部,長野県,中学,上田市立第五中学校
中部,長野県,中学,上田市立丸子中学校
中部,長野県,中学,上田市立丸子北中学校
中部,長野県,中学,上田市立塩田中学校
中部,長野県,中学,上田市立真田中学校
中部,長野県,中学,上田市立菅平中学校
中部,長野県,中学,上田市長和町中学校組合立依田窪南部中学校
中部,長野県,中学,上田市立第六中学校
中部,長野県,中学,岡谷市立岡谷北部中学校
中部,長野県,中学,岡谷市立岡谷東部中学校
中部,長野県,中学,岡谷市立岡谷西部中学校
中部,長野県,中学,岡谷市立岡谷南部中学校
中部,長野県,中学,飯田市立飯田西中学校
中部,長野県,中学,飯田市立飯田東中学校
中部,長野県,中学,飯田市立緑ヶ丘中学校
中部,長野県,中学,飯田市立竜峡中学校
中部,長野県,中学,飯田市立竜東中学校
中部,長野県,中学,飯田市立旭ヶ丘中学校
中部,長野県,中学,飯田市立鼎中学校
中部,長野県,中学,飯田市立高陵中学校
中部,長野県,中学,飯田市立遠山中学校
中部,長野県,中学,諏訪市立上諏訪中学校
中部,長野県,中学,諏訪市立諏訪中学校
中部,長野県,中学,諏訪市立諏訪西中学校
中部,長野県,中学,諏訪市立諏訪南中学校
中部,長野県,中学,長野県諏訪清陵高等学校附属中学校
中部,長野県,中学,須坂市立常盤中学校
中部,長野県,中学,須坂市立相森中学校
中部,長野県,中学,須坂市立墨坂中学校
中部,長野県,中学,須坂市立東中学校
中部,長野県,中学,小諸市立小諸東中学校
中部,長野県,中学,小諸市立芦原中学校
中部,長野県,中学,伊那市立伊那中学校
中部,長野県,中学,伊那市立東部中学校
中部,長野県,中学,伊那市立西箕輪中学校
中部,長野県,中学,伊那市立春富中学校
中部,長野県,中学,伊那市立高遠中学校
中部,長野県,中学,伊那市立長谷中学校
中部,長野県,中学,駒ヶ根市立赤穂中学校
中部,長野県,中学,駒ヶ根市立東中学校
中部,長野県,中学,中野市立南宮中学校
中部,長野県,中学,中野市立中野平中学校
中部,長野県,中学,中野市立高社中学校
中部,長野県,中学,中野市立豊田中学校
中部,長野県,中学,大町市立大町中学校
中部,長野県,中学,飯山市立城北中学校
中部,長野県,中学,飯山市立城南中学校
中部,長野県,中学,茅野市立永明中学校
中部,長野県,中学,茅野市立長峰中学校
中部,長野県,中学,茅野市立北部中学校
中部,長野県,中学,茅野市立東部中学校
中部,長野県,中学,塩尻市立塩尻中学校
中部,長野県,中学,塩尻市立丘中学校
中部,長野県,中学,塩尻市立塩尻西部中学校
中部,長野県,中学,塩尻市辰野町中学校組合立両小野中学校
中部,長野県,中学,塩尻市立広陵中学校
中部,長野県,中学,佐久市立浅間中学校
中部,長野県,中学,佐久市立野沢中学校
中部,長野県,中学,佐久市立中込中学校
中部,長野県,中学,佐久市立東中学校
中部,長野県,中学,佐久市立臼田中学校
中部,長野県,中学,佐久市立望月中学校
中部,長野県,中学,佐久市立浅科中学校
中部,長野県,中学,千曲市立屋代中学校
中部,長野県,中学,千曲市立埴生中学校
中部,長野県,中学,千曲市立更埴西中学校
中部,長野県,中学,千曲市立戸倉上山田中学校
中部,長野県,中学,長野県屋代高等学校附属中学校
中部,長野県,中学,東御市立北御牧中学校
中部,長野県,中学,東御市立東部中学校
中部,長野県,中学,安曇野市立明科中学校
中部,長野県,中学,安曇野市立豊科北中学校
中部,長野県,中学,安曇野市立豊科南中学校
中部,長野県,中学,安曇野市立穂高東中学校
中部,長野県,中学,安曇野市立穂高西中学校
中部,長野県,中学,安曇野市立三郷中学校
中部,長野県,中学,安曇野市立堀金中学校
中部,長野県,中学,小海町北相木村南相木村中学校組合立小海中学校
中部,長野県,中学,川上村立川上中学校
中部,長野県,中学,南牧村立南牧中学校
中部,長野県,中学,佐久穂町立佐久穂中学校
中部,長野県,中学,軽井沢町立軽井沢中学校
中部,長野県,中学,御代田町立御代田中学校
中部,長野県,中学,立科町立立科中学校
中部,長野県,中学,青木村立青木中学校
中部,長野県,中学,下諏訪町立下諏訪中学校
中部,長野県,中学,下諏訪町立下諏訪社中学校
中部,長野県,中学,富士見町立富士見中学校
中部,長野県,中学,原村立原中学校
中部,長野県,中学,辰野町立辰野中学校
中部,長野県,中学,箕輪町立箕輪中学校
中部,長野県,中学,飯島町立飯島中学校
中部,長野県,中学,南箕輪村立南箕輪中学校
中部,長野県,中学,中川村立中川中学校
中部,長野県,中学,宮田村立宮田中学校
中部,長野県,中学,松川町立松川中学校
中部,長野県,中学,高森町立高森中学校
中部,長野県,中学,阿南町立阿南第一中学校
中部,長野県,中学,阿南町立阿南第二中学校
中部,長野県,中学,阿智村立阿智中学校
中部,長野県,中学,下條村立下條中学校
中部,長野県,中学,売木村立売木中学校
中部,長野県,中学,天龍村立天龍中学校
中部,長野県,中学,泰阜村立泰阜中学校
中部,長野県,中学,喬木村立喬木中学校
中部,長野県,中学,豊丘村立豊丘中学校
中部,長野県,中学,大鹿村立大鹿中学校
中部,長野県,中学,上松町立上松中学校
中部,長野県,中学,南木曽町立南木曽中学校
中部,長野県,中学,木祖村立木祖中学校
中部,長野県,中学,王滝村立王滝中学校
中部,長野県,中学,大桑村立大桑中学校
中部,長野県,中学,木曽町立木曽町中学校
中部,長野県,中学,麻績村立筑北中学校
中部,長野県,中学,生坂村立生坂中学校
中部,長野県,中学,松本市山形村朝日村中学校組合立鉢盛中学校
中部,長野県,中学,筑北村立聖南中学校
中部,長野県,中学,池田町立高瀬中学校
中部,長野県,中学,松川村立松川中学校
中部,長野県,中学,白馬村立白馬中学校
中部,長野県,中学,小谷村立小谷中学校
中部,長野県,中学,坂城町立坂城中学校
中部,長野県,中学,小布施町立小布施中学校
中部,長野県,中学,高山村立高山中学校
中部,長野県,中学,山ノ内町立山ノ内中学校
中部,長野県,中学,木島平村立木島平中学校
中部,長野県,中学,野沢温泉村立野沢温泉中学校
中部,長野県,中学,小川村立小川中学校
中部,長野県,中学,飯綱町立飯綱中学校
中部,長野県,中学,長野日本大学中学校
中部,長野県,中学,グリーン・ヒルズ中学校
中部,長野県,中学,長野清泉女学院中学校
中部,長野県,中学,文化学園長野中学校
中部,長野県,中学,才教学園中学校
中部,長野県,中学,松本国際中学校
中部,長野県,中学,佐久長聖中学校
中部,長野県,中学,大日向中学校
中部,長野県,中学,どんぐり向方中学校
中部,長野県,高校,長野県長野高等学校
中部,長野県,高校,長野県長野西高等学校
中部,長野県,高校,長野県長野吉田高等学校
中部,長野県,高校,長野県長野工業高等学校
中部,長野県,高校,長野県長野商業高等学校
中部,長野県,高校,長野県篠ノ井高等学校
中部,長野県,高校,長野県更級農業高等学校
中部,長野県,高校,長野県松代高等学校
中部,長野県,高校,長野県長野吉田高等学校戸隠分校
中部,長野県,高校,長野県長野東高等学校
中部,長野県,高校,長野県長野南高等学校
中部,長野県,高校,長野市立長野高等学校
中部,長野県,高校,長野県篠ノ井高等学校犀峡校
中部,長野県,高校,長野県長野西高等学校中条校
中部,長野県,高校,長野県松本深志高等学校
中部,長野県,高校,長野県松本県ケ丘高等学校
中部,長野県,高校,長野県松本蟻ケ崎高等学校
中部,長野県,高校,長野県松本工業高等学校
中部,長野県,高校,長野県松本美須々ケ丘高等学校
中部,長野県,高校,長野県松本筑摩高等学校
中部,長野県,高校,長野県梓川高等学校
中部,長野県,高校,長野県上田高等学校
中部,長野県,高校,長野県上田染谷丘高等学校
中部,長野県,高校,長野県上田東高等学校
中部,長野県,高校,長野県上田千曲高等学校
中部,長野県,高校,長野県丸子修学館高等学校
中部,長野県,高校,長野県岡谷東高等学校
中部,長野県,高校,長野県岡谷工業高等学校
中部,長野県,高校,長野県岡谷南高等学校
中部,長野県,高校,長野県飯田風越高等学校
中部,長野県,高校,長野県飯田ＯＩＤＥ長姫高等学校
中部,長野県,高校,長野県下伊那農業高等学校
中部,長野県,高校,長野県飯田高等学校
中部,長野県,高校,長野県諏訪清陵高等学校
中部,長野県,高校,長野県諏訪二葉高等学校
中部,長野県,高校,長野県諏訪実業高等学校
中部,長野県,高校,長野県須坂高等学校
中部,長野県,高校,長野県須坂東高等学校
中部,長野県,高校,長野県須坂創成高等学校
中部,長野県,高校,長野県小諸義塾高等学校
中部,長野県,高校,長野県伊那北高等学校
中部,長野県,高校,長野県伊那弥生ケ丘高等学校
中部,長野県,高校,長野県高遠高等学校
中部,長野県,高校,長野県赤穂高等学校
中部,長野県,高校,長野県駒ケ根工業高等学校
中部,長野県,高校,長野県中野西高等学校
中部,長野県,高校,長野県中野立志館高等学校
中部,長野県,高校,長野県大町岳陽高等学校
中部,長野県,高校,長野県飯山高等学校
中部,長野県,高校,長野県茅野高等学校
中部,長野県,高校,長野県塩尻志学館高等学校
中部,長野県,高校,長野県田川高等学校
中部,長野県,高校,長野県野沢北高等学校
中部,長野県,高校,長野県岩村田高等学校
中部,長野県,高校,長野県野沢南高等学校
中部,長野県,高校,長野県佐久平総合技術高等学校
中部,長野県,高校,長野県屋代高等学校
中部,長野県,高校,長野県屋代南高等学校
中部,長野県,高校,長野県東御清翔高等学校
中部,長野県,高校,長野県明科高等学校
中部,長野県,高校,長野県豊科高等学校
中部,長野県,高校,長野県南安曇農業高等学校
中部,長野県,高校,長野県穂高商業高等学校
中部,長野県,高校,長野県小海高等学校
中部,長野県,高校,長野県軽井沢高等学校
中部,長野県,高校,長野県蓼科高等学校
中部,長野県,高校,長野県下諏訪向陽高等学校
中部,長野県,高校,長野県富士見高等学校
中部,長野県,高校,長野県辰野高等学校
中部,長野県,高校,長野県箕輪進修高等学校
中部,長野県,高校,長野県上伊那農業高等学校
中部,長野県,高校,長野県松川高等学校
中部,長野県,高校,長野県阿南高等学校
中部,長野県,高校,長野県阿智高等学校
中部,長野県,高校,長野県蘇南高等学校
中部,長野県,高校,長野県木曽青峰高等学校
中部,長野県,高校,長野県池田工業高等学校
中部,長野県,高校,長野県白馬高等学校
中部,長野県,高校,長野県坂城高等学校
中部,長野県,高校,長野県下高井農林高等学校
中部,長野県,高校,長野県北部高等学校
中部,長野県,高校,長野清泉女学院高等学校
中部,長野県,高校,長野女子高等学校
中部,長野県,高校,文化学園長野高等学校
中部,長野県,高校,長野日本大学高等学校
中部,長野県,高校,長野俊英高等学校
中部,長野県,高校,ステップ高等学校
中部,長野県,高校,松商学園高等学校
中部,長野県,高校,松本国際高等学校
中部,長野県,高校,エクセラン高等学校
中部,長野県,高校,信濃むつみ高等学校
中部,長野県,高校,松本第一高等学校
中部,長野県,高校,上田西高等学校
中部,長野県,高校,さくら国際高等学校
中部,長野県,高校,コードアカデミー高等学校
中部,長野県,高校,飯田女子高等学校
中部,長野県,高校,伊那西高等学校
中部,長野県,高校,東海大学付属諏訪高等学校
中部,長野県,高校,東京都市大学塩尻高等学校
中部,長野県,高校,佐久長聖高等学校
中部,長野県,高校,地球環境高等学校
中部,長野県,高校,ＩＤ学園高等学校
中部,長野県,#N/A,ユナイテッド・ワールド・カレッジＩＳＡＫジャパン
中部,長野県,高校,つくば開成学園高等学校
中部,長野県,高校,天龍興譲高等学校
中部,長野県,高校,緑誠蘭高等学校
中部,長野県,高校,日本ウェルネス長野高等学校
中部,長野県,中等教育学校,サミットアカデミー長聖中等教育学校
中部,長野県,中等教育学校,松本秀峰中等教育学校
中部,長野県,中等教育学校,大日向中等教育学校
中部,岐阜県,中学,岐阜市立岐阜清流中学校
中部,岐阜県,中学,岐阜市立岐阜中央中学校
中部,岐阜県,中学,岐阜市立本荘中学校
中部,岐阜県,中学,岐阜市立梅林中学校
中部,岐阜県,中学,岐阜市立加納中学校
中部,岐阜県,中学,岐阜市立長森中学校
中部,岐阜県,中学,岐阜市立長良中学校
中部,岐阜県,中学,岐阜市立島中学校
中部,岐阜県,中学,岐阜市立岩野田中学校
中部,岐阜県,中学,岐阜市立精華中学校
中部,岐阜県,中学,岐阜市立藍川中学校
中部,岐阜県,中学,岐阜市立三輪中学校
中部,岐阜県,中学,岐阜市立岐北中学校
中部,岐阜県,中学,岐阜市立厚見中学校
中部,岐阜県,中学,岐阜市立青山中学校
中部,岐阜県,中学,岐阜市立陽南中学校
中部,岐阜県,中学,岐阜市立岐阜西中学校
中部,岐阜県,中学,岐阜市立長森南中学校
中部,岐阜県,中学,岐阜市立東長良中学校
中部,岐阜県,中学,岐阜市立境川中学校
中部,岐阜県,中学,岐阜市立草潤中学校
中部,岐阜県,中学,大垣市立興文中学校
中部,岐阜県,中学,大垣市立東中学校
中部,岐阜県,中学,大垣市立西中学校
中部,岐阜県,中学,大垣市立南中学校
中部,岐阜県,中学,大垣市立北中学校
中部,岐阜県,中学,大垣市立江並中学校
中部,岐阜県,中学,大垣市立赤坂中学校
中部,岐阜県,中学,大垣市立西部中学校
中部,岐阜県,中学,大垣市立星和中学校
中部,岐阜県,中学,高山市立日枝中学校
中部,岐阜県,中学,高山市立松倉中学校
中部,岐阜県,中学,高山市立中山中学校
中部,岐阜県,中学,高山市立東山中学校
中部,岐阜県,中学,高山市立丹生川中学校
中部,岐阜県,中学,高山市立清見中学校
中部,岐阜県,中学,高山市立宮中学校
中部,岐阜県,中学,高山市立久々野中学校
中部,岐阜県,中学,高山市立朝日中学校
中部,岐阜県,中学,高山市立国府中学校
中部,岐阜県,中学,高山市立北稜中学校
中部,岐阜県,中学,多治見市立陶都中学校
中部,岐阜県,中学,多治見市立多治見中学校
中部,岐阜県,中学,多治見市立平和中学校
中部,岐阜県,中学,多治見市立小泉中学校
中部,岐阜県,中学,多治見市立南ケ丘中学校
中部,岐阜県,中学,多治見市立北陵中学校
中部,岐阜県,中学,多治見市立南姫中学校
中部,岐阜県,中学,関市立緑ヶ丘中学校
中部,岐阜県,中学,関市立旭ヶ丘中学校
中部,岐阜県,中学,関市立桜ヶ丘中学校
中部,岐阜県,中学,関市立下有知中学校
中部,岐阜県,中学,関市立富野中学校
中部,岐阜県,中学,関市立小金田中学校
中部,岐阜県,中学,関市立板取川中学校
中部,岐阜県,中学,関市立武芸川中学校
中部,岐阜県,中学,関市立津保川中学校
中部,岐阜県,中学,中津川市立第一中学校
中部,岐阜県,中学,中津川市立第二中学校
中部,岐阜県,中学,中津川市立苗木中学校
中部,岐阜県,中学,中津川市立坂本中学校
中部,岐阜県,中学,中津川市立落合中学校
中部,岐阜県,中学,中津川市立阿木中学校
中部,岐阜県,中学,中津川市立坂下中学校
中部,岐阜県,中学,中津川市立加子母中学校
中部,岐阜県,中学,中津川市立付知中学校
中部,岐阜県,中学,中津川市立福岡中学校
中部,岐阜県,中学,中津川市立蛭川中学校
中部,岐阜県,中学,美濃市立美濃中学校
中部,岐阜県,中学,美濃市立昭和中学校
中部,岐阜県,中学,瑞浪市立瑞浪中学校
中部,岐阜県,中学,瑞浪市立瑞浪南中学校
中部,岐阜県,中学,瑞浪市立瑞浪北中学校
中部,岐阜県,中学,羽島市立羽島中学校
中部,岐阜県,中学,羽島市立竹鼻中学校
中部,岐阜県,中学,羽島市立中央中学校
中部,岐阜県,中学,羽島市立中島中学校
中部,岐阜県,中学,恵那市立恵那東中学校
中部,岐阜県,中学,恵那市立恵那西中学校
中部,岐阜県,中学,恵那市立恵那北中学校
中部,岐阜県,中学,恵那市立恵那南中学校
中部,岐阜県,中学,美濃加茂市立西中学校
中部,岐阜県,中学,美濃加茂市立東中学校
中部,岐阜県,中学,土岐市立土岐津中学校
中部,岐阜県,中学,土岐市立西陵中学校
中部,岐阜県,中学,土岐市立濃南中学校
中部,岐阜県,中学,土岐市立駄知中学校
中部,岐阜県,中学,土岐市立肥田中学校
中部,岐阜県,中学,土岐市立泉中学校
中部,岐阜県,中学,各務原市立那加中学校
中部,岐阜県,中学,各務原市立桜丘中学校
中部,岐阜県,中学,各務原市立稲羽中学校
中部,岐阜県,中学,各務原市立川島中学校
中部,岐阜県,中学,各務原市立鵜沼中学校
中部,岐阜県,中学,各務原市立緑陽中学校
中部,岐阜県,中学,各務原市立蘇原中学校
中部,岐阜県,中学,各務原市立中央中学校
中部,岐阜県,中学,可児市立蘇南中学校
中部,岐阜県,中学,可児市立中部中学校
中部,岐阜県,中学,可児市立西可児中学校
中部,岐阜県,中学,可児市立東可児中学校
中部,岐阜県,中学,可児市立広陵中学校
中部,岐阜県,中学,山県市立高富中学校
中部,岐阜県,中学,山県市立伊自良中学校
中部,岐阜県,中学,山県市立美山中学校
中部,岐阜県,中学,瑞穂市立穂積中学校
中部,岐阜県,中学,瑞穂市立穂積北中学校
中部,岐阜県,中学,瑞穂市立巣南中学校
中部,岐阜県,中学,飛騨市立古川中学校
中部,岐阜県,中学,飛騨市立神岡中学校
中部,岐阜県,中学,飛騨市立山之村中学校
中部,岐阜県,中学,本巣市立本巣中学校
中部,岐阜県,中学,本巣市立糸貫中学校
中部,岐阜県,中学,本巣市立真正中学校
中部,岐阜県,中学,郡上市立八幡中学校
中部,岐阜県,中学,郡上市立八幡西中学校
中部,岐阜県,中学,郡上市立大和中学校
中部,岐阜県,中学,郡上市立白鳥中学校
中部,岐阜県,中学,郡上市立高鷲中学校
中部,岐阜県,中学,郡上市立郡南中学校
中部,岐阜県,中学,郡上市立明宝中学校
中部,岐阜県,中学,郡上市立郡上東中学校
中部,岐阜県,中学,下呂市立萩原南中学校
中部,岐阜県,中学,下呂市立萩原北中学校
中部,岐阜県,中学,下呂市立小坂中学校
中部,岐阜県,中学,下呂市立下呂中学校
中部,岐阜県,中学,下呂市立竹原中学校
中部,岐阜県,中学,下呂市立金山中学校
中部,岐阜県,中学,海津市立日新中学校
中部,岐阜県,中学,海津市立平田中学校
中部,岐阜県,中学,海津市立城南中学校
中部,岐阜県,中学,羽島郡岐南町立岐南中学校
中部,岐阜県,中学,羽島郡笠松町立笠松中学校
中部,岐阜県,中学,養老郡養老町立高田中学校
中部,岐阜県,中学,養老郡養老町立東部中学校
中部,岐阜県,中学,不破郡垂井町立不破中学校
中部,岐阜県,中学,不破郡垂井町立北中学校
中部,岐阜県,中学,不破郡関ケ原町立関ケ原中学校
中部,岐阜県,中学,安八郡神戸町立神戸中学校
中部,岐阜県,中学,安八郡輪之内町立輪之内中学校
中部,岐阜県,中学,安八郡安八町立登龍中学校
中部,岐阜県,中学,大垣市・安八郡安八町組合立東安中学校
中部,岐阜県,中学,揖斐郡揖斐川町立揖斐川中学校
中部,岐阜県,中学,揖斐郡揖斐川町立北和中学校
中部,岐阜県,中学,揖斐郡揖斐川町立谷汲中学校
中部,岐阜県,中学,揖斐郡大野町立大野中学校
中部,岐阜県,中学,揖斐郡大野町立大野中学校大野分校
中部,岐阜県,中学,揖斐郡大野町立揖東中学校
中部,岐阜県,中学,揖斐郡池田町立池田中学校
中部,岐阜県,中学,加茂郡坂祝町立坂祝中学校
中部,岐阜県,中学,美濃加茂市富加町中学校組合立双葉中学校
中部,岐阜県,中学,加茂郡川辺町立川辺中学校
中部,岐阜県,中学,加茂郡七宗町立七宗中学校
中部,岐阜県,中学,加茂郡八百津町立八百津中学校
中部,岐阜県,中学,加茂郡八百津町立八百津東部中学校
中部,岐阜県,中学,加茂郡白川町立白川中学校
中部,岐阜県,中学,加茂郡白川町立黒川中学校
中部,岐阜県,中学,加茂郡東白川村立東白川中学校
中部,岐阜県,中学,可児郡御嵩町立上之郷中学校
中部,岐阜県,中学,可児郡御嵩町立向陽中学校
中部,岐阜県,中学,可児市・御嵩町中学校組合立共和中学校
中部,岐阜県,中学,鶯谷中学校
中部,岐阜県,中学,岐阜東中学校
中部,岐阜県,中学,岐阜聖徳学園大学附属中学校
中部,岐阜県,中学,聖マリア女学院中学校
中部,岐阜県,中学,多治見西中学校
中部,岐阜県,中学,麗澤瑞浪中学校
中部,岐阜県,中学,美濃加茂中学校
中部,岐阜県,中学,帝京大学可児中学校
中部,岐阜県,中学,西濃学園中学校
中部,岐阜県,高校,岐阜県立岐阜高等学校
中部,岐阜県,高校,岐阜県立岐阜北高等学校
中部,岐阜県,高校,岐阜県立長良高等学校
中部,岐阜県,高校,岐阜県立岐山高等学校
中部,岐阜県,高校,岐阜県立加納高等学校
中部,岐阜県,高校,岐阜県立羽島北高等学校
中部,岐阜県,高校,岐阜県立岐阜総合学園高等学校
中部,岐阜県,高校,岐阜県立岐阜城北高等学校
中部,岐阜県,高校,岐阜県立岐阜商業高等学校
中部,岐阜県,高校,岐阜県立岐南工業高等学校
中部,岐阜県,高校,岐阜県立華陽フロンティア高等学校
中部,岐阜県,高校,岐阜市立岐阜商業高等学校
中部,岐阜県,高校,岐阜県立大垣北高等学校
中部,岐阜県,高校,岐阜県立大垣南高等学校
中部,岐阜県,高校,岐阜県立大垣東高等学校
中部,岐阜県,高校,岐阜県立大垣西高等学校
中部,岐阜県,高校,岐阜県立大垣商業高等学校
中部,岐阜県,高校,岐阜県立大垣工業高等学校
中部,岐阜県,高校,岐阜県立大垣桜高等学校
中部,岐阜県,高校,岐阜県立斐太高等学校
中部,岐阜県,高校,岐阜県立飛騨高山高等学校
中部,岐阜県,高校,岐阜県立高山工業高等学校
中部,岐阜県,高校,岐阜県立多治見高等学校
中部,岐阜県,高校,岐阜県立多治見北高等学校
中部,岐阜県,高校,岐阜県立多治見工業高等学校
中部,岐阜県,高校,岐阜県立関有知高等学校
中部,岐阜県,高校,岐阜県立関高等学校
中部,岐阜県,高校,関市立関商工高等学校
中部,岐阜県,高校,岐阜県立中津高等学校
中部,岐阜県,高校,岐阜県立坂下高等学校
中部,岐阜県,高校,岐阜県立中津商業高等学校
中部,岐阜県,高校,岐阜県立中津川工業高等学校
中部,岐阜県,高校,中津川市立阿木高等学校
中部,岐阜県,高校,岐阜県立武義高等学校
中部,岐阜県,高校,岐阜県立瑞浪高等学校
中部,岐阜県,高校,岐阜県立羽島高等学校
中部,岐阜県,高校,岐阜県立恵那高等学校
中部,岐阜県,高校,岐阜県立恵那南高等学校
中部,岐阜県,高校,岐阜県立恵那農業高等学校
中部,岐阜県,高校,岐阜県立加茂高等学校
中部,岐阜県,高校,岐阜県立加茂農林高等学校
中部,岐阜県,高校,岐阜県立土岐紅陵高等学校
中部,岐阜県,高校,岐阜県立土岐商業高等学校
中部,岐阜県,高校,岐阜県立東濃フロンティア高等学校
中部,岐阜県,高校,岐阜県立各務原高等学校
中部,岐阜県,高校,岐阜県立各務原西高等学校
中部,岐阜県,高校,岐阜県立岐阜各務野高等学校
中部,岐阜県,高校,岐阜県立可児高等学校
中部,岐阜県,高校,岐阜県立可児工業高等学校
中部,岐阜県,高校,岐阜県立山県高等学校
中部,岐阜県,高校,岐阜県立吉城高等学校
中部,岐阜県,高校,岐阜県立飛騨神岡高等学校
中部,岐阜県,高校,岐阜県立本巣松陽高等学校
中部,岐阜県,高校,岐阜県立郡上北高等学校
中部,岐阜県,高校,岐阜県立郡上高等学校
中部,岐阜県,高校,岐阜県立益田清風高等学校
中部,岐阜県,高校,岐阜県立海津明誠高等学校
中部,岐阜県,高校,岐阜県立岐阜工業高等学校
中部,岐阜県,高校,岐阜県立大垣養老高等学校
中部,岐阜県,高校,岐阜県立不破高等学校
中部,岐阜県,高校,岐阜県立揖斐高等学校
中部,岐阜県,高校,岐阜県立池田高等学校
中部,岐阜県,高校,岐阜県立岐阜農林高等学校
中部,岐阜県,高校,岐阜県立八百津高等学校
中部,岐阜県,高校,岐阜県立東濃高等学校
中部,岐阜県,高校,岐阜県立東濃実業高等学校
中部,岐阜県,高校,鶯谷高等学校
中部,岐阜県,高校,富田高等学校
中部,岐阜県,高校,岐阜東高等学校
中部,岐阜県,高校,済美高等学校
中部,岐阜県,高校,岐阜聖徳学園高等学校
中部,岐阜県,高校,聖マリア女学院高等学校
中部,岐阜県,高校,城南高等学校
中部,岐阜県,高校,啓晴高等学校
中部,岐阜県,高校,ぎふ国際高等学校
中部,岐阜県,高校,大垣日本大学高等学校
中部,岐阜県,高校,清凌高等学校
中部,岐阜県,高校,西濃桃李高等学校
中部,岐阜県,高校,高山西高等学校
中部,岐阜県,高校,多治見西高等学校
中部,岐阜県,高校,麗澤瑞浪高等学校
中部,岐阜県,高校,中京高等学校
中部,岐阜県,高校,美濃加茂高等学校
中部,岐阜県,高校,帝京大学可児高等学校
中部,岐阜県,高校,岐阜第一高等学校
中部,岐阜県,高校,岐阜女子高等学校
中部,岐阜県,高校,西濃学園高等学校
中部,静岡県,中学,静岡大学教育学部附属静岡中学校
中部,静岡県,中学,静岡大学教育学部附属浜松中学校
中部,静岡県,中学,静岡大学教育学部附属島田中学校
中部,静岡県,中学,沼津市立第一中学校
中部,静岡県,中学,沼津市立第二中学校
中部,静岡県,中学,沼津市立第三中学校
中部,静岡県,中学,沼津市立第四中学校
中部,静岡県,中学,沼津市立第五中学校
中部,静岡県,中学,沼津市立片浜中学校
中部,静岡県,中学,沼津市立金岡中学校
中部,静岡県,中学,沼津市立大岡中学校
中部,静岡県,中学,沼津市立静浦中学校
中部,静岡県,中学,沼津市立愛鷹中学校
中部,静岡県,中学,沼津市立大平中学校
中部,静岡県,中学,沼津市立今沢中学校
中部,静岡県,中学,沼津市立門池中学校
中部,静岡県,高校,沼津市立沼津高等学校中等部
中部,静岡県,中学,熱海市立初島中学校
中部,静岡県,中学,熱海市立多賀中学校
中部,静岡県,中学,熱海市立泉中学校
中部,静岡県,中学,熱海市立熱海中学校
中部,静岡県,中学,三島市立南中学校
中部,静岡県,中学,三島市立北中学校
中部,静岡県,中学,三島市立中郷中学校
中部,静岡県,中学,三島市立錦田中学校
中部,静岡県,中学,三島市立北上中学校
中部,静岡県,中学,三島市立中郷西中学校
中部,静岡県,中学,三島市立山田中学校
中部,静岡県,中学,富士宮市立富士宮第一中学校
中部,静岡県,中学,富士宮市立富士宮第二中学校
中部,静岡県,中学,富士宮市立富士宮第三中学校
中部,静岡県,中学,富士宮市立富士宮第四中学校
中部,静岡県,中学,富士宮市立富士根南中学校
中部,静岡県,中学,富士宮市立富士根北中学校
中部,静岡県,中学,富士宮市立北山中学校
中部,静岡県,中学,富士宮市立西富士中学校
中部,静岡県,中学,富士宮市立井之頭中学校
中部,静岡県,中学,富士宮市立上野中学校
中部,静岡県,中学,富士宮市立大富士中学校
中部,静岡県,中学,伊東市立南中学校
中部,静岡県,中学,伊東市立北中学校
中部,静岡県,中学,伊東市立宇佐美中学校
中部,静岡県,中学,伊東市立対島中学校
中部,静岡県,中学,伊東市立門野中学校
中部,静岡県,中学,富士市立吉原第一中学校
中部,静岡県,中学,富士市立吉原第二中学校
中部,静岡県,中学,富士市立吉原第三中学校
中部,静岡県,中学,富士市立元吉原中学校
中部,静岡県,中学,富士市立須津中学校
中部,静岡県,中学,富士市立大淵中学校
中部,静岡県,中学,富士市立富士中学校
中部,静岡県,中学,富士市立富士南中学校
中部,静岡県,中学,富士市立田子浦中学校
中部,静岡県,中学,富士市立岩松中学校
中部,静岡県,中学,富士市立鷹岡中学校
中部,静岡県,中学,富士市立岳陽中学校
中部,静岡県,中学,富士市立吉原北中学校
中部,静岡県,中学,御殿場市立御殿場中学校
中部,静岡県,中学,御殿場市立富士岡中学校
中部,静岡県,中学,御殿場市立原里中学校
中部,静岡県,中学,御殿場市立西中学校
中部,静岡県,中学,御殿場市立高根中学校
中部,静岡県,中学,御殿場市立南中学校
中部,静岡県,中学,東伊豆町立稲取中学校
中部,静岡県,中学,東伊豆町立熱川中学校
中部,静岡県,中学,河津町立河津中学校
中部,静岡県,中学,松崎町立松崎中学校
中部,静岡県,中学,西伊豆町立西伊豆中学校
中部,静岡県,中学,伊豆の国市立長岡中学校
中部,静岡県,中学,沼津市立戸田中学校
中部,静岡県,中学,函南町立函南中学校
中部,静岡県,中学,函南町立東中学校
中部,静岡県,中学,伊豆の国市立韮山中学校
中部,静岡県,中学,伊豆の国市立大仁中学校
中部,静岡県,中学,沼津市立原中学校
中部,静岡県,中学,沼津市立浮島中学校
中部,静岡県,中学,沼津市立長井崎中学校
中部,静岡県,中学,清水町立清水中学校
中部,静岡県,中学,清水町立南中学校
中部,静岡県,中学,長泉町立長泉中学校
中部,静岡県,中学,長泉町立北中学校
中部,静岡県,中学,裾野市立東中学校
中部,静岡県,中学,裾野市立西中学校
中部,静岡県,中学,裾野市立深良中学校
中部,静岡県,中学,裾野市立富岡中学校
中部,静岡県,中学,裾野市立須山中学校
中部,静岡県,中学,小山町立小山中学校
中部,静岡県,中学,小山町立北郷中学校
中部,静岡県,中学,小山町立須走中学校
中部,静岡県,中学,富士宮市立芝川中学校
中部,静岡県,中学,富士宮市立柚野中学校
中部,静岡県,中学,静岡市立籠上中学校
中部,静岡県,中学,静岡市立末広中学校
中部,静岡県,中学,静岡市立城内中学校
中部,静岡県,中学,静岡市立安東中学校
中部,静岡県,中学,静岡市立大里中学校
中部,静岡県,中学,静岡市立東中学校
中部,静岡県,中学,静岡市立豊田中学校
中部,静岡県,中学,静岡市立東豊田中学校
中部,静岡県,中学,静岡市立賤機中学校
中部,静岡県,中学,静岡市立西奈中学校
中部,静岡県,中学,静岡市立高松中学校
中部,静岡県,中学,静岡市立長田西中学校
中部,静岡県,中学,静岡市立長田南中学校
中部,静岡県,中学,静岡市立安倍川中学校
中部,静岡県,中学,静岡市立美和中学校
中部,静岡県,中学,静岡市立服織中学校
中部,静岡県,中学,静岡市立藁科中学校
中部,静岡県,中学,静岡市立観山中学校
中部,静岡県,中学,静岡市立南中学校
中部,静岡県,中学,静岡市立清水第一中学校
中部,静岡県,中学,静岡市立清水第二中学校
中部,静岡県,中学,静岡市立清水第三中学校
中部,静岡県,中学,静岡市立清水第四中学校
中部,静岡県,中学,静岡市立清水第五中学校
中部,静岡県,中学,静岡市立清水第六中学校
中部,静岡県,中学,静岡市立清水第七中学校
中部,静岡県,中学,静岡市立清水第八中学校
中部,静岡県,中学,静岡市立清水袖師中学校
中部,静岡県,中学,静岡市立清水庵原中学校
中部,静岡県,中学,静岡市立清水興津中学校
中部,静岡県,中学,静岡市立清水小島中学校
中部,静岡県,中学,静岡市立清水両河内中学校
中部,静岡県,中学,静岡市立清水飯田中学校
中部,静岡県,高校,静岡県立清水南高等学校中等部
中部,静岡県,中学,島田市立島田第一中学校
中部,静岡県,中学,島田市立島田第二中学校
中部,静岡県,中学,島田市立六合中学校
中部,静岡県,中学,島田市立初倉中学校
中部,静岡県,中学,焼津市立焼津中学校
中部,静岡県,中学,焼津市立大村中学校
中部,静岡県,中学,焼津市立豊田中学校
中部,静岡県,中学,焼津市立小川中学校
中部,静岡県,中学,焼津市立東益津中学校
中部,静岡県,中学,焼津市立大富中学校
中部,静岡県,中学,焼津市立和田中学校
中部,静岡県,中学,焼津市立港中学校
中部,静岡県,中学,掛川市立栄川中学校
中部,静岡県,中学,掛川市立東中学校
中部,静岡県,中学,掛川市立西中学校
中部,静岡県,中学,掛川市立桜が丘中学校
中部,静岡県,中学,掛川市立原野谷中学校
中部,静岡県,中学,掛川市立北中学校
中部,静岡県,中学,藤枝市立藤枝中学校
中部,静岡県,中学,藤枝市立西益津中学校
中部,静岡県,中学,藤枝市立青島中学校
中部,静岡県,中学,藤枝市立葉梨中学校
中部,静岡県,中学,藤枝市立高洲中学校
中部,静岡県,中学,藤枝市立大洲中学校
中部,静岡県,中学,藤枝市立瀬戸谷中学校
中部,静岡県,中学,藤枝市立広幡中学校
中部,静岡県,中学,藤枝市立青島北中学校
中部,静岡県,中学,富士市立富士川第一中学校
中部,静岡県,中学,富士市立富士川第二中学校
中部,静岡県,中学,静岡市立蒲原中学校
中部,静岡県,中学,静岡市立由比中学校
中部,静岡県,中学,静岡市立大河内中学校
中部,静岡県,中学,静岡市立玉川中学校
中部,静岡県,中学,静岡市立井川中学校
中部,静岡県,中学,静岡市立大川中学校
中部,静岡県,中学,静岡市立城山中学校
中部,静岡県,中学,静岡市立竜爪中学校
中部,静岡県,中学,静岡市立中島中学校
中部,静岡県,中学,藤枝市立岡部中学校
中部,静岡県,中学,焼津市立大井川中学校
中部,静岡県,中学,御前崎市牧之原市学校組合立御前崎中学校
中部,静岡県,中学,牧之原市立相良中学校
中部,静岡県,中学,牧之原市菊川市学校組合立牧之原中学校
中部,静岡県,中学,牧之原市立榛原中学校
中部,静岡県,中学,吉田町立吉田中学校
中部,静岡県,中学,島田市立金谷中学校
中部,静岡県,中学,島田市立川根中学校
中部,静岡県,中学,掛川市立城東中学校
中部,静岡県,中学,掛川市立大須賀中学校
中部,静岡県,中学,掛川市立大浜中学校
中部,静岡県,中学,御前崎市立浜岡中学校
中部,静岡県,中学,菊川市立岳洋中学校
中部,静岡県,中学,菊川市立菊川西中学校
中部,静岡県,中学,菊川市立菊川東中学校
中部,静岡県,中学,浜松市立東部中学校
中部,静岡県,中学,浜松市立西部中学校
中部,静岡県,中学,浜松市立南部中学校
中部,静岡県,中学,浜松市立北部中学校
中部,静岡県,中学,浜松市立中部中学校
中部,静岡県,中学,浜松市立八幡中学校
中部,静岡県,中学,浜松市立曳馬中学校
中部,静岡県,中学,浜松市立新津中学校
中部,静岡県,中学,浜松市立江西中学校
中部,静岡県,中学,浜松市立蜆塚中学校
中部,静岡県,中学,浜松市立天竜中学校
中部,静岡県,中学,浜松市立与進中学校
中部,静岡県,中学,浜松市立笠井中学校
中部,静岡県,中学,浜松市立南陽中学校
中部,静岡県,中学,浜松市立北星中学校
中部,静岡県,中学,浜松市立都田中学校
中部,静岡県,中学,浜松市立神久呂中学校
中部,静岡県,中学,浜松市立入野中学校
中部,静岡県,中学,浜松市立積志中学校
中部,静岡県,中学,浜松市立湖東中学校
中部,静岡県,中学,浜松市立篠原中学校
中部,静岡県,中学,浜松市立丸塚中学校
中部,静岡県,中学,浜松市立高台中学校
中部,静岡県,中学,浜松市立庄内中学校
中部,静岡県,中学,浜松市立江南中学校
中部,静岡県,中学,浜松市立開成中学校
中部,静岡県,中学,浜松市立中郡中学校
中部,静岡県,中学,浜松市立三方原中学校
中部,静岡県,中学,浜松市立東陽中学校
中部,静岡県,中学,浜松市立佐鳴台中学校
中部,静岡県,中学,浜松市立富塚中学校
中部,静岡県,中学,浜松市立積志中学校萩原分校
中部,静岡県,高校,静岡県立浜松西高等学校中等部
中部,静岡県,中学,磐田市立磐田第一中学校
中部,静岡県,中学,磐田市立城山中学校
中部,静岡県,中学,磐田市立向陽中学校
中部,静岡県,中学,磐田市立神明中学校
中部,静岡県,中学,磐田市立南部中学校
中部,静岡県,中学,袋井市立袋井中学校
中部,静岡県,中学,袋井市立周南中学校
中部,静岡県,中学,袋井市立袋井南中学校
中部,静岡県,中学,浜松市立清竜中学校
中部,静岡県,中学,浜松市立光が丘中学校
中部,静岡県,中学,浜松市立浜名中学校
中部,静岡県,中学,浜松市立北浜中学校
中部,静岡県,中学,浜松市立浜北北部中学校
中部,静岡県,中学,浜松市立麁玉中学校
中部,静岡県,中学,浜松市立北浜東部中学校
中部,静岡県,中学,森町立旭が丘中学校
中部,静岡県,中学,森町立森中学校
中部,静岡県,中学,浜松市立春野中学校
中部,静岡県,中学,袋井市立浅羽中学校
中部,静岡県,中学,磐田市立福田中学校
中部,静岡県,中学,磐田市立竜洋中学校
中部,静岡県,中学,磐田市立豊田中学校
中部,静岡県,中学,磐田市立豊田南中学校
中部,静岡県,中学,磐田市立豊岡中学校
中部,静岡県,中学,浜松市立佐久間中学校
中部,静岡県,中学,浜松市立水窪中学校
中部,静岡県,中学,浜松市立可美中学校
中部,静岡県,中学,浜松市立舞阪中学校
中部,静岡県,中学,湖西市立新居中学校
中部,静岡県,中学,湖西市立鷲津中学校
中部,静岡県,中学,湖西市立白須賀中学校
中部,静岡県,中学,湖西市立湖西中学校
中部,静岡県,中学,湖西市立岡崎中学校
中部,静岡県,中学,浜松市立雄踏中学校
中部,静岡県,中学,浜松市立細江中学校
中部,静岡県,中学,浜松市立引佐北部中学校
中部,静岡県,中学,浜松市立引佐南部中学校
中部,静岡県,中学,浜松市立三ヶ日中学校
中部,静岡県,中学,下田市立下田中学校
中部,静岡県,中学,静岡県立ふじのくに中学校磐田本校
中部,静岡県,中学,静岡県立ふじのくに中学校三島教室
中部,静岡県,中学,伊豆市立伊豆中学校
中部,静岡県,中学,南伊豆町立南伊豆中学校
中部,静岡県,中学,不二聖心女子学院中学校
中部,静岡県,中学,加藤学園暁秀中学校
中部,静岡県,中学,静岡サレジオ中学校
中部,静岡県,高校,東海大学付属静岡翔洋高等学校中等部
中部,静岡県,中学,静岡大成中学校
中部,静岡県,中学,静岡英和女学院中学校
中部,静岡県,中学,静岡雙葉中学校
中部,静岡県,中学,城南静岡中学校
中部,静岡県,中学,常葉大学附属常葉中学校
中部,静岡県,中学,常葉大学附属橘中学校
中部,静岡県,中学,静岡県西遠女子学園中学校
中部,静岡県,中学,浜松開誠館中学校
中部,静岡県,中学,浜松修学舎中学校
中部,静岡県,中学,静岡聖光学院中学校
中部,静岡県,中学,静岡学園中学校
中部,静岡県,中学,浜松日体中学校
中部,静岡県,中学,日本大学三島中学校
中部,静岡県,中学,藤枝順心中学校
中部,静岡県,中学,藤枝明誠中学校
中部,静岡県,中学,常葉大学附属菊川中学校
中部,静岡県,中学,磐田東中学校
中部,静岡県,中学,浜松学院興誠中学校
中部,静岡県,中学,浜松学芸中学校
中部,静岡県,中学,聖隷クリストファー中学校
中部,静岡県,中学,静岡北中学校
中部,静岡県,中学,星陵中学校
中部,静岡県,中学,静岡県富士見中学校
中部,静岡県,#N/A,聖隷クリストファーグローバルスクール中等部
中部,静岡県,中学,静岡学園なごみ中学校
中部,静岡県,高校,静岡県立松崎高等学校
中部,静岡県,高校,静岡県立稲取高等学校
中部,静岡県,高校,静岡県立熱海高等学校
中部,静岡県,高校,静岡県立韮山高等学校
中部,静岡県,高校,静岡県立田方農業高等学校
中部,静岡県,高校,静岡県立三島南高等学校
中部,静岡県,高校,静岡県立三島北高等学校
中部,静岡県,高校,静岡県立御殿場高等学校
中部,静岡県,高校,静岡県立御殿場南高等学校
中部,静岡県,高校,静岡県立裾野高等学校
中部,静岡県,高校,静岡県立沼津東高等学校
中部,静岡県,高校,静岡県立沼津西高等学校
中部,静岡県,高校,静岡県立沼津城北高等学校
中部,静岡県,高校,静岡県立沼津工業高等学校
中部,静岡県,高校,静岡県立沼津商業高等学校
中部,静岡県,高校,静岡県立吉原高等学校
中部,静岡県,高校,静岡県立吉原工業高等学校
中部,静岡県,高校,静岡県立富士高等学校
中部,静岡県,高校,静岡県立富士宮東高等学校
中部,静岡県,高校,静岡県立富士宮北高等学校
中部,静岡県,高校,静岡県立富岳館高等学校
中部,静岡県,高校,静岡県立富士東高等学校
中部,静岡県,高校,静岡県立伊豆中央高等学校
中部,静岡県,高校,静岡県立富士宮西高等学校
中部,静岡県,高校,静岡県立三島長陵高等学校
中部,静岡県,高校,静岡県立小山高等学校
中部,静岡県,高校,静岡県立下田高等学校
中部,静岡県,高校,静岡県立下田高等学校南伊豆分校
中部,静岡県,高校,静岡県立伊豆総合高等学校
中部,静岡県,高校,静岡県立清水東高等学校
中部,静岡県,高校,静岡県立清水西高等学校
中部,静岡県,高校,静岡県立清水南高等学校
中部,静岡県,高校,静岡県立静岡高等学校
中部,静岡県,高校,静岡県立静岡城北高等学校
中部,静岡県,高校,静岡県立静岡東高等学校
中部,静岡県,高校,静岡県立静岡農業高等学校
中部,静岡県,高校,静岡県立静岡商業高等学校
中部,静岡県,高校,静岡県立焼津中央高等学校
中部,静岡県,高校,静岡県立焼津水産高等学校
中部,静岡県,高校,静岡県立藤枝東高等学校
中部,静岡県,高校,静岡県立藤枝西高等学校
中部,静岡県,高校,静岡県立藤枝北高等学校
中部,静岡県,高校,静岡県立島田高等学校
中部,静岡県,高校,静岡県立島田工業高等学校
中部,静岡県,高校,静岡県立島田商業高等学校
中部,静岡県,高校,静岡県立川根高等学校
中部,静岡県,高校,静岡県立榛原高等学校
中部,静岡県,高校,静岡県立相良高等学校
中部,静岡県,高校,静岡県立掛川東高等学校
中部,静岡県,高校,静岡県立掛川西高等学校
中部,静岡県,高校,静岡県立掛川工業高等学校
中部,静岡県,高校,静岡県立小笠高等学校
中部,静岡県,高校,静岡県立池新田高等学校
中部,静岡県,高校,静岡県立横須賀高等学校
中部,静岡県,高校,静岡県立静岡西高等学校
中部,静岡県,高校,静岡県立静岡中央高等学校
中部,静岡県,高校,静岡県立科学技術高等学校
中部,静岡県,高校,静岡県立袋井商業高等学校
中部,静岡県,高校,静岡県立磐田南高等学校
中部,静岡県,高校,静岡県立磐田北高等学校
中部,静岡県,高校,静岡県立磐田農業高等学校
中部,静岡県,高校,静岡県立磐田西高等学校
中部,静岡県,高校,静岡県立浜松北高等学校
中部,静岡県,高校,静岡県立浜松西高等学校
中部,静岡県,高校,静岡県立浜松南高等学校
中部,静岡県,高校,静岡県立浜松湖東高等学校
中部,静岡県,高校,静岡県立浜松工業高等学校
中部,静岡県,高校,静岡県立浜松城北工業高等学校
中部,静岡県,高校,静岡県立浜松商業高等学校
中部,静岡県,高校,静岡県立浜名高等学校
中部,静岡県,高校,静岡県立新居高等学校
中部,静岡県,高校,静岡県立浜松東高等学校
中部,静岡県,高校,静岡県立袋井高等学校
中部,静岡県,高校,静岡県立浜北西高等学校
中部,静岡県,高校,静岡県立湖西高等学校
中部,静岡県,高校,静岡県立浜松湖南高等学校
中部,静岡県,高校,静岡県立浜松江之島高等学校
中部,静岡県,高校,静岡県立浜松大平台高等学校
中部,静岡県,高校,静岡県立遠江総合高等学校
中部,静岡県,高校,静岡県立駿河総合高等学校
中部,静岡県,高校,静岡県立清流館高等学校
中部,静岡県,高校,静岡県立天竜高等学校
中部,静岡県,高校,静岡県立天竜高等学校春野校舎
中部,静岡県,高校,静岡県立浜松湖北高等学校
中部,静岡県,高校,静岡県立伊豆総合高等学校土肥分校
中部,静岡県,高校,静岡県立浜松湖北高等学校佐久間分校
中部,静岡県,高校,沼津市立沼津高等学校
中部,静岡県,高校,富士市立高等学校
中部,静岡県,高校,静岡市立高等学校
中部,静岡県,高校,浜松市立高等学校
中部,静岡県,高校,静岡市立清水桜が丘高等学校
中部,静岡県,高校,静岡県立伊豆伊東高等学校
中部,静岡県,高校,静岡県立ふじのくに国際高等学校
中部,静岡県,高校,知徳高等学校
中部,静岡県,高校,不二聖心女子学院高等学校
中部,静岡県,高校,日本大学三島高等学校
中部,静岡県,高校,沼津中央高等学校
中部,静岡県,高校,飛龍高等学校
中部,静岡県,高校,加藤学園高等学校
中部,静岡県,高校,誠恵高等学校
中部,静岡県,高校,御殿場西高等学校
中部,静岡県,高校,静岡県富士見高等学校
中部,静岡県,高校,星陵高等学校
中部,静岡県,高校,桐陽高等学校
中部,静岡県,高校,加藤学園暁秀高等学校
中部,静岡県,高校,菊川南陵高等学校
中部,静岡県,高校,清水国際高等学校
中部,静岡県,高校,静岡サレジオ高等学校
中部,静岡県,高校,東海大学付属静岡翔洋高等学校
中部,静岡県,高校,静清高等学校
中部,静岡県,高校,静岡大成高等学校
中部,静岡県,高校,静岡英和女学院高等学校
中部,静岡県,高校,静岡雙葉高等学校
中部,静岡県,高校,城南静岡高等学校
中部,静岡県,高校,静岡女子高等学校
中部,静岡県,高校,常葉大学附属常葉高等学校
中部,静岡県,高校,常葉大学附属橘高等学校
中部,静岡県,高校,静岡北高等学校
中部,静岡県,高校,静岡学園高等学校
中部,静岡県,高校,焼津高等学校
中部,静岡県,高校,藤枝順心高等学校
中部,静岡県,高校,島田樟誠高等学校
中部,静岡県,高校,静岡聖光学院高等学校
中部,静岡県,高校,常葉大学附属菊川高等学校
中部,静岡県,高校,藤枝明誠高等学校
中部,静岡県,高校,磐田東高等学校
中部,静岡県,高校,浜松学院興誠高等学校
中部,静岡県,高校,静岡県西遠女子学園高等学校
中部,静岡県,高校,浜松開誠館高等学校
中部,静岡県,高校,浜松学芸高等学校
中部,静岡県,高校,浜松修学舎高等学校
中部,静岡県,高校,浜松聖星高等学校
中部,静岡県,高校,浜松日体高等学校
中部,静岡県,高校,聖隷クリストファー高等学校
中部,静岡県,高校,オイスカ浜松国際高等学校
中部,静岡県,高校,浜松啓陽高等学校
中部,静岡県,高校,キラリ高等学校
中部,静岡県,高校,静岡学園なごみ高等学校
中部,静岡県,高校,静岡泉洋高等学校
中部,静岡県,高校,あおい開惺高等学校
中部,静岡県,#N/A,聖隷クリストファーグローバルスクール高等部
中部,愛知県,中学,名古屋大学教育学部附属中学校
中部,愛知県,中学,愛知教育大学附属岡崎中学校
中部,愛知県,中学,愛知教育大学附属名古屋中学校
中部,愛知県,中学,名古屋市立今池中学校
中部,愛知県,中学,名古屋市立城山中学校
中部,愛知県,中学,名古屋市立千種台中学校
中部,愛知県,中学,名古屋市立振甫中学校
中部,愛知県,中学,名古屋市立若水中学校
中部,愛知県,中学,名古屋市立千種中学校
中部,愛知県,中学,名古屋市立東星中学校
中部,愛知県,中学,名古屋市立あずま中学校
中部,愛知県,中学,名古屋市立冨士中学校
中部,愛知県,中学,名古屋市立桜丘中学校
中部,愛知県,中学,名古屋市立矢田中学校
中部,愛知県,中学,名古屋市立若葉中学校
中部,愛知県,中学,名古屋市立志賀中学校
中部,愛知県,中学,名古屋市立北陵中学校
中部,愛知県,中学,名古屋市立大曽根中学校
中部,愛知県,中学,名古屋市立八王子中学校
中部,愛知県,中学,名古屋市立楠中学校
中部,愛知県,中学,名古屋市立北中学校
中部,愛知県,中学,名古屋市立浄心中学校
中部,愛知県,中学,名古屋市立菊井中学校
中部,愛知県,中学,名古屋市立名塚中学校
中部,愛知県,中学,名古屋市立天神山中学校
中部,愛知県,中学,名古屋市立山田中学校
中部,愛知県,中学,名古屋市立山田東中学校
中部,愛知県,中学,名古屋市立平田中学校
中部,愛知県,中学,名古屋市立豊国中学校
中部,愛知県,中学,名古屋市立笹島中学校
中部,愛知県,中学,名古屋市立笈瀬中学校
中部,愛知県,中学,名古屋市立御田中学校
中部,愛知県,中学,名古屋市立豊正中学校
中部,愛知県,中学,名古屋市立黄金中学校
中部,愛知県,中学,名古屋市立日比津中学校
中部,愛知県,中学,名古屋市立前津中学校
中部,愛知県,中学,名古屋市立丸の内中学校
中部,愛知県,中学,名古屋市立伊勢山中学校
中部,愛知県,中学,名古屋市立白山中学校
中部,愛知県,中学,名古屋市立桜山中学校
中部,愛知県,中学,名古屋市立北山中学校
中部,愛知県,中学,名古屋市立川名中学校
中部,愛知県,中学,名古屋市立円上中学校
中部,愛知県,中学,名古屋市立駒方中学校
中部,愛知県,中学,名古屋市立川名中学校分校
中部,愛知県,中学,名古屋市立田光中学校
中部,愛知県,中学,名古屋市立瑞穂ケ丘中学校
中部,愛知県,中学,名古屋市立萩山中学校
中部,愛知県,中学,名古屋市立汐路中学校
中部,愛知県,中学,名古屋市立津賀田中学校
中部,愛知県,中学,名古屋市立沢上中学校
中部,愛知県,中学,名古屋市立宮中学校
中部,愛知県,中学,名古屋市立日比野中学校
中部,愛知県,中学,名古屋市立日比野中学校分校
中部,愛知県,中学,名古屋市立一色中学校
中部,愛知県,中学,名古屋市立長良中学校
中部,愛知県,中学,名古屋市立山王中学校
中部,愛知県,中学,名古屋市立一柳中学校
中部,愛知県,中学,名古屋市立八幡中学校
中部,愛知県,中学,名古屋市立昭和橋中学校
中部,愛知県,中学,名古屋市立富田中学校
中部,愛知県,中学,名古屋市立はとり中学校
中部,愛知県,中学,名古屋市立助光中学校
中部,愛知県,中学,名古屋市立供米田中学校
中部,愛知県,中学,名古屋市立高杉中学校
中部,愛知県,中学,名古屋市立港南中学校
中部,愛知県,中学,名古屋市立港北中学校
中部,愛知県,中学,名古屋市立東港中学校
中部,愛知県,中学,名古屋市立南陽中学校
中部,愛知県,中学,名古屋市立宝神中学校
中部,愛知県,中学,名古屋市立当知中学校
中部,愛知県,中学,名古屋市立港明中学校
中部,愛知県,中学,名古屋市立南陽東中学校
中部,愛知県,中学,名古屋市立本城中学校
中部,愛知県,中学,名古屋市立新郊中学校
中部,愛知県,中学,名古屋市立桜田中学校
中部,愛知県,中学,名古屋市立大江中学校
中部,愛知県,中学,名古屋市立明豊中学校
中部,愛知県,中学,名古屋市立名南中学校
中部,愛知県,中学,名古屋市立南光中学校
中部,愛知県,中学,名古屋市立守山中学校
中部,愛知県,中学,名古屋市立守山東中学校
中部,愛知県,中学,名古屋市立守山西中学校
中部,愛知県,中学,名古屋市立志段味中学校
中部,愛知県,中学,名古屋市立大森中学校
中部,愛知県,中学,名古屋市立守山北中学校
中部,愛知県,中学,名古屋市立森孝中学校
中部,愛知県,中学,名古屋市立吉根中学校
中部,愛知県,中学,名古屋市立鳴海中学校
中部,愛知県,中学,名古屋市立鳴子台中学校
中部,愛知県,中学,名古屋市立大高中学校
中部,愛知県,中学,名古屋市立有松中学校
中部,愛知県,中学,名古屋市立東陵中学校
中部,愛知県,中学,名古屋市立千鳥丘中学校
中部,愛知県,中学,名古屋市立神沢中学校
中部,愛知県,中学,名古屋市立扇台中学校
中部,愛知県,中学,名古屋市立滝ノ水中学校
中部,愛知県,中学,名古屋市立左京山中学校
中部,愛知県,中学,名古屋市立鎌倉台中学校
中部,愛知県,中学,名古屋市立神の倉中学校
中部,愛知県,中学,名古屋市立猪高中学校
中部,愛知県,中学,名古屋市立神丘中学校
中部,愛知県,中学,名古屋市立高針台中学校
中部,愛知県,中学,名古屋市立猪子石中学校
中部,愛知県,中学,名古屋市立藤森中学校
中部,愛知県,中学,名古屋市立牧の池中学校
中部,愛知県,中学,名古屋市立上社中学校
中部,愛知県,中学,名古屋市立香流中学校
中部,愛知県,中学,名古屋市立天白中学校
中部,愛知県,中学,名古屋市立御幸山中学校
中部,愛知県,中学,名古屋市立久方中学校
中部,愛知県,中学,名古屋市立平針中学校
中部,愛知県,中学,名古屋市立南天白中学校
中部,愛知県,中学,名古屋市立植田中学校
中部,愛知県,中学,名古屋市立原中学校
中部,愛知県,中学,豊橋市立豊岡中学校
中部,愛知県,中学,豊橋市立中部中学校
中部,愛知県,中学,豊橋市立豊城中学校
中部,愛知県,中学,豊橋市立青陵中学校
中部,愛知県,中学,豊橋市立羽田中学校
中部,愛知県,中学,豊橋市立牟呂中学校
中部,愛知県,中学,豊橋市立吉田方中学校
中部,愛知県,中学,豊橋市立南部中学校
中部,愛知県,中学,豊橋市立南稜中学校
中部,愛知県,中学,豊橋市立北部中学校
中部,愛知県,中学,豊橋市立前芝中学校
中部,愛知県,中学,豊橋市立石巻中学校
中部,愛知県,中学,豊橋市立二川中学校
中部,愛知県,中学,豊橋市立五並中学校
中部,愛知県,中学,豊橋市立高豊中学校
中部,愛知県,中学,豊橋市立章南中学校
中部,愛知県,中学,豊橋市立高師台中学校
中部,愛知県,中学,豊橋市立東部中学校
中部,愛知県,中学,豊橋市立南陽中学校
中部,愛知県,中学,豊橋市立本郷中学校
中部,愛知県,中学,豊橋市立東陽中学校
中部,愛知県,中学,豊橋市立東陵中学校
中部,愛知県,中学,岡崎市立甲山中学校
中部,愛知県,中学,岡崎市立美川中学校
中部,愛知県,中学,岡崎市立南中学校
中部,愛知県,中学,岡崎市立竜海中学校
中部,愛知県,中学,岡崎市立葵中学校
中部,愛知県,中学,岡崎市立城北中学校
中部,愛知県,中学,岡崎市立福岡中学校
中部,愛知県,中学,岡崎市立東海中学校
中部,愛知県,中学,岡崎市立河合中学校
中部,愛知県,中学,岡崎市立常磐中学校
中部,愛知県,中学,岡崎市立岩津中学校
中部,愛知県,中学,岡崎市立矢作中学校
中部,愛知県,中学,岡崎市立六ツ美中学校
中部,愛知県,中学,岡崎市立矢作北中学校
中部,愛知県,中学,岡崎市立新香山中学校
中部,愛知県,中学,岡崎市立竜南中学校
中部,愛知県,中学,岡崎市立北中学校
中部,愛知県,中学,岡崎市立六ツ美北中学校
中部,愛知県,中学,岡崎市立額田中学校
中部,愛知県,中学,岡崎市立翔南中学校
中部,愛知県,中学,一宮市立北部中学校
中部,愛知県,中学,一宮市立中部中学校
中部,愛知県,中学,一宮市立南部中学校
中部,愛知県,中学,一宮市立葉栗中学校
中部,愛知県,中学,一宮市立西成中学校
中部,愛知県,中学,一宮市立丹陽中学校
中部,愛知県,中学,一宮市立浅井中学校
中部,愛知県,中学,一宮市立北方中学校
中部,愛知県,中学,一宮市立大和中学校
中部,愛知県,中学,一宮市立今伊勢中学校
中部,愛知県,中学,一宮市立奥中学校
中部,愛知県,中学,一宮市立萩原中学校
中部,愛知県,中学,一宮市立千秋中学校
中部,愛知県,中学,一宮市立西成東部中学校
中部,愛知県,中学,一宮市立大和南中学校
中部,愛知県,中学,一宮市立尾西第一中学校
中部,愛知県,中学,一宮市立尾西第二中学校
中部,愛知県,中学,一宮市立尾西第三中学校
中部,愛知県,中学,一宮市立木曽川中学校
中部,愛知県,中学,瀬戸市立水無瀬中学校
中部,愛知県,中学,瀬戸市立南山中学校
中部,愛知県,中学,瀬戸市立幡山中学校
中部,愛知県,中学,瀬戸市立品野中学校
中部,愛知県,中学,瀬戸市立光陵中学校
中部,愛知県,中学,瀬戸市立水野中学校
中部,愛知県,中学,瀬戸市立にじの丘中学校
中部,愛知県,中学,半田市立半田中学校
中部,愛知県,中学,半田市立乙川中学校
中部,愛知県,中学,半田市立亀崎中学校
中部,愛知県,中学,半田市立成岩中学校
中部,愛知県,中学,半田市立青山中学校
中部,愛知県,中学,半田市立青山中学校ならわ学園分校
中部,愛知県,中学,春日井市立東部中学校
中部,愛知県,中学,春日井市立中部中学校
中部,愛知県,中学,春日井市立西部中学校
中部,愛知県,中学,春日井市立坂下中学校
中部,愛知県,中学,春日井市立高蔵寺中学校
中部,愛知県,中学,春日井市立藤山台中学校
中部,愛知県,中学,春日井市立知多中学校
中部,愛知県,中学,春日井市立鷹来中学校
中部,愛知県,中学,春日井市立松原中学校
中部,愛知県,中学,春日井市立高森台中学校
中部,愛知県,中学,春日井市立柏原中学校
中部,愛知県,中学,春日井市立味美中学校
中部,愛知県,中学,春日井市立南城中学校
中部,愛知県,中学,春日井市立石尾台中学校
中部,愛知県,中学,春日井市立岩成台中学校
中部,愛知県,中学,春日井市立尾東中学校
中部,愛知県,中学,豊川市立東部中学校
中部,愛知県,中学,豊川市立南部中学校
中部,愛知県,中学,豊川市立中部中学校
中部,愛知県,中学,豊川市立西部中学校
中部,愛知県,中学,豊川市立代田中学校
中部,愛知県,中学,豊川市立金屋中学校
中部,愛知県,中学,豊川市立音羽中学校
中部,愛知県,中学,豊川市立一宮中学校
中部,愛知県,中学,豊川市立小坂井中学校
中部,愛知県,中学,豊川市立御津中学校
中部,愛知県,中学,津島市立天王中学校
中部,愛知県,中学,津島市立藤浪中学校
中部,愛知県,中学,津島市立神守中学校
中部,愛知県,中学,津島市立暁中学校
中部,愛知県,中学,碧南市立新川中学校
中部,愛知県,中学,碧南市立南中学校
中部,愛知県,中学,碧南市立東中学校
中部,愛知県,中学,碧南市立西端中学校
中部,愛知県,中学,碧南市立中央中学校
中部,愛知県,中学,刈谷市立刈谷南中学校
中部,愛知県,中学,刈谷市立刈谷東中学校
中部,愛知県,中学,刈谷市立富士松中学校
中部,愛知県,中学,刈谷市立依佐美中学校
中部,愛知県,中学,刈谷市立雁が音中学校
中部,愛知県,中学,刈谷市立朝日中学校
中部,愛知県,中学,豊田市立崇化館中学校
中部,愛知県,中学,豊田市立朝日丘中学校
中部,愛知県,中学,豊田市立豊南中学校
中部,愛知県,中学,豊田市立高橋中学校
中部,愛知県,中学,豊田市立上郷中学校
中部,愛知県,中学,豊田市立高岡中学校
中部,愛知県,中学,豊田市立保見中学校
中部,愛知県,中学,豊田市立猿投中学校
中部,愛知県,中学,豊田市立猿投台中学校
中部,愛知県,中学,豊田市立石野中学校
中部,愛知県,中学,豊田市立松平中学校
中部,愛知県,中学,豊田市立竜神中学校
中部,愛知県,中学,豊田市立美里中学校
中部,愛知県,中学,豊田市立逢妻中学校
中部,愛知県,中学,豊田市立若園中学校
中部,愛知県,中学,豊田市立梅坪台中学校
中部,愛知県,中学,豊田市立前林中学校
中部,愛知県,中学,豊田市立益富中学校
中部,愛知県,中学,豊田市立末野原中学校
中部,愛知県,中学,豊田市立井郷中学校
中部,愛知県,中学,豊田市立藤岡中学校
中部,愛知県,中学,豊田市立小原中学校
中部,愛知県,中学,豊田市立足助中学校
中部,愛知県,中学,豊田市立下山中学校
中部,愛知県,中学,豊田市立旭中学校
中部,愛知県,中学,豊田市立稲武中学校
中部,愛知県,中学,豊田市立藤岡南中学校
中部,愛知県,中学,豊田市立浄水中学校
中部,愛知県,中学,安城市立安城南中学校
中部,愛知県,中学,安城市立安城北中学校
中部,愛知県,中学,安城市立明祥中学校
中部,愛知県,中学,安城市立安城西中学校
中部,愛知県,中学,安城市立桜井中学校
中部,愛知県,中学,安城市立東山中学校
中部,愛知県,中学,安城市立安祥中学校
中部,愛知県,中学,安城市立篠目中学校
中部,愛知県,中学,西尾市立西尾中学校
中部,愛知県,中学,西尾市立鶴城中学校
中部,愛知県,中学,西尾市立平坂中学校
中部,愛知県,中学,西尾市立寺津中学校
中部,愛知県,中学,西尾市立福地中学校
中部,愛知県,中学,西尾市立東部中学校
中部,愛知県,中学,西尾市立一色中学校
中部,愛知県,中学,西尾市立吉良中学校
中部,愛知県,中学,西尾市立幡豆中学校
中部,愛知県,中学,蒲郡市立蒲郡中学校
中部,愛知県,中学,蒲郡市立三谷中学校
中部,愛知県,中学,蒲郡市立塩津中学校
中部,愛知県,中学,蒲郡市立大塚中学校
中部,愛知県,中学,蒲郡市立形原中学校
中部,愛知県,中学,蒲郡市立中部中学校
中部,愛知県,中学,犬山市立犬山中学校
中部,愛知県,中学,犬山市立城東中学校
中部,愛知県,中学,犬山市立南部中学校
中部,愛知県,中学,犬山市立東部中学校
中部,愛知県,中学,常滑市立青海中学校
中部,愛知県,中学,常滑市立鬼崎中学校
中部,愛知県,中学,常滑市立常滑中学校
中部,愛知県,中学,常滑市立南陵中学校
中部,愛知県,中学,江南市立古知野中学校
中部,愛知県,中学,江南市立布袋中学校
中部,愛知県,中学,江南市立宮田中学校
中部,愛知県,中学,江南市立北部中学校
中部,愛知県,中学,江南市立西部中学校
中部,愛知県,中学,小牧市立小牧中学校
中部,愛知県,中学,小牧市立味岡中学校
中部,愛知県,中学,小牧市立篠岡中学校
中部,愛知県,中学,小牧市立北里中学校
中部,愛知県,中学,小牧市立応時中学校
中部,愛知県,中学,小牧市立岩崎中学校
中部,愛知県,中学,小牧市立桃陵中学校
中部,愛知県,中学,小牧市立小牧西中学校
中部,愛知県,中学,小牧市立光ヶ丘中学校
中部,愛知県,中学,稲沢市立稲沢中学校
中部,愛知県,中学,稲沢市立明治中学校
中部,愛知県,中学,稲沢市立千代田中学校
中部,愛知県,中学,稲沢市立大里中学校
中部,愛知県,中学,稲沢市立治郎丸中学校
中部,愛知県,中学,稲沢市立稲沢西中学校
中部,愛知県,中学,稲沢市立大里東中学校
中部,愛知県,中学,稲沢市立祖父江中学校
中部,愛知県,中学,稲沢市立平和中学校
中部,愛知県,中学,新城市立新城中学校
中部,愛知県,中学,新城市立千郷中学校
中部,愛知県,中学,新城市立東郷中学校
中部,愛知県,中学,新城市立八名中学校
中部,愛知県,中学,新城市立鳳来中学校
中部,愛知県,中学,新城市立作手中学校
中部,愛知県,中学,東海市立名和中学校
中部,愛知県,中学,東海市立上野中学校
中部,愛知県,中学,東海市立平洲中学校
中部,愛知県,中学,東海市立富木島中学校
中部,愛知県,中学,東海市立横須賀中学校
中部,愛知県,中学,東海市立加木屋中学校
中部,愛知県,中学,大府市立大府中学校
中部,愛知県,中学,大府市立大府西中学校
中部,愛知県,中学,大府市立大府北中学校
中部,愛知県,中学,大府市立大府南中学校
中部,愛知県,中学,知多市立八幡中学校
中部,愛知県,中学,知多市立知多中学校
中部,愛知県,中学,知多市立旭南中学校
中部,愛知県,中学,知多市立東部中学校
中部,愛知県,中学,知多市立中部中学校
中部,愛知県,中学,知立市立知立中学校
中部,愛知県,中学,知立市立竜北中学校
中部,愛知県,中学,知立市立知立南中学校
中部,愛知県,中学,尾張旭市立旭中学校
中部,愛知県,中学,尾張旭市立東中学校
中部,愛知県,中学,尾張旭市立西中学校
中部,愛知県,中学,高浜市立高浜中学校
中部,愛知県,中学,高浜市立南中学校
中部,愛知県,中学,岩倉市立岩倉中学校
中部,愛知県,中学,岩倉市立南部中学校
中部,愛知県,中学,豊明市立豊明中学校
中部,愛知県,中学,豊明市立栄中学校
中部,愛知県,中学,豊明市立沓掛中学校
中部,愛知県,中学,日進市立日進中学校
中部,愛知県,中学,日進市立日進中学校青葉分校
中部,愛知県,中学,日進市立日進西中学校
中部,愛知県,中学,日進市立日進東中学校
中部,愛知県,中学,日進市立日進北中学校
中部,愛知県,中学,田原市立東部中学校
中部,愛知県,中学,田原市立田原中学校
中部,愛知県,中学,田原市立赤羽根中学校
中部,愛知県,中学,田原市立福江中学校
中部,愛知県,中学,愛西市立永和中学校
中部,愛知県,中学,愛西市立佐屋中学校
中部,愛知県,中学,愛西市立立田中学校
中部,愛知県,中学,愛西市立八開中学校
中部,愛知県,中学,愛西市立佐織中学校
中部,愛知県,中学,愛西市立佐織西中学校
中部,愛知県,中学,清須市立西枇杷島中学校
中部,愛知県,中学,清須市立春日中学校
中部,愛知県,中学,清須市立清洲中学校
中部,愛知県,中学,清須市立新川中学校
中部,愛知県,中学,北名古屋市立師勝中学校
中部,愛知県,中学,北名古屋市立訓原中学校
中部,愛知県,中学,北名古屋市立熊野中学校
中部,愛知県,中学,北名古屋市立西春中学校
中部,愛知県,中学,北名古屋市立白木中学校
中部,愛知県,中学,北名古屋市立天神中学校
中部,愛知県,中学,弥富市立弥富中学校
中部,愛知県,中学,弥富市立弥富北中学校
中部,愛知県,中学,みよし市立三好中学校
中部,愛知県,中学,みよし市立北中学校
中部,愛知県,中学,みよし市立南中学校
中部,愛知県,中学,みよし市立三好丘中学校
中部,愛知県,中学,あま市立七宝中学校
中部,愛知県,中学,あま市立七宝北中学校
中部,愛知県,中学,あま市立美和中学校
中部,愛知県,中学,あま市立甚目寺中学校
中部,愛知県,中学,あま市立甚目寺南中学校
中部,愛知県,中学,長久手市立長久手中学校
中部,愛知県,中学,長久手市立南中学校
中部,愛知県,中学,長久手市立北中学校
中部,愛知県,中学,東郷町立東郷中学校
中部,愛知県,中学,東郷町立春木中学校
中部,愛知県,中学,東郷町立諸輪中学校
中部,愛知県,中学,豊山町立豊山中学校
中部,愛知県,中学,大口町立大口中学校
中部,愛知県,中学,扶桑町立扶桑中学校
中部,愛知県,中学,扶桑町立扶桑北中学校
中部,愛知県,中学,大治町立大治中学校
中部,愛知県,中学,蟹江町立蟹江中学校
中部,愛知県,中学,蟹江町立蟹江北中学校
中部,愛知県,中学,阿久比町立阿久比中学校
中部,愛知県,中学,東浦町立東浦中学校
中部,愛知県,中学,東浦町立北部中学校
中部,愛知県,中学,東浦町立西部中学校
中部,愛知県,中学,南知多町立篠島中学校
中部,愛知県,中学,美浜町立野間中学校
中部,愛知県,中学,美浜町立河和中学校
中部,愛知県,中学,武豊町立武豊中学校
中部,愛知県,中学,武豊町立富貴中学校
中部,愛知県,中学,幸田町立幸田中学校
中部,愛知県,中学,幸田町立南部中学校
中部,愛知県,中学,幸田町立北部中学校
中部,愛知県,中学,設楽町立設楽中学校
中部,愛知県,中学,東栄町立東栄中学校
中部,愛知県,中学,豊根村立豊根中学校
中部,愛知県,中学,南知多町立南知多中学校
中部,愛知県,中学,愛知県立明和高等学校附属中学校
中部,愛知県,中学,愛知県立半田高等学校附属中学校
中部,愛知県,中学,愛知県立刈谷高等学校附属中学校
中部,愛知県,中学,愛知県立津島高等学校附属中学校
中部,愛知県,中学,愛知県立とよはし中学校
中部,愛知県,中学,名古屋市立なごやか中学校
中部,愛知県,中学,愛知県立愛知総合工科高等学校附属中学校
中部,愛知県,中学,愛知県立時習館高等学校附属中学校
中部,愛知県,中学,愛知県立豊田西高等学校附属中学校
中部,愛知県,中学,愛知県立西尾高等学校附属中学校
中部,愛知県,中学,愛知県立日進高等学校附属中学校
中部,愛知県,中学,愛知県立いちのみや中学校
中部,愛知県,中学,愛知県立とよた中学校
中部,愛知県,中学,愛知県立こまき中学校
中部,愛知県,中学,名古屋市立上志段味中学校
中部,愛知県,中学,愛知中学校
中部,愛知県,中学,椙山女学園中学校
中部,愛知県,中学,愛知工業大学名電中学校
中部,愛知県,中学,愛知淑徳中学校
中部,愛知県,中学,名古屋経済大学市邨中学校
中部,愛知県,中学,金城学院中学校
中部,愛知県,中学,東海中学校
中部,愛知県,中学,名古屋中学校
中部,愛知県,中学,星槎名古屋中学校
中部,愛知県,中学,南山中学校
中部,愛知県,中学,名古屋国際中学校
中部,愛知県,中学,名古屋葵大学中学校
中部,愛知県,中学,名古屋経済大学高蔵中学校
中部,愛知県,中学,桜丘中学校
中部,愛知県,中学,大成中学校
中部,愛知県,中学,聖霊中学校
中部,愛知県,中学,人間環境大学附属岡崎中学校
中部,愛知県,中学,中部大学春日丘中学校
中部,愛知県,中学,滝中学校
中部,愛知県,中学,星城中学校
中部,愛知県,中学,清林館中学校
中部,愛知県,#N/A,瀬戸ＳＯＬＡＮ学園中等部
中部,愛知県,高校,名古屋大学教育学部附属高等学校
中部,愛知県,高校,愛知教育大学附属高等学校
中部,愛知県,高校,愛知県立明和高等学校
中部,愛知県,高校,愛知県立旭丘高等学校
中部,愛知県,高校,愛知県立名古屋西高等学校
中部,愛知県,高校,愛知県立中村高等学校
中部,愛知県,高校,愛知県立松蔭高等学校
中部,愛知県,高校,愛知県立惟信高等学校
中部,愛知県,高校,愛知県立熱田高等学校
中部,愛知県,高校,愛知県立瑞陵高等学校
中部,愛知県,高校,愛知県立昭和高等学校
中部,愛知県,高校,愛知県立千種高等学校
中部,愛知県,高校,愛知県立愛知商業高等学校
中部,愛知県,高校,愛知県立中川青和高等学校
中部,愛知県,高校,愛知県立緑丘高等学校
中部,愛知県,高校,愛知県立名古屋工科高等学校
中部,愛知県,高校,愛知県立旭陵高等学校
中部,愛知県,高校,愛知県立瀬戸高等学校
中部,愛知県,高校,愛知県立瀬戸工科高等学校
中部,愛知県,高校,愛知県立春日井高等学校
中部,愛知県,高校,愛知県立長久手高等学校
中部,愛知県,高校,愛知県立東郷高等学校
中部,愛知県,高校,愛知県立春日井泉高等学校
中部,愛知県,高校,愛知県立旭野高等学校
中部,愛知県,高校,愛知県立南陽高等学校
中部,愛知県,高校,愛知県立守山高等学校
中部,愛知県,高校,愛知県立春日井西高等学校
中部,愛知県,高校,愛知県立鳴海高等学校
中部,愛知県,高校,愛知県立豊明高等学校
中部,愛知県,高校,愛知県立天白高等学校
中部,愛知県,高校,愛知県立瀬戸西高等学校
中部,愛知県,高校,愛知県立春日井東高等学校
中部,愛知県,高校,愛知県立日進高等学校
中部,愛知県,高校,愛知県立高蔵寺高等学校
中部,愛知県,高校,愛知県立春日井工科高等学校
中部,愛知県,高校,愛知県立日進西高等学校
中部,愛知県,高校,愛知県立名古屋南高等学校
中部,愛知県,高校,愛知県立瀬戸北総合高等学校
中部,愛知県,高校,愛知県立春日井南高等学校
中部,愛知県,高校,愛知県立愛知総合工科高等学校
中部,愛知県,高校,愛知県立城北つばさ高等学校
中部,愛知県,高校,愛知県立小牧高等学校
中部,愛知県,高校,愛知県立尾北高等学校
中部,愛知県,高校,愛知県立古知野高等学校
中部,愛知県,高校,愛知県立犬山高等学校
中部,愛知県,高校,愛知県立小牧工科高等学校
中部,愛知県,高校,愛知県立岩倉総合高等学校
中部,愛知県,高校,愛知県立丹羽高等学校
中部,愛知県,高校,愛知県立犬山総合高等学校
中部,愛知県,高校,愛知県立江南高等学校
中部,愛知県,高校,愛知県立小牧南高等学校
中部,愛知県,高校,愛知県立一宮高等学校
中部,愛知県,高校,愛知県立一宮商業高等学校
中部,愛知県,高校,愛知県立一宮工科高等学校
中部,愛知県,高校,愛知県立木曽川高等学校
中部,愛知県,高校,愛知県立一宮起工科高等学校
中部,愛知県,高校,愛知県立一宮西高等学校
中部,愛知県,高校,愛知県立一宮北高等学校
中部,愛知県,高校,愛知県立西春高等学校
中部,愛知県,高校,愛知県立一宮南高等学校
中部,愛知県,高校,愛知県立一宮興道高等学校
中部,愛知県,高校,愛知県立新川高等学校
中部,愛知県,高校,愛知県立杏和高等学校
中部,愛知県,高校,愛知県立津島高等学校
中部,愛知県,高校,愛知県立津島北高等学校
中部,愛知県,高校,愛知県立佐屋高等学校
中部,愛知県,高校,愛知県立五条高等学校
中部,愛知県,高校,愛知県立愛西工科高等学校
中部,愛知県,高校,愛知県立津島東高等学校
中部,愛知県,高校,愛知県立美和高等学校
中部,愛知県,高校,愛知県立海翔高等学校
中部,愛知県,高校,愛知県立半田高等学校
中部,愛知県,高校,愛知県立半田商業高等学校
中部,愛知県,高校,愛知県立半田工科高等学校
中部,愛知県,高校,愛知県立半田農業高等学校
中部,愛知県,高校,愛知県立大府高等学校
中部,愛知県,高校,愛知県立横須賀高等学校
中部,愛知県,高校,愛知県立内海高等学校
中部,愛知県,高校,愛知県立桃陵高等学校
中部,愛知県,高校,愛知県立東海樟風高等学校
中部,愛知県,高校,愛知県立東浦高等学校
中部,愛知県,高校,愛知県立武豊高等学校
中部,愛知県,高校,愛知県立東海南高等学校
中部,愛知県,高校,愛知県立阿久比高等学校
中部,愛知県,高校,愛知県立半田東高等学校
中部,愛知県,高校,愛知県立大府東高等学校
中部,愛知県,高校,愛知県立知多翔洋高等学校
中部,愛知県,高校,愛知県立常滑高等学校
中部,愛知県,高校,愛知県立岡崎高等学校
中部,愛知県,高校,愛知県立岡崎北高等学校
中部,愛知県,高校,愛知県立岩津高等学校
中部,愛知県,高校,愛知県立岡崎商業高等学校
中部,愛知県,高校,愛知県立岡崎工科高等学校
中部,愛知県,高校,愛知県立西尾高等学校
中部,愛知県,高校,愛知県立鶴城丘高等学校
中部,愛知県,高校,愛知県立吉良高等学校
中部,愛知県,高校,愛知県立幸田高等学校
中部,愛知県,高校,愛知県立岡崎東高等学校
中部,愛知県,高校,愛知県立西尾東高等学校
中部,愛知県,高校,愛知県立岡崎西高等学校
中部,愛知県,高校,愛知県立刈谷高等学校
中部,愛知県,高校,愛知県立刈谷工科高等学校
中部,愛知県,高校,愛知県立刈谷北高等学校
中部,愛知県,高校,愛知県立碧南高等学校
中部,愛知県,高校,愛知県立知立高等学校
中部,愛知県,高校,愛知県立一色高等学校
中部,愛知県,高校,愛知県立安城高等学校
中部,愛知県,高校,愛知県立安城農林高等学校
中部,愛知県,高校,愛知県立高浜高等学校
中部,愛知県,高校,愛知県立刈谷東高等学校
中部,愛知県,高校,愛知県立碧南工科高等学校
中部,愛知県,高校,愛知県立安城東高等学校
中部,愛知県,高校,愛知県立安城南高等学校
中部,愛知県,高校,愛知県立知立東高等学校
中部,愛知県,高校,愛知県立豊田西高等学校
中部,愛知県,高校,愛知県立豊田東高等学校
中部,愛知県,高校,愛知県立猿投農林高等学校
中部,愛知県,高校,愛知県立豊田工科高等学校
中部,愛知県,高校,愛知県立加茂丘高等学校
中部,愛知県,高校,愛知県立衣台高等学校
中部,愛知県,高校,愛知県立三好高等学校
中部,愛知県,高校,愛知県立豊田北高等学校
中部,愛知県,高校,愛知県立豊田南高等学校
中部,愛知県,高校,愛知県立豊田高等学校
中部,愛知県,高校,愛知県立豊野高等学校
中部,愛知県,高校,愛知県立足助高等学校
中部,愛知県,高校,愛知県立松平高等学校
中部,愛知県,高校,愛知県立新城有教館高等学校
中部,愛知県,高校,愛知県立新城有教館高等学校作手校舎
中部,愛知県,高校,愛知県立田口高等学校
中部,愛知県,高校,愛知県立時習館高等学校
中部,愛知県,高校,愛知県立豊橋工科高等学校
中部,愛知県,高校,愛知県立成章高等学校
中部,愛知県,高校,愛知県立渥美農業高等学校
中部,愛知県,高校,愛知県立福江高等学校
中部,愛知県,高校,愛知県立宝陵高等学校
中部,愛知県,高校,愛知県立御津あおば高等学校
中部,愛知県,高校,愛知県立豊橋商業高等学校
中部,愛知県,高校,愛知県立豊橋東高等学校
中部,愛知県,高校,愛知県立豊丘高等学校
中部,愛知県,高校,愛知県立国府高等学校
中部,愛知県,高校,愛知県立豊川工科高等学校
中部,愛知県,高校,愛知県立蒲郡高等学校
中部,愛知県,高校,愛知県立三谷水産高等学校
中部,愛知県,高校,愛知県立蒲郡東高等学校
中部,愛知県,高校,愛知県立豊橋南高等学校
中部,愛知県,高校,愛知県立小坂井高等学校
中部,愛知県,高校,愛知県立豊橋西高等学校
中部,愛知県,高校,名古屋市立名古屋商業高等学校
中部,愛知県,高校,名古屋市立菊里高等学校
中部,愛知県,高校,名古屋市立工芸高等学校
中部,愛知県,高校,名古屋市立北高等学校
中部,愛知県,高校,名古屋市立西陵高等学校
中部,愛知県,高校,名古屋市立中央高等学校
中部,愛知県,高校,名古屋市立向陽高等学校
中部,愛知県,高校,名古屋市立工業高等学校
中部,愛知県,高校,名古屋市立富田高等学校
中部,愛知県,高校,名古屋市立桜台高等学校
中部,愛知県,高校,名古屋市立緑高等学校
中部,愛知県,高校,名古屋市立若宮商業高等学校
中部,愛知県,高校,名古屋市立山田高等学校
中部,愛知県,高校,名古屋市立名東高等学校
中部,愛知県,高校,豊橋市立豊橋高等学校
中部,愛知県,高校,愛知県立稲沢緑風館高等学校
中部,愛知県,高校,愛知県立津島北翔高等学校
中部,愛知県,高校,愛知高等学校
中部,愛知県,高校,愛知工業大学名電高等学校
中部,愛知県,高校,愛知淑徳高等学校
中部,愛知県,高校,椙山女学園高等学校
中部,愛知県,高校,名古屋経済大学市邨高等学校
中部,愛知県,高校,東海高等学校
中部,愛知県,高校,金城学院高等学校
中部,愛知県,高校,名古屋高等学校
中部,愛知県,高校,啓明学館高等学校
中部,愛知県,高校,名城大学附属高等学校
中部,愛知県,高校,同朋高等学校
中部,愛知県,高校,中部大学第一高等学校
中部,愛知県,高校,名古屋たちばな高等学校
中部,愛知県,高校,至学館高等学校
中部,愛知県,高校,名古屋工業高等学校
中部,愛知県,高校,桜花学園高等学校
中部,愛知県,高校,南山高等学校
中部,愛知県,高校,中京大学附属中京高等学校
中部,愛知県,高校,名古屋国際高等学校
中部,愛知県,高校,愛知みずほ大学瑞穂高等学校
中部,愛知県,高校,名古屋葵大学高等学校
中部,愛知県,高校,名古屋大谷高等学校
中部,愛知県,高校,享栄高等学校
中部,愛知県,高校,名古屋経済大学高蔵高等学校
中部,愛知県,高校,大同大学大同高等学校
中部,愛知県,高校,菊華高等学校
中部,愛知県,高校,東邦高等学校
中部,愛知県,高校,日本福祉大学付属高等学校
中部,愛知県,高校,東海学園高等学校
中部,愛知県,高校,修文学院高等学校
中部,愛知県,高校,聖霊高等学校
中部,愛知県,高校,聖カピタニオ女子高等学校
中部,愛知県,高校,中部大学春日丘高等学校
中部,愛知県,高校,清林館高等学校
中部,愛知県,高校,滝高等学校
中部,愛知県,高校,愛知啓成高等学校
中部,愛知県,高校,星城高等学校
中部,愛知県,高校,誠信高等学校
中部,愛知県,高校,愛知黎明高等学校
中部,愛知県,高校,誉高等学校
中部,愛知県,高校,栄徳高等学校
中部,愛知県,高校,大成高等学校
中部,愛知県,高校,人間環境大学附属岡崎高等学校
中部,愛知県,高校,光ヶ丘女子高等学校
中部,愛知県,高校,岡崎城西高等学校
中部,愛知県,高校,安城学園高等学校
中部,愛知県,高校,杜若高等学校
中部,愛知県,高校,愛知産業大学三河高等学校
中部,愛知県,高校,豊田大谷高等学校
中部,愛知県,高校,黄柳野高等学校
中部,愛知県,高校,ルネサンス豊田高等学校
中部,愛知県,高校,桜丘高等学校
中部,愛知県,高校,藤ノ花女子高等学校
中部,愛知県,高校,豊橋中央高等学校
中部,愛知県,高校,豊川高等学校
中部,愛知県,高校,国際高等学校
中部,愛知県,高校,ルネサンス豊田高等学校豊田駅前キャンパス
中部,愛知県,中等教育学校,海陽中等教育学校
近畿,三重県,中学,三重大学教育学部附属中学校
近畿,三重県,中学,三重県立みえ四葉ヶ咲中学校
近畿,三重県,中学,津市立橋北中学校
近畿,三重県,中学,津市立東橋内中学校
近畿,三重県,中学,津市立西橋内中学校
近畿,三重県,中学,津市立橋南中学校
近畿,三重県,中学,津市立南郊中学校
近畿,三重県,中学,津市立西郊中学校
近畿,三重県,中学,津市立一身田中学校
近畿,三重県,中学,津市立一身田中学校国児分校
近畿,三重県,中学,津市立豊里中学校
近畿,三重県,中学,津市立南が丘中学校
近畿,三重県,中学,津市立朝陽中学校
近畿,三重県,中学,津市立芸濃中学校
近畿,三重県,中学,津市立東観中学校
近畿,三重県,中学,津市立久居中学校
近畿,三重県,中学,津市立久居西中学校
近畿,三重県,中学,津市立久居東中学校
近畿,三重県,中学,津市立香海中学校
近畿,三重県,中学,津市立一志中学校
近畿,三重県,中学,津市立白山中学校
近畿,三重県,中学,津市立美杉中学校
近畿,三重県,中学,四日市市立中部中学校
近畿,三重県,中学,四日市市立橋北中学校
近畿,三重県,中学,四日市市立港中学校
近畿,三重県,中学,四日市市立塩浜中学校
近畿,三重県,中学,四日市市立山手中学校
近畿,三重県,中学,四日市市立富洲原中学校
近畿,三重県,中学,四日市市立富田中学校
近畿,三重県,中学,四日市市立笹川中学校
近畿,三重県,中学,四日市市立南中学校
近畿,三重県,中学,四日市市立西陵中学校
近畿,三重県,中学,四日市市立三滝中学校
近畿,三重県,中学,四日市市立大池中学校
近畿,三重県,中学,四日市市立朝明中学校
近畿,三重県,中学,四日市市立保々中学校
近畿,三重県,中学,四日市市立常磐中学校
近畿,三重県,中学,四日市市立西笹川中学校
近畿,三重県,中学,四日市市立三重平中学校
近畿,三重県,中学,四日市市立羽津中学校
近畿,三重県,中学,四日市市立西朝明中学校
近畿,三重県,中学,四日市市立桜中学校
近畿,三重県,中学,四日市市立内部中学校
近畿,三重県,中学,四日市市立楠中学校
近畿,三重県,中学,伊勢市立倉田山中学校
近畿,三重県,中学,伊勢市立厚生中学校
近畿,三重県,中学,伊勢市立港中学校
近畿,三重県,中学,伊勢市立城田中学校
近畿,三重県,中学,伊勢市立五十鈴中学校
近畿,三重県,中学,伊勢市立伊勢宮川中学校
近畿,三重県,中学,伊勢市立桜浜中学校
近畿,三重県,中学,伊勢市立二見中学校
近畿,三重県,中学,伊勢市立小俣中学校
近畿,三重県,中学,伊勢市立御薗中学校
近畿,三重県,中学,松阪市立殿町中学校
近畿,三重県,中学,松阪市立鎌田中学校
近畿,三重県,中学,松阪市立久保中学校
近畿,三重県,中学,松阪市立東部中学校
近畿,三重県,中学,松阪市立中部中学校
近畿,三重県,中学,松阪市立大江中学校
近畿,三重県,中学,松阪市立西中学校
近畿,三重県,中学,松阪市立嬉野中学校
近畿,三重県,中学,松阪市立三雲中学校
近畿,三重県,中学,松阪市立飯南中学校
近畿,三重県,中学,松阪市立飯高中学校
近畿,三重県,中学,桑名市立成徳中学校
近畿,三重県,中学,桑名市立明正中学校
近畿,三重県,中学,桑名市立光風中学校
近畿,三重県,中学,桑名市立陽和中学校
近畿,三重県,中学,桑名市立正和中学校
近畿,三重県,中学,桑名市立陵成中学校
近畿,三重県,中学,桑名市立光陵中学校
近畿,三重県,中学,桑名市立長島中学校
近畿,三重県,中学,桑名市立長島中学校悠分校
近畿,三重県,中学,鈴鹿市立平田野中学校
近畿,三重県,中学,鈴鹿市立白鳥中学校
近畿,三重県,中学,鈴鹿市立神戸中学校
近畿,三重県,中学,鈴鹿市立大木中学校
近畿,三重県,中学,鈴鹿市立千代崎中学校
近畿,三重県,中学,鈴鹿市立白子中学校
近畿,三重県,中学,鈴鹿市立天栄中学校
近畿,三重県,中学,鈴鹿市立鈴峰中学校
近畿,三重県,中学,鈴鹿市立鼓ヶ浦中学校
近畿,三重県,中学,鈴鹿市立創徳中学校
近畿,三重県,中学,名張市立名張中学校
近畿,三重県,中学,名張市立赤目中学校
近畿,三重県,中学,名張市立桔梗が丘中学校
近畿,三重県,中学,名張市立北中学校
近畿,三重県,中学,名張市立南中学校
近畿,三重県,中学,尾鷲市立尾鷲中学校
近畿,三重県,中学,尾鷲市立須賀利中学校
近畿,三重県,中学,尾鷲市立北輪内中学校
近畿,三重県,中学,尾鷲市立輪内中学校
近畿,三重県,中学,亀山市立亀山中学校
近畿,三重県,中学,亀山市立中部中学校
近畿,三重県,中学,亀山市立関中学校
近畿,三重県,中学,鳥羽市立答志中学校
近畿,三重県,中学,鳥羽市立神島中学校
近畿,三重県,中学,鳥羽市立鳥羽中央中学校
近畿,三重県,中学,熊野市立荒坂中学校
近畿,三重県,中学,熊野市立新鹿中学校
近畿,三重県,中学,熊野市立木本中学校
近畿,三重県,中学,熊野市立有馬中学校
近畿,三重県,中学,熊野市立神上中学校
近畿,三重県,中学,熊野市立五郷中学校
近畿,三重県,中学,熊野市立飛鳥中学校
近畿,三重県,中学,熊野市立上川中学校
近畿,三重県,中学,熊野市立入鹿中学校
近畿,三重県,中学,熊野市立西山中学校
近畿,三重県,中学,いなべ市立北勢中学校
近畿,三重県,中学,いなべ市立員弁中学校
近畿,三重県,中学,いなべ市立大安中学校
近畿,三重県,中学,いなべ市立藤原中学校
近畿,三重県,中学,志摩市立浜島中学校
近畿,三重県,中学,志摩市立大王中学校
近畿,三重県,中学,志摩市立志摩中学校
近畿,三重県,中学,志摩市立文岡中学校
近畿,三重県,中学,志摩市立東海中学校
近畿,三重県,中学,志摩市立磯部中学校
近畿,三重県,中学,伊賀市立崇広中学校
近畿,三重県,中学,伊賀市立緑ケ丘中学校
近畿,三重県,中学,伊賀市立城東中学校
近畿,三重県,中学,伊賀市立上野南中学校
近畿,三重県,中学,伊賀市立柘植中学校
近畿,三重県,中学,伊賀市立霊峰中学校
近畿,三重県,中学,伊賀市立島ヶ原中学校
近畿,三重県,中学,伊賀市立阿山中学校
近畿,三重県,中学,伊賀市立大山田中学校
近畿,三重県,中学,伊賀市立青山中学校
近畿,三重県,中学,木曽岬町立木曽岬中学校
近畿,三重県,中学,東員町立東員第一中学校
近畿,三重県,中学,東員町立東員第二中学校
近畿,三重県,中学,菰野町立菰野中学校
近畿,三重県,中学,菰野町立八風中学校
近畿,三重県,中学,朝日町立朝日中学校
近畿,三重県,中学,川越町立川越中学校
近畿,三重県,中学,多気町立勢和中学校
近畿,三重県,中学,多気郡多気町松阪市学校組合立多気中学校
近畿,三重県,中学,明和町立明和中学校
近畿,三重県,中学,大台町立大台中学校
近畿,三重県,中学,大台町立宮川中学校
近畿,三重県,中学,玉城町立玉城中学校
近畿,三重県,中学,度会町立度会中学校
近畿,三重県,中学,大紀町立大紀中学校
近畿,三重県,中学,南伊勢町立南勢中学校
近畿,三重県,中学,南伊勢町立南島中学校
近畿,三重県,中学,紀北町立紀北中学校
近畿,三重県,中学,紀北町立赤羽中学校
近畿,三重県,中学,紀北町立潮南中学校
近畿,三重県,中学,紀北町立三船中学校
近畿,三重県,中学,御浜町立御浜中学校
近畿,三重県,中学,御浜町立阿田和中学校
近畿,三重県,中学,御浜町立尾呂志学園中学校
近畿,三重県,中学,紀宝町立相野谷中学校
近畿,三重県,中学,紀宝町立矢渕中学校
近畿,三重県,中学,高田中学校
近畿,三重県,中学,セントヨゼフ女子学園中学校
近畿,三重県,中学,暁中学校
近畿,三重県,中学,海星中学校
近畿,三重県,中学,四日市メリノール学院中学校
近畿,三重県,中学,皇學館中学校
近畿,三重県,中学,三重中学校
近畿,三重県,中学,津田学園中学校
近畿,三重県,中学,桜丘中学校
近畿,三重県,高校,三重県立桑名高等学校
近畿,三重県,高校,三重県立桑名西高等学校
近畿,三重県,高校,三重県立桑名北高等学校
近畿,三重県,高校,三重県立桑名工業高等学校
近畿,三重県,高校,三重県立いなべ総合学園高等学校
近畿,三重県,高校,三重県立川越高等学校
近畿,三重県,高校,三重県立四日市高等学校
近畿,三重県,高校,三重県立四日市南高等学校
近畿,三重県,高校,三重県立四日市西高等学校
近畿,三重県,高校,三重県立朝明高等学校
近畿,三重県,高校,三重県立四日市四郷高等学校
近畿,三重県,高校,三重県立四日市農芸高等学校
近畿,三重県,高校,三重県立四日市工業高等学校
近畿,三重県,高校,三重県立四日市中央工業高等学校
近畿,三重県,高校,三重県立四日市商業高等学校
近畿,三重県,高校,三重県立北星高等学校
近畿,三重県,高校,三重県立菰野高等学校
近畿,三重県,高校,三重県立神戸高等学校
近畿,三重県,高校,三重県立白子高等学校
近畿,三重県,高校,三重県立石薬師高等学校
近畿,三重県,高校,三重県立稲生高等学校
近畿,三重県,高校,三重県立飯野高等学校
近畿,三重県,高校,三重県立亀山高等学校
近畿,三重県,高校,三重県立津高等学校
近畿,三重県,高校,三重県立津西高等学校
近畿,三重県,高校,三重県立津東高等学校
近畿,三重県,高校,三重県立津工業高等学校
近畿,三重県,高校,三重県立津商業高等学校
近畿,三重県,高校,三重県立みえ夢学園高等学校
近畿,三重県,高校,三重県立久居高等学校
近畿,三重県,高校,三重県立久居農林高等学校
近畿,三重県,高校,三重県立白山高等学校
近畿,三重県,高校,三重県立松阪高等学校
近畿,三重県,高校,三重県立松阪工業高等学校
近畿,三重県,高校,三重県立松阪商業高等学校
近畿,三重県,高校,三重県立飯南高等学校
近畿,三重県,高校,三重県立相可高等学校
近畿,三重県,高校,三重県立昴学園高等学校
近畿,三重県,高校,三重県立宇治山田高等学校
近畿,三重県,高校,三重県立伊勢高等学校
近畿,三重県,高校,三重県立伊勢工業高等学校
近畿,三重県,高校,三重県立宇治山田商業高等学校
近畿,三重県,高校,三重県立伊勢まなび高等学校
近畿,三重県,高校,三重県立明野高等学校
近畿,三重県,高校,三重県立南伊勢高等学校　度会校舎
近畿,三重県,高校,三重県立鳥羽高等学校
近畿,三重県,高校,三重県立志摩高等学校
近畿,三重県,高校,三重県立水産高等学校
近畿,三重県,高校,三重県立上野高等学校
近畿,三重県,高校,三重県立伊賀白鳳高等学校
近畿,三重県,高校,三重県立あけぼの学園高等学校
近畿,三重県,高校,三重県立名張青峰高等学校
近畿,三重県,高校,三重県立名張高等学校
近畿,三重県,高校,三重県立尾鷲高等学校
近畿,三重県,高校,三重県立木本高等学校
近畿,三重県,高校,三重県立紀南高等学校
近畿,三重県,高校,三重県立熊野青藍高等学校木本校舎
近畿,三重県,高校,三重県立熊野青藍高等学校紀南校舎
近畿,三重県,高校,津田学園高等学校
近畿,三重県,高校,暁高等学校
近畿,三重県,高校,海星高等学校
近畿,三重県,高校,四日市メリノール学院高等学校
近畿,三重県,高校,鈴鹿高等学校
近畿,三重県,高校,高田高等学校
近畿,三重県,高校,セントヨゼフ女子学園高等学校
近畿,三重県,高校,青山高等学校
近畿,三重県,高校,三重高等学校
近畿,三重県,高校,皇學館高等学校
近畿,三重県,高校,伊勢学園高等学校
近畿,三重県,高校,愛農学園農業高等学校
近畿,三重県,高校,桜丘高等学校
近畿,三重県,高校,大橋学園高等学校
近畿,三重県,高校,徳風高等学校
近畿,三重県,高校,一志学園高等学校
近畿,三重県,高校,英心高等学校
近畿,三重県,高校,代々木高等学校
近畿,三重県,#N/A,神村学園高等部伊賀分校
近畿,三重県,高校,英心高等学校桔梗が丘校
近畿,三重県,高校,みえ大台おおぞら高等学校（広域通信制）
近畿,三重県,中等教育学校,鈴鹿中等教育学校
近畿,滋賀県,中学,滋賀大学教育学部附属中学校
近畿,滋賀県,中学,大津市立堅田中学校
近畿,滋賀県,中学,大津市立葛川中学校
近畿,滋賀県,中学,大津市立伊香立中学校
近畿,滋賀県,中学,大津市立日吉中学校
近畿,滋賀県,中学,大津市立皇子山中学校
近畿,滋賀県,中学,大津市立打出中学校
近畿,滋賀県,中学,大津市立粟津中学校
近畿,滋賀県,中学,大津市立石山中学校
近畿,滋賀県,中学,大津市立田上中学校
近畿,滋賀県,中学,大津市立瀬田中学校
近畿,滋賀県,中学,大津市立唐崎中学校
近畿,滋賀県,中学,大津市立北大路中学校
近畿,滋賀県,中学,大津市立瀬田北中学校
近畿,滋賀県,中学,大津市立南郷中学校
近畿,滋賀県,中学,大津市立真野中学校
近畿,滋賀県,中学,大津市立仰木中学校
近畿,滋賀県,中学,大津市立青山中学校
近畿,滋賀県,中学,大津市立志賀中学校
近畿,滋賀県,中学,彦根市立東中学校
近畿,滋賀県,中学,彦根市立西中学校
近畿,滋賀県,中学,彦根市立南中学校
近畿,滋賀県,中学,彦根市立鳥居本中学校
近畿,滋賀県,中学,彦根市立稲枝中学校
近畿,滋賀県,中学,彦根市立中央中学校
近畿,滋賀県,中学,彦根市立彦根中学校
近畿,滋賀県,中学,長浜市立西中学校
近畿,滋賀県,中学,長浜市立北中学校
近畿,滋賀県,中学,長浜市立東中学校
近畿,滋賀県,中学,長浜市立南中学校
近畿,滋賀県,中学,長浜市立浅井中学校
近畿,滋賀県,中学,長浜市立びわ中学校
近畿,滋賀県,中学,長浜市立湖北中学校
近畿,滋賀県,中学,長浜市立高月中学校
近畿,滋賀県,中学,長浜市立木之本中学校
近畿,滋賀県,中学,長浜市立西浅井中学校
近畿,滋賀県,中学,近江八幡市立八幡中学校
近畿,滋賀県,中学,近江八幡市立八幡東中学校
近畿,滋賀県,中学,近江八幡市立八幡西中学校
近畿,滋賀県,中学,近江八幡市立安土中学校
近畿,滋賀県,中学,草津市立草津中学校
近畿,滋賀県,中学,草津市立松原中学校
近畿,滋賀県,中学,草津市立老上中学校
近畿,滋賀県,中学,草津市立新堂中学校
近畿,滋賀県,中学,草津市立高穂中学校
近畿,滋賀県,中学,草津市立玉川中学校
近畿,滋賀県,中学,守山市立守山中学校
近畿,滋賀県,中学,守山市立守山北中学校
近畿,滋賀県,中学,守山市立守山南中学校
近畿,滋賀県,中学,守山市立明富中学校
近畿,滋賀県,中学,栗東市立栗東中学校
近畿,滋賀県,中学,栗東市立栗東西中学校
近畿,滋賀県,中学,栗東市立葉山中学校
近畿,滋賀県,中学,甲賀市立水口中学校
近畿,滋賀県,中学,甲賀市立城山中学校
近畿,滋賀県,中学,甲賀市立土山中学校
近畿,滋賀県,中学,甲賀市立甲賀中学校
近畿,滋賀県,中学,甲賀市立甲南中学校
近畿,滋賀県,中学,甲賀市立信楽中学校
近畿,滋賀県,中学,野洲市立中主中学校
近畿,滋賀県,中学,野洲市立野洲中学校
近畿,滋賀県,中学,野洲市立野洲北中学校
近畿,滋賀県,中学,湖南市立石部中学校
近畿,滋賀県,中学,湖南市立甲西中学校
近畿,滋賀県,中学,湖南市立日枝中学校
近畿,滋賀県,中学,湖南市立甲西北中学校
近畿,滋賀県,中学,高島市立マキノ中学校
近畿,滋賀県,中学,高島市立今津中学校
近畿,滋賀県,中学,高島市立朽木中学校
近畿,滋賀県,中学,高島市立安曇川中学校
近畿,滋賀県,中学,高島市立高島中学校
近畿,滋賀県,中学,高島市立湖西中学校
近畿,滋賀県,中学,東近江市立玉園中学校
近畿,滋賀県,中学,東近江市立聖徳中学校
近畿,滋賀県,中学,東近江市立船岡中学校
近畿,滋賀県,中学,東近江市立永源寺中学校
近畿,滋賀県,中学,東近江市立五個荘中学校
近畿,滋賀県,中学,東近江市立愛東中学校
近畿,滋賀県,中学,東近江市立湖東中学校
近畿,滋賀県,中学,東近江市立朝桜中学校
近畿,滋賀県,中学,東近江市立能登川中学校
近畿,滋賀県,中学,米原市立柏原中学校
近畿,滋賀県,中学,米原市立大東中学校
近畿,滋賀県,中学,米原市立伊吹山中学校
近畿,滋賀県,中学,米原市立米原中学校
近畿,滋賀県,中学,米原市立河南中学校
近畿,滋賀県,中学,米原市立双葉中学校
近畿,滋賀県,中学,日野町立日野中学校
近畿,滋賀県,中学,竜王町立竜王中学校
近畿,滋賀県,中学,愛荘町立秦荘中学校
近畿,滋賀県,中学,愛荘町立愛知中学校
近畿,滋賀県,中学,豊郷町立豊日中学校
近畿,滋賀県,中学,甲良町立甲良中学校
近畿,滋賀県,中学,多賀町立多賀中学校
近畿,滋賀県,中学,滋賀県立河瀬中学校
近畿,滋賀県,中学,滋賀県立守山中学校
近畿,滋賀県,中学,滋賀県立水口東中学校
近畿,滋賀県,中学,比叡山中学校
近畿,滋賀県,中学,幸福の科学学園関西中学校
近畿,滋賀県,中学,近江兄弟社中学校
近畿,滋賀県,中学,光泉カトリック中学校
近畿,滋賀県,中学,立命館守山中学校
近畿,滋賀県,高校,滋賀県立膳所高等学校
近畿,滋賀県,高校,滋賀県立堅田高等学校
近畿,滋賀県,高校,滋賀県立東大津高等学校
近畿,滋賀県,高校,滋賀県立北大津高等学校
近畿,滋賀県,高校,滋賀県立大津高等学校
近畿,滋賀県,高校,滋賀県立石山高等学校
近畿,滋賀県,高校,滋賀県立瀬田工業高等学校
近畿,滋賀県,高校,滋賀県立大津商業高等学校
近畿,滋賀県,高校,滋賀県立大津清陵高等学校
近畿,滋賀県,高校,滋賀県立大津清陵高等学校馬場分校
近畿,滋賀県,高校,滋賀県立彦根東高等学校
近畿,滋賀県,高校,滋賀県立河瀬高等学校
近畿,滋賀県,高校,滋賀県立彦根工業高等学校
近畿,滋賀県,高校,滋賀県立彦根翔西館高等学校
近畿,滋賀県,高校,滋賀県立長浜北高等学校
近畿,滋賀県,高校,滋賀県立虎姫高等学校
近畿,滋賀県,高校,滋賀県立伊香高等学校
近畿,滋賀県,高校,滋賀県立長浜農業高等学校
近畿,滋賀県,高校,滋賀県立長浜北星高等学校
近畿,滋賀県,高校,滋賀県立八幡高等学校
近畿,滋賀県,高校,滋賀県立八幡工業高等学校
近畿,滋賀県,高校,滋賀県立八幡商業高等学校
近畿,滋賀県,高校,滋賀県立草津東高等学校
近畿,滋賀県,高校,滋賀県立草津高等学校
近畿,滋賀県,高校,滋賀県立玉川高等学校
近畿,滋賀県,高校,滋賀県立湖南農業高等学校
近畿,滋賀県,高校,滋賀県立守山高等学校
近畿,滋賀県,高校,滋賀県立守山北高等学校
近畿,滋賀県,高校,滋賀県立栗東高等学校
近畿,滋賀県,高校,滋賀県立国際情報高等学校
近畿,滋賀県,高校,滋賀県立水口高等学校
近畿,滋賀県,高校,滋賀県立水口東高等学校
近畿,滋賀県,高校,滋賀県立甲南高等学校
近畿,滋賀県,高校,滋賀県立信楽高等学校
近畿,滋賀県,高校,滋賀県立野洲高等学校
近畿,滋賀県,高校,滋賀県立石部高等学校
近畿,滋賀県,高校,滋賀県立甲西高等学校
近畿,滋賀県,高校,滋賀県立高島高等学校
近畿,滋賀県,高校,滋賀県立安曇川高等学校
近畿,滋賀県,高校,滋賀県立八日市高等学校
近畿,滋賀県,高校,滋賀県立能登川高等学校
近畿,滋賀県,高校,滋賀県立八日市南高等学校
近畿,滋賀県,高校,滋賀県立伊吹高等学校
近畿,滋賀県,高校,滋賀県立米原高等学校
近畿,滋賀県,高校,滋賀県立日野高等学校
近畿,滋賀県,高校,滋賀県立愛知高等学校
近畿,滋賀県,高校,比叡山高等学校
近畿,滋賀県,高校,滋賀短期大学附属高等学校
近畿,滋賀県,高校,幸福の科学学園関西高等学校
近畿,滋賀県,高校,近江高等学校
近畿,滋賀県,高校,彦根総合高等学校
近畿,滋賀県,高校,近江兄弟社高等学校
近畿,滋賀県,高校,光泉カトリック高等学校
近畿,滋賀県,高校,綾羽高等学校
近畿,滋賀県,高校,立命館守山高等学校
近畿,滋賀県,高校,ＥＣＣ学園高等学校
近畿,滋賀県,高校,滋賀学園高等学校
近畿,滋賀県,高校,司学館高等学校
近畿,滋賀県,中等教育学校,ＭＩＨＯ美学院中等教育学校
近畿,京都府,中学,京都教育大学附属桃山中学校
近畿,京都府,中学,京都市立加茂川中学校
近畿,京都府,中学,京都市立雲ケ畑中学校
近畿,京都府,中学,京都市立衣笠中学校
近畿,京都府,中学,京都市立旭丘中学校
近畿,京都府,中学,京都市立小野郷中学校
近畿,京都府,中学,京都市立烏丸中学校
近畿,京都府,中学,京都市立上京中学校
近畿,京都府,中学,京都市立嘉楽中学校
近畿,京都府,中学,京都市立二条中学校
近畿,京都府,中学,京都市立岡崎中学校
近畿,京都府,中学,京都市立高野中学校
近畿,京都府,中学,京都市立下鴨中学校
近畿,京都府,中学,京都市立近衛中学校
近畿,京都府,中学,京都市立修学院中学校
近畿,京都府,中学,京都市立洛北中学校
近畿,京都府,中学,京都市立北野中学校
近畿,京都府,中学,京都市立朱雀中学校
近畿,京都府,中学,京都市立中京中学校
近畿,京都府,中学,京都市立松原中学校
近畿,京都府,中学,京都市立西ノ京中学校
近畿,京都府,中学,京都市立山科中学校
近畿,京都府,中学,京都市立音羽中学校
近畿,京都府,中学,京都市立花山中学校
近畿,京都府,中学,京都市立七条中学校
近畿,京都府,中学,京都市立洛南中学校
近畿,京都府,中学,京都市立九条中学校
近畿,京都府,中学,京都市立八条中学校
近畿,京都府,中学,京都市立蜂ヶ岡中学校
近畿,京都府,中学,京都市立四条中学校
近畿,京都府,中学,京都市立西院中学校
近畿,京都府,中学,京都市立桂中学校
近畿,京都府,中学,京都市立双ヶ丘中学校
近畿,京都府,中学,京都市立深草中学校
近畿,京都府,中学,京都市立藤森中学校
近畿,京都府,中学,京都市立桃山中学校
近畿,京都府,中学,京都市立伏見中学校
近畿,京都府,中学,京都市立醍醐中学校
近畿,京都府,中学,京都市立桃陵中学校
近畿,京都府,中学,京都市立嵯峨中学校
近畿,京都府,中学,京都市立安祥寺中学校
近畿,京都府,中学,京都市立久世中学校
近畿,京都府,中学,京都市立栗陵中学校
近畿,京都府,中学,京都市立樫原中学校
近畿,京都府,中学,京都市立大淀中学校
近畿,京都府,中学,京都市立梅津中学校
近畿,京都府,中学,京都市立勧修中学校
近畿,京都府,中学,京都市立太秦中学校
近畿,京都府,中学,京都市立神川中学校
近畿,京都府,中学,京都市立桂川中学校
近畿,京都府,中学,京都市立洛西中学校
近畿,京都府,中学,京都市立西京極中学校
近畿,京都府,中学,京都市立向島東中学校
近畿,京都府,中学,京都市立松尾中学校
近畿,京都府,中学,京都市立西賀茂中学校
近畿,京都府,中学,京都市立春日丘中学校
近畿,京都府,中学,京都市立大宅中学校
近畿,京都府,中学,京都市立大枝中学校
近畿,京都府,中学,京都市立洛水中学校
近畿,京都府,中学,京都市立大原野中学校
近畿,京都府,中学,福知山市立桃映中学校
近畿,京都府,中学,福知山市立南陵中学校
近畿,京都府,中学,福知山市立成和中学校
近畿,京都府,中学,福知山市立六人部中学校
近畿,京都府,中学,福知山市立川口中学校
近畿,京都府,中学,舞鶴市立青葉中学校
近畿,京都府,中学,舞鶴市立白糸中学校
近畿,京都府,中学,舞鶴市立和田中学校
近畿,京都府,中学,舞鶴市立城南中学校
近畿,京都府,中学,舞鶴市立城北中学校
近畿,京都府,中学,綾部市立綾部中学校
近畿,京都府,中学,綾部市立何北中学校
近畿,京都府,中学,綾部市立八田中学校
近畿,京都府,中学,綾部市立東綾中学校
近畿,京都府,中学,綾部市立上林中学校
近畿,京都府,中学,綾部市立豊里中学校
近畿,京都府,中学,宇治市立東宇治中学校
近畿,京都府,中学,宇治市立宇治中学校
近畿,京都府,中学,宇治市立西宇治中学校
近畿,京都府,中学,宮津市立宮津中学校
近畿,京都府,中学,宮津市立栗田中学校
近畿,京都府,中学,亀岡市立南桑中学校
近畿,京都府,中学,亀岡市立亀岡中学校
近畿,京都府,中学,宇治市立北宇治中学校
近畿,京都府,中学,長岡京市立長岡第二中学校
近畿,京都府,中学,宇治市立木幡中学校
近畿,京都府,中学,城陽市立西城陽中学校
近畿,京都府,中学,向日市立西ノ岡中学校
近畿,京都府,中学,宇治市立南宇治中学校
近畿,京都府,中学,長岡京市立長岡第三中学校
近畿,京都府,中学,福知山市立日新中学校
近畿,京都府,中学,宇治市立西小倉中学校
近畿,京都府,中学,亀岡市立東輝中学校
近畿,京都府,中学,城陽市立南城陽中学校
近畿,京都府,中学,城陽市立東城陽中学校
近畿,京都府,中学,城陽市立北城陽中学校
近畿,京都府,中学,向日市立寺戸中学校
近畿,京都府,中学,宇治市立槇島中学校
近畿,京都府,中学,亀岡市立大成中学校
近畿,京都府,中学,舞鶴市立若浦中学校
近畿,京都府,中学,宇治市立広野中学校
近畿,京都府,中学,長岡京市立長岡第四中学校
近畿,京都府,中学,八幡市立男山東中学校
近畿,京都府,中学,亀岡市立詳徳中学校
近畿,京都府,中学,向日市立勝山中学校
近畿,京都府,中学,長岡京市立長岡中学校
近畿,京都府,中学,城陽市立城陽中学校
近畿,京都府,中学,八幡市立男山中学校
近畿,京都府,中学,京田辺市立田辺中学校
近畿,京都府,中学,井手町立泉ヶ丘中学校
近畿,京都府,中学,宇治田原町立維孝館中学校
近畿,京都府,中学,木津川市立山城中学校
近畿,京都府,中学,木津川市立木津中学校
近畿,京都府,中学,木津川市立泉川中学校
近畿,京都府,中学,相楽東部広域連合立笠置中学校
近畿,京都府,中学,相楽東部広域連合立和束中学校
近畿,京都府,中学,精華町立精華中学校
近畿,京都府,中学,南丹市立園部中学校
近畿,京都府,中学,南丹市立八木中学校
近畿,京都府,中学,京丹波町立蒲生野中学校
近畿,京都府,中学,南丹市立殿田中学校
近畿,京都府,中学,京丹波町立瑞穂中学校
近畿,京都府,中学,京丹波町立和知中学校
近畿,京都府,中学,福知山市立三和中学校
近畿,京都府,中学,福知山市立大江中学校
近畿,京都府,中学,与謝野町立加悦中学校
近畿,京都府,中学,与謝野町宮津市中学校組合立橋立中学校
近畿,京都府,中学,与謝野町立江陽中学校
近畿,京都府,中学,伊根町立伊根中学校
近畿,京都府,中学,京丹後市立峰山中学校
近畿,京都府,中学,京丹後市立大宮中学校
近畿,京都府,中学,京丹後市立網野中学校
近畿,京都府,中学,京丹後市立丹後中学校
近畿,京都府,中学,京丹後市立弥栄中学校
近畿,京都府,中学,京丹後市立久美浜中学校
近畿,京都府,中学,大山崎町立大山崎中学校
近畿,京都府,中学,八幡市立男山第二中学校
近畿,京都府,中学,久御山町立久御山中学校
近畿,京都府,中学,八幡市立男山第三中学校
近畿,京都府,中学,京田辺市立大住中学校
近畿,京都府,中学,京田辺市立培良中学校
近畿,京都府,中学,木津川市立木津第二中学校
近畿,京都府,中学,精華町立精華南中学校
近畿,京都府,中学,南丹市立美山中学校
近畿,京都府,中学,福知山市立夜久野中学校
近畿,京都府,中学,精華町立精華西中学校
近畿,京都府,中学,京都市立京都御池中学校
近畿,京都府,中学,京都府立洛北高等学校附属中学校
近畿,京都府,中学,京都市立西京高等学校附属中学校
近畿,京都府,中学,京都市立洛風中学校
近畿,京都府,中学,京都府立園部高等学校附属中学校
近畿,京都府,中学,京都市立下京中学校
近畿,京都府,中学,京都市立洛友中学校
近畿,京都府,中学,舞鶴市立加佐中学校
近畿,京都府,中学,木津川市立木津南中学校
近畿,京都府,中学,宇治市立黄檗中学校
近畿,京都府,中学,京都府立福知山高等学校附属中学校
近畿,京都府,中学,南丹市立桜が丘中学校
近畿,京都府,中学,京都府立南陽高等学校附属中学校
近畿,京都府,中学,洛星中学校
近畿,京都府,中学,同志社中学校
近畿,京都府,中学,同志社女子中学校
近畿,京都府,中学,平安女学院中学校
近畿,京都府,中学,京都産業大学附属中学校
近畿,京都府,中学,京都文教中学校
近畿,京都府,中学,東山中学校
近畿,京都府,中学,両洋中学校
近畿,京都府,中学,華頂女子中学校
近畿,京都府,中学,京都女子中学校
近畿,京都府,中学,大谷中学校
近畿,京都府,中学,一燈園中学校
近畿,京都府,中学,龍谷大学付属平安中学校
近畿,京都府,中学,京都光華中学校
近畿,京都府,中学,京都聖母学院中学校
近畿,京都府,中学,洛南高等学校附属中学校
近畿,京都府,中学,京都精華学園中学校
近畿,京都府,中学,京都共栄学園中学校
近畿,京都府,中学,同志社国際中学校
近畿,京都府,中学,京都先端科学大学附属中学校
近畿,京都府,中学,立命館宇治中学校
近畿,京都府,中学,花園中学校
近畿,京都府,中学,京都国際中学校
近畿,京都府,中学,京都橘中学校
近畿,京都府,中学,立命館中学校
近畿,京都府,中学,洛星ノートルダム女学院中学校
近畿,京都府,高校,京都教育大学附属高等学校
近畿,京都府,高校,京都府立山城高等学校
近畿,京都府,高校,京都市立紫野高等学校
近畿,京都府,高校,京都府立鴨沂高等学校
近畿,京都府,高校,京都府立洛北高等学校
近畿,京都府,高校,京都府立朱雀高等学校
近畿,京都府,高校,京都市立西京高等学校
近畿,京都府,高校,京都市立堀川高等学校
近畿,京都府,高校,京都府立洛東高等学校
近畿,京都府,高校,京都市立日吉ケ丘高等学校
近畿,京都府,高校,京都府立嵯峨野高等学校
近畿,京都府,高校,京都府立桂高等学校
近畿,京都府,高校,京都府立桃山高等学校
近畿,京都府,高校,京都府立北嵯峨高等学校
近畿,京都府,高校,京都府立東稜高等学校
近畿,京都府,高校,京都府立洛水高等学校
近畿,京都府,高校,京都府立洛西高等学校
近畿,京都府,高校,京都府立北稜高等学校
近畿,京都府,高校,京都市立美術工芸高等学校
近畿,京都府,高校,京都府立鳥羽高等学校
近畿,京都府,高校,京都府立京都すばる高等学校
近畿,京都府,高校,京都市立京都堀川音楽高等学校
近畿,京都府,高校,京都府立福知山高等学校
近畿,京都府,高校,京都府立福知山高等学校三和分校
近畿,京都府,高校,京都府立工業高等学校
近畿,京都府,高校,京都府立西舞鶴高等学校
近畿,京都府,高校,京都府立東舞鶴高等学校
近畿,京都府,高校,京都府立東舞鶴高等学校浮島分校
近畿,京都府,高校,京都府立綾部高等学校
近畿,京都府,高校,京都府立海洋高等学校
近畿,京都府,高校,京都府立亀岡高等学校
近畿,京都府,高校,京都府立東宇治高等学校
近畿,京都府,高校,京都府立向陽高等学校
近畿,京都府,高校,京都府立南丹高等学校
近畿,京都府,高校,京都府立西城陽高等学校
近畿,京都府,高校,京都府立西乙訓高等学校
近畿,京都府,高校,京都府立綾部高等学校東分校
近畿,京都府,高校,京都府立莵道高等学校
近畿,京都府,高校,京都府立乙訓高等学校
近畿,京都府,高校,京都府立田辺高等学校
近畿,京都府,高校,京都府立木津高等学校
近畿,京都府,高校,京都府立北桑田高等学校
近畿,京都府,高校,京都府立園部高等学校
近畿,京都府,高校,京都府立須知高等学校
近畿,京都府,高校,京都府立大江高等学校
近畿,京都府,高校,京都府立峰山高等学校
近畿,京都府,高校,京都府立城陽高等学校
近畿,京都府,高校,京都府立北桑田高等学校美山分校
近畿,京都府,高校,京都府立久御山高等学校
近畿,京都府,高校,京都府立農芸高等学校
近畿,京都府,高校,京都府立南陽高等学校
近畿,京都府,高校,京都府立京都八幡高等学校
近畿,京都府,高校,京都府立京都八幡高等学校南分校
近畿,京都府,高校,京都府立城南菱創高等学校
近畿,京都府,高校,京都府立清明高等学校
近畿,京都府,高校,京都市立京都工学院高等学校
近畿,京都府,高校,京都府立宮津天橋高等学校宮津学舎
近畿,京都府,高校,京都府立宮津天橋高等学校加悦谷学舎
近畿,京都府,高校,京都府立丹後緑風高等学校網野学舎
近畿,京都府,高校,京都府立丹後緑風高等学校久美浜学舎
近畿,京都府,高校,京都府立清新高等学校
近畿,京都府,高校,京都市立京都奏和高等学校
近畿,京都府,高校,京都市立開建高等学校
近畿,京都府,高校,洛星高等学校
近畿,京都府,高校,同志社女子高等学校
近畿,京都府,高校,京都産業大学附属高等学校
近畿,京都府,高校,平安女学院高等学校
近畿,京都府,高校,京都橘高等学校
近畿,京都府,高校,同志社高等学校
近畿,京都府,高校,東山高等学校
近畿,京都府,高校,京都精華学園高等学校
近畿,京都府,高校,京都文教高等学校
近畿,京都府,高校,京都両洋高等学校
近畿,京都府,高校,洛陽総合高等学校
近畿,京都府,高校,大谷高等学校
近畿,京都府,高校,一燈園高等学校
近畿,京都府,高校,華頂女子高等学校
近畿,京都府,高校,京都女子高等学校
近畿,京都府,高校,龍谷大学付属平安高等学校
近畿,京都府,高校,京都明徳高等学校
近畿,京都府,高校,洛南高等学校
近畿,京都府,高校,京都先端科学大学附属高等学校
近畿,京都府,高校,花園高等学校
近畿,京都府,高校,京都光華高等学校
近畿,京都府,高校,京都外大西高等学校
近畿,京都府,高校,京都聖母学院高等学校
近畿,京都府,高校,京都成章高等学校
近畿,京都府,高校,福知山成美高等学校
近畿,京都府,高校,福知山淑徳高等学校
近畿,京都府,高校,京都共栄学園高等学校
近畿,京都府,高校,日星高等学校
近畿,京都府,高校,立命館宇治高等学校
近畿,京都府,高校,京都暁星高等学校
近畿,京都府,高校,京都西山高等学校
近畿,京都府,高校,京都聖カタリナ高等学校
近畿,京都府,高校,同志社国際高等学校
近畿,京都府,高校,京都廣学館高等学校
近畿,京都府,高校,京都美山高等学校
近畿,京都府,高校,京都翔英高等学校
近畿,京都府,高校,京都芸術高等学校
近畿,京都府,高校,京都国際高等学校
近畿,京都府,高校,京都つくば開成高等学校
近畿,京都府,高校,立命館高等学校
近畿,京都府,高校,京都芸術大学附属高等学校
近畿,京都府,高校,京都長尾谷高等学校
近畿,京都府,高校,京都文教大学附属宇治高等学校
近畿,京都府,高校,洛星ノートルダム女学院高等学校
近畿,大阪府,中学,大阪教育大学附属天王寺中学校
近畿,大阪府,中学,大阪教育大学附属平野中学校
近畿,大阪府,中学,大阪教育大学附属池田中学校
近畿,大阪府,中学,大阪市立北稜中学校
近畿,大阪府,中学,大阪市立天満中学校
近畿,大阪府,中学,大阪市立高倉中学校
近畿,大阪府,中学,大阪市立桜宮中学校
近畿,大阪府,中学,大阪市立都島中学校
近畿,大阪府,中学,大阪市立淀川中学校
近畿,大阪府,中学,大阪市立友渕中学校
近畿,大阪府,中学,大阪市立八阪中学校
近畿,大阪府,中学,大阪市立下福島中学校
近畿,大阪府,中学,大阪市立野田中学校
近畿,大阪府,中学,大阪市立春日出中学校
近畿,大阪府,中学,大阪市立梅香中学校
近畿,大阪府,中学,大阪市立此花中学校
近畿,大阪府,中学,大阪府立咲くやこの花中学校
近畿,大阪府,中学,大阪市立東中学校
近畿,大阪府,中学,大阪市立西中学校
近畿,大阪府,中学,大阪市立花乃井中学校
近畿,大阪府,中学,大阪市立堀江中学校
近畿,大阪府,中学,大阪市立市岡中学校
近畿,大阪府,中学,大阪市立港中学校
近畿,大阪府,中学,大阪市立港南中学校
近畿,大阪府,中学,大阪市立市岡東中学校
近畿,大阪府,中学,大阪市立築港中学校
近畿,大阪府,中学,大阪市立大正東中学校
近畿,大阪府,中学,大阪市立大正中央中学校
近畿,大阪府,中学,大阪市立大正西中学校
近畿,大阪府,中学,大阪市立大正北中学校
近畿,大阪府,中学,大阪市立天王寺中学校
近畿,大阪府,中学,大阪市立夕陽丘中学校
近畿,大阪府,中学,大阪市立高津中学校
近畿,大阪府,中学,大阪市立南中学校
近畿,大阪府,中学,大阪市立上町中学校
近畿,大阪府,中学,大阪市立難波中学校
近畿,大阪府,中学,大阪市立日本橋中学校
近畿,大阪府,中学,大阪市立木津中学校
近畿,大阪府,中学,大阪市立大淀中学校
近畿,大阪府,中学,大阪市立豊崎中学校
近畿,大阪府,中学,大阪市立新豊崎中学校
近畿,大阪府,中学,大阪市立淀中学校
近畿,大阪府,中学,大阪市立西淀中学校
近畿,大阪府,中学,大阪市立歌島中学校
近畿,大阪府,中学,大阪市立佃中学校
近畿,大阪府,中学,大阪市立十三中学校
近畿,大阪府,中学,大阪市立新北野中学校
近畿,大阪府,中学,大阪市立三国中学校
近畿,大阪府,中学,大阪市立美津島中学校
近畿,大阪府,中学,大阪市立東三国中学校
近畿,大阪府,中学,大阪市立宮原中学校
近畿,大阪府,中学,大阪市立淡路中学校
近畿,大阪府,中学,大阪市立柴島中学校
近畿,大阪府,中学,大阪市立瑞光中学校
近畿,大阪府,中学,大阪市立中島中学校
近畿,大阪府,中学,大阪市立井高野中学校
近畿,大阪府,中学,大阪市立東淀中学校
近畿,大阪府,中学,大阪市立新東淀中学校
近畿,大阪府,中学,大阪市立大桐中学校
近畿,大阪府,中学,大阪市立東陽中学校
近畿,大阪府,中学,大阪市立本庄中学校
近畿,大阪府,中学,大阪市立玉津中学校
近畿,大阪府,中学,大阪市立相生中学校
近畿,大阪府,中学,大阪市立大池中学校
近畿,大阪府,中学,大阪市立東生野中学校
近畿,大阪府,中学,大阪市立田島中学校
近畿,大阪府,中学,大阪市立巽中学校
近畿,大阪府,中学,大阪市立新生野中学校
近畿,大阪府,中学,大阪市立新巽中学校
近畿,大阪府,中学,大阪市立桃谷中学校
近畿,大阪府,中学,大阪市立旭陽中学校
近畿,大阪府,中学,大阪市立大宮中学校
近畿,大阪府,中学,大阪市立旭東中学校
近畿,大阪府,中学,大阪市立今市中学校
近畿,大阪府,中学,大阪市立放出中学校
近畿,大阪府,中学,大阪市立蒲生中学校
近畿,大阪府,中学,大阪市立城陽中学校
近畿,大阪府,中学,大阪市立菫中学校
近畿,大阪府,中学,大阪市立城東中学校
近畿,大阪府,中学,大阪市立鯰江中学校
近畿,大阪府,中学,大阪市立今津中学校
近畿,大阪府,中学,大阪市立茨田中学校
近畿,大阪府,中学,大阪市立茨田北中学校
近畿,大阪府,中学,大阪市立緑中学校
近畿,大阪府,中学,大阪市立横堤中学校
近畿,大阪府,中学,大阪市立昭和中学校
近畿,大阪府,中学,大阪市立文の里中学校
近畿,大阪府,中学,大阪市立阪南中学校
近畿,大阪府,中学,大阪市立松虫中学校
近畿,大阪府,中学,大阪市立阿倍野中学校
近畿,大阪府,中学,大阪市立住吉第一中学校
近畿,大阪府,中学,大阪市立住之江中学校
近畿,大阪府,中学,大阪市立加賀屋中学校
近畿,大阪府,中学,大阪市立新北島中学校
近畿,大阪府,中学,大阪市立南港北中学校
近畿,大阪府,中学,大阪市立南港南中学校
近畿,大阪府,中学,大阪市立真住中学校
近畿,大阪府,中学,大阪府立水都国際中学校
近畿,大阪府,中学,大阪市立三稜中学校
近畿,大阪府,中学,大阪市立我孫子中学校
近畿,大阪府,中学,大阪市立東我孫子中学校
近畿,大阪府,中学,大阪市立住吉中学校
近畿,大阪府,中学,大阪市立大和川中学校
近畿,大阪府,中学,大阪市立墨江丘中学校
近畿,大阪府,中学,大阪市立大領中学校
近畿,大阪府,中学,大阪市立我孫子南中学校
近畿,大阪府,中学,大阪市立田辺中学校
近畿,大阪府,中学,大阪市立東住吉中学校
近畿,大阪府,中学,大阪市立中野中学校
近畿,大阪府,中学,大阪市立矢田中学校
近畿,大阪府,中学,大阪市立白鷺中学校
近畿,大阪府,中学,大阪市立矢田南中学校
近畿,大阪府,中学,大阪市立矢田西中学校
近畿,大阪府,中学,大阪市立摂陽中学校
近畿,大阪府,中学,大阪市立平野中学校
近畿,大阪府,中学,大阪市立長吉中学校
近畿,大阪府,中学,大阪市立瓜破中学校
近畿,大阪府,中学,大阪市立加美中学校
近畿,大阪府,中学,大阪市立長吉西中学校
近畿,大阪府,中学,大阪市立喜連中学校
近畿,大阪府,中学,大阪市立長吉六反中学校
近畿,大阪府,中学,大阪市立瓜破西中学校
近畿,大阪府,中学,大阪市立加美南中学校
近畿,大阪府,中学,大阪市立平野北中学校
近畿,大阪府,中学,大阪市立天下茶屋中学校
近畿,大阪府,中学,大阪市立今宮中学校
近畿,大阪府,中学,大阪市立成南中学校
近畿,大阪府,中学,大阪市立鶴見橋中学校
近畿,大阪府,中学,大阪市立玉出中学校
近畿,大阪府,中学,大阪市立梅南中学校
近畿,大阪府,中学,大阪市立長谷川中学校
近畿,大阪府,中学,大阪市立弘済中学校
近畿,大阪府,中学,大阪市立弘済中学校分校
近畿,大阪府,中学,堺市立月州中学校
近畿,大阪府,中学,堺市立浅香山中学校
近畿,大阪府,中学,堺市立殿馬場中学校
近畿,大阪府,中学,堺市立三国丘中学校
近畿,大阪府,中学,堺市立金岡北中学校
近畿,大阪府,中学,堺市立八下中学校
近畿,大阪府,中学,堺市立日置荘中学校
近畿,大阪府,中学,堺市立大浜中学校
近畿,大阪府,中学,堺市立陵西中学校
近畿,大阪府,中学,堺市立旭中学校
近畿,大阪府,中学,堺市立浜寺中学校
近畿,大阪府,中学,堺市立上野芝中学校
近畿,大阪府,中学,堺市立陵南中学校
近畿,大阪府,中学,堺市立東百舌鳥中学校
近畿,大阪府,中学,堺市立泉ケ丘東中学校
近畿,大阪府,中学,堺市立福泉中学校
近畿,大阪府,中学,堺市立福泉南中学校
近畿,大阪府,中学,堺市立長尾中学校
近畿,大阪府,中学,堺市立登美丘中学校
近畿,大阪府,中学,堺市立宮山台中学校
近畿,大阪府,中学,堺市立若松台中学校
近畿,大阪府,中学,堺市立三原台中学校
近畿,大阪府,中学,堺市立晴美台中学校
近畿,大阪府,中学,堺市立原山台中学校
近畿,大阪府,中学,堺市立庭代台中学校
近畿,大阪府,中学,堺市立赤坂台中学校
近畿,大阪府,中学,堺市立金岡南中学校
近畿,大阪府,中学,堺市立美木多中学校
近畿,大阪府,中学,堺市立五箇荘中学校
近畿,大阪府,中学,堺市立鳳中学校
近畿,大阪府,中学,堺市立八田荘中学校
近畿,大阪府,中学,堺市立中百舌鳥中学校
近畿,大阪府,中学,堺市立大泉中学校
近畿,大阪府,中学,堺市立深井中学校
近畿,大阪府,中学,堺市立平井中学校
近畿,大阪府,中学,堺市立野田中学校
近畿,大阪府,中学,堺市立津久野中学校
近畿,大阪府,中学,堺市立南八下中学校
近畿,大阪府,中学,堺市立深井中央中学校
近畿,大阪府,中学,岸和田市立岸城中学校
近畿,大阪府,中学,岸和田市立光陽中学校
近畿,大阪府,中学,岸和田市立葛城中学校
近畿,大阪府,中学,岸和田市立久米田中学校
近畿,大阪府,中学,岸和田市立春木中学校
近畿,大阪府,中学,岸和田市立山滝中学校
近畿,大阪府,中学,岸和田市立山直中学校
近畿,大阪府,中学,岸和田市立北中学校
近畿,大阪府,中学,岸和田市立桜台中学校
近畿,大阪府,中学,岸和田市立野村中学校
近畿,大阪府,中学,岸和田市立土生中学校
近畿,大阪府,中学,豊中市立第一中学校
近畿,大阪府,中学,豊中市立第二中学校
近畿,大阪府,中学,豊中市立第三中学校
近畿,大阪府,中学,豊中市立第四中学校
近畿,大阪府,中学,豊中市立第五中学校
近畿,大阪府,中学,豊中市立第八中学校
近畿,大阪府,中学,豊中市立第九中学校
近畿,大阪府,中学,豊中市立第十一中学校
近畿,大阪府,中学,豊中市立第十二中学校
近畿,大阪府,中学,豊中市立第十三中学校
近畿,大阪府,中学,豊中市立第十四中学校
近畿,大阪府,中学,豊中市立第十五中学校
近畿,大阪府,中学,豊中市立第十六中学校
近畿,大阪府,中学,豊中市立第十七中学校
近畿,大阪府,中学,豊中市立第十八中学校
近畿,大阪府,中学,池田市立池田中学校
近畿,大阪府,中学,池田市立渋谷中学校
近畿,大阪府,中学,池田市立北豊島中学校
近畿,大阪府,中学,池田市立石橋中学校
近畿,大阪府,中学,吹田市立第一中学校
近畿,大阪府,中学,吹田市立第二中学校
近畿,大阪府,中学,吹田市立第三中学校
近畿,大阪府,中学,吹田市立山田中学校
近畿,大阪府,中学,吹田市立第五中学校
近畿,大阪府,中学,吹田市立高野台中学校
近畿,大阪府,中学,吹田市立青山台中学校
近畿,大阪府,中学,吹田市立竹見台中学校
近畿,大阪府,中学,吹田市立第六中学校
近畿,大阪府,中学,吹田市立古江台中学校
近畿,大阪府,中学,吹田市立豊津西中学校
近畿,大阪府,中学,吹田市立千里丘中学校
近畿,大阪府,中学,吹田市立片山中学校
近畿,大阪府,中学,吹田市立西山田中学校
近畿,大阪府,中学,吹田市立南千里中学校
近畿,大阪府,中学,吹田市立豊津中学校
近畿,大阪府,中学,吹田市立佐井寺中学校
近畿,大阪府,中学,吹田市立山田東中学校
近畿,大阪府,中学,泉大津市立東陽中学校
近畿,大阪府,中学,泉大津市立誠風中学校
近畿,大阪府,中学,泉大津市立小津中学校
近畿,大阪府,中学,高槻市立第一中学校
近畿,大阪府,中学,高槻市立第二中学校
近畿,大阪府,中学,高槻市立第三中学校
近畿,大阪府,中学,高槻市立第四中学校
近畿,大阪府,中学,高槻市立第六中学校
近畿,大阪府,中学,高槻市立第七中学校
近畿,大阪府,中学,高槻市立第八中学校
近畿,大阪府,中学,高槻市立第九中学校
近畿,大阪府,中学,高槻市立第十中学校
近畿,大阪府,中学,高槻市立柳川中学校
近畿,大阪府,中学,高槻市立五領中学校
近畿,大阪府,中学,高槻市立阿武野中学校
近畿,大阪府,中学,高槻市立城南中学校
近畿,大阪府,中学,高槻市立川西中学校
近畿,大阪府,中学,高槻市立如是中学校
近畿,大阪府,中学,高槻市立冠中学校
近畿,大阪府,中学,高槻市立芝谷中学校
近畿,大阪府,中学,高槻市立阿武山中学校
近畿,大阪府,中学,貝塚市立第一中学校
近畿,大阪府,中学,貝塚市立第二中学校
近畿,大阪府,中学,貝塚市立第三中学校
近畿,大阪府,中学,貝塚市立第四中学校
近畿,大阪府,中学,守口市立第一中学校
近畿,大阪府,中学,守口市立庭窪中学校
近畿,大阪府,中学,守口市立八雲中学校
近畿,大阪府,中学,守口市立梶中学校
近畿,大阪府,中学,守口市立大久保中学校
近畿,大阪府,中学,守口市立錦中学校
近畿,大阪府,中学,守口市立樟風中学校
近畿,大阪府,中学,枚方市立第一中学校
近畿,大阪府,中学,枚方市立第二中学校
近畿,大阪府,中学,枚方市立第三中学校
近畿,大阪府,中学,枚方市立第四中学校
近畿,大阪府,中学,枚方市立津田中学校
近畿,大阪府,中学,枚方市立枚方中学校
近畿,大阪府,中学,枚方市立中宮中学校
近畿,大阪府,中学,枚方市立招提中学校
近畿,大阪府,中学,枚方市立楠葉中学校
近畿,大阪府,中学,枚方市立東香里中学校
近畿,大阪府,中学,枚方市立楠葉西中学校
近畿,大阪府,中学,枚方市立長尾中学校
近畿,大阪府,中学,枚方市立杉中学校
近畿,大阪府,中学,枚方市立山田中学校
近畿,大阪府,中学,枚方市立渚西中学校
近畿,大阪府,中学,枚方市立桜丘中学校
近畿,大阪府,中学,枚方市立さだ中学校
近畿,大阪府,中学,枚方市立招提北中学校
近畿,大阪府,中学,枚方市立長尾西中学校
近畿,大阪府,中学,茨木市立豊川中学校
近畿,大阪府,中学,茨木市立西中学校
近畿,大阪府,中学,茨木市立養精中学校
近畿,大阪府,中学,茨木市立東中学校
近畿,大阪府,中学,茨木市立南中学校
近畿,大阪府,中学,茨木市立三島中学校
近畿,大阪府,中学,茨木市立北中学校
近畿,大阪府,中学,茨木市立東雲中学校
近畿,大阪府,中学,茨木市立天王中学校
近畿,大阪府,中学,茨木市立西陵中学校
近畿,大阪府,中学,茨木市立平田中学校
近畿,大阪府,中学,茨木市立北陵中学校
近畿,大阪府,中学,茨木市立太田中学校
近畿,大阪府,中学,茨木市立彩都西中学校
近畿,大阪府,中学,八尾市立八尾中学校
近畿,大阪府,中学,八尾市立久宝寺中学校
近畿,大阪府,中学,八尾市立龍華中学校
近畿,大阪府,中学,八尾市立大正中学校
近畿,大阪府,中学,八尾市立成法中学校
近畿,大阪府,中学,八尾市立南高安中学校
近畿,大阪府,中学,八尾市立曙川中学校
近畿,大阪府,中学,八尾市立志紀中学校
近畿,大阪府,中学,八尾市立上之島中学校
近畿,大阪府,中学,八尾市立桂中学校
近畿,大阪府,中学,八尾市立高美中学校
近畿,大阪府,中学,八尾市立曙川南中学校
近畿,大阪府,中学,八尾市立東中学校
近畿,大阪府,中学,八尾市立亀井中学校
近畿,大阪府,中学,泉佐野市立第三中学校
近畿,大阪府,中学,泉佐野市立日根野中学校
近畿,大阪府,中学,泉佐野市立長南中学校
近畿,大阪府,中学,泉佐野市立佐野中学校
近畿,大阪府,中学,泉佐野市立新池中学校
近畿,大阪府,中学,富田林市立第一中学校
近畿,大阪府,中学,富田林市立第二中学校
近畿,大阪府,中学,富田林市立第三中学校
近畿,大阪府,中学,富田林市立金剛中学校
近畿,大阪府,中学,富田林市立葛城中学校
近畿,大阪府,中学,富田林市立喜志中学校
近畿,大阪府,中学,富田林市立藤陽中学校
近畿,大阪府,中学,富田林市立明治池中学校
近畿,大阪府,中学,寝屋川市立第一中学校
近畿,大阪府,中学,寝屋川市立第二中学校
近畿,大阪府,中学,寝屋川市立第三中学校
近畿,大阪府,中学,寝屋川市立第五中学校
近畿,大阪府,中学,寝屋川市立第六中学校
近畿,大阪府,中学,寝屋川市立第七中学校
近畿,大阪府,中学,寝屋川市立第八中学校
近畿,大阪府,中学,寝屋川市立第九中学校
近畿,大阪府,中学,寝屋川市立第十中学校
近畿,大阪府,中学,寝屋川市立友呂岐中学校
近畿,大阪府,中学,寝屋川市立中木田中学校
近畿,大阪府,中学,河内長野市立長野中学校
近畿,大阪府,中学,河内長野市立東中学校
近畿,大阪府,中学,河内長野市立千代田中学校
近畿,大阪府,中学,河内長野市立西中学校
近畿,大阪府,中学,河内長野市立加賀田中学校
近畿,大阪府,中学,河内長野市立南花台中学校
近畿,大阪府,中学,河内長野市立美加の台中学校
近畿,大阪府,中学,松原市立松原中学校
近畿,大阪府,中学,松原市立松原第二中学校
近畿,大阪府,中学,松原市立松原第三中学校
近畿,大阪府,中学,松原市立松原第四中学校
近畿,大阪府,中学,松原市立松原第五中学校
近畿,大阪府,中学,松原市立松原第六中学校
近畿,大阪府,中学,松原市立松原第七中学校
近畿,大阪府,中学,大東市立南郷中学校
近畿,大阪府,中学,大東市立住道中学校
近畿,大阪府,中学,大東市立四条中学校
近畿,大阪府,中学,大東市立深野中学校
近畿,大阪府,中学,大東市立北条中学校
近畿,大阪府,中学,大東市立谷川中学校
近畿,大阪府,中学,大東市立諸福中学校
近畿,大阪府,中学,大東市立大東中学校
近畿,大阪府,中学,和泉市立和泉中学校
近畿,大阪府,中学,和泉市立石尾中学校
近畿,大阪府,中学,和泉市立信太中学校
近畿,大阪府,中学,和泉市立郷荘中学校
近畿,大阪府,中学,和泉市立富秋中学校
近畿,大阪府,中学,和泉市立光明台中学校
近畿,大阪府,中学,和泉市立南池田中学校
近畿,大阪府,中学,和泉市立北池田中学校
近畿,大阪府,中学,箕面市立第一中学校
近畿,大阪府,中学,箕面市立止々呂美中学校
近畿,大阪府,中学,箕面市立第二中学校
近畿,大阪府,中学,箕面市立第三中学校
近畿,大阪府,中学,箕面市立第四中学校
近畿,大阪府,中学,箕面市立第五中学校
近畿,大阪府,中学,箕面市立第六中学校
近畿,大阪府,中学,箕面市立彩都の丘中学校
近畿,大阪府,中学,柏原市立柏原中学校
近畿,大阪府,中学,柏原市立堅上中学校
近畿,大阪府,中学,柏原市立国分中学校
近畿,大阪府,中学,柏原市立堅下北中学校
近畿,大阪府,中学,柏原市立堅下南中学校
近畿,大阪府,中学,柏原市立玉手中学校
近畿,大阪府,中学,柏原市立桜坂中学校
近畿,大阪府,中学,羽曳野市立誉田中学校
近畿,大阪府,中学,羽曳野市立高鷲中学校
近畿,大阪府,中学,羽曳野市立峰塚中学校
近畿,大阪府,中学,羽曳野市立高鷲南中学校
近畿,大阪府,中学,羽曳野市立河原城中学校
近畿,大阪府,中学,門真市立第二中学校
近畿,大阪府,中学,門真市立第三中学校
近畿,大阪府,中学,門真市立第五中学校
近畿,大阪府,中学,門真市立第七中学校
近畿,大阪府,中学,門真市立門真はすはな中学校
近畿,大阪府,中学,摂津市立第一中学校
近畿,大阪府,中学,摂津市立第二中学校
近畿,大阪府,中学,摂津市立第三中学校
近畿,大阪府,中学,摂津市立第四中学校
近畿,大阪府,中学,摂津市立第五中学校
近畿,大阪府,中学,高石市立高石中学校
近畿,大阪府,中学,高石市立高南中学校
近畿,大阪府,中学,高石市立取石中学校
近畿,大阪府,中学,藤井寺市立藤井寺中学校
近畿,大阪府,中学,藤井寺市立道明寺中学校
近畿,大阪府,中学,藤井寺市立第三中学校
近畿,大阪府,中学,東大阪市立縄手中学校
近畿,大阪府,中学,東大阪市立枚岡中学校
近畿,大阪府,中学,東大阪市立石切中学校
近畿,大阪府,中学,東大阪市立盾津中学校
近畿,大阪府,中学,東大阪市立玉川中学校
近畿,大阪府,中学,東大阪市立英田中学校
近畿,大阪府,中学,東大阪市立花園中学校
近畿,大阪府,中学,東大阪市立長栄中学校
近畿,大阪府,中学,東大阪市立新喜多中学校
近畿,大阪府,中学,東大阪市立金岡中学校
近畿,大阪府,中学,東大阪市立上小阪中学校
近畿,大阪府,中学,東大阪市立楠根中学校
近畿,大阪府,中学,東大阪市立意岐部中学校
近畿,大阪府,中学,東大阪市立高井田中学校
近畿,大阪府,中学,東大阪市立小阪中学校
近畿,大阪府,中学,東大阪市立長瀬中学校
近畿,大阪府,中学,東大阪市立弥刀中学校
近畿,大阪府,中学,東大阪市立縄手北中学校
近畿,大阪府,中学,東大阪市立柏田中学校
近畿,大阪府,中学,東大阪市立盾津東中学校
近畿,大阪府,中学,東大阪市立若江中学校
近畿,大阪府,中学,東大阪市立孔舎衙中学校
近畿,大阪府,中学,東大阪市立布施中学校
近畿,大阪府,中学,島本町立第一中学校
近畿,大阪府,中学,島本町立第二中学校
近畿,大阪府,中学,忠岡町立忠岡中学校
近畿,大阪府,中学,熊取町立熊取中学校
近畿,大阪府,中学,熊取町立熊取北中学校
近畿,大阪府,中学,熊取町立熊取南中学校
近畿,大阪府,中学,田尻町立中学校
近畿,大阪府,中学,泉南市立泉南中学校
近畿,大阪府,中学,泉南市立西信達中学校
近畿,大阪府,中学,泉南市立一丘中学校
近畿,大阪府,中学,泉南市立信達中学校
近畿,大阪府,中学,阪南市立鳥取中学校
近畿,大阪府,中学,阪南市立貝掛中学校
近畿,大阪府,中学,阪南市立鳥取東中学校
近畿,大阪府,中学,阪南市立飯の峯中学校
近畿,大阪府,中学,岬町立岬中学校
近畿,大阪府,中学,河南町立中学校
近畿,大阪府,中学,太子町立中学校
近畿,大阪府,中学,千早赤阪村立中学校
近畿,大阪府,中学,大阪狭山市立狭山中学校
近畿,大阪府,中学,大阪狭山市立南中学校
近畿,大阪府,中学,大阪狭山市立第三中学校
近畿,大阪府,中学,堺市立美原中学校
近畿,大阪府,中学,堺市立美原西中学校
近畿,大阪府,中学,堺市立さつき野中学校
近畿,大阪府,中学,交野市立第二中学校
近畿,大阪府,中学,交野市立第三中学校
近畿,大阪府,中学,交野市立第四中学校
近畿,大阪府,中学,四條畷市立四條畷中学校
近畿,大阪府,中学,四條畷市立四條畷西中学校
近畿,大阪府,中学,四條畷市立田原中学校
近畿,大阪府,中学,堺市立浜寺南中学校
近畿,大阪府,中学,大阪府立富田林中学校
近畿,大阪府,中学,大阪市立中之島中学校
近畿,大阪府,中学,大阪市立心和中学校
近畿,大阪府,中学,寝屋川市立望が丘中学校
近畿,大阪府,中学,追手門学院大手前中学校
近畿,大阪府,中学,相愛中学校
近畿,大阪府,中学,大阪女学院中学校
近畿,大阪府,中学,明星中学校
近畿,大阪府,中学,清風中学校
近畿,大阪府,中学,大阪星光学院中学校
近畿,大阪府,中学,四天王寺中学校
近畿,大阪府,中学,金蘭会中学校
近畿,大阪府,中学,プール学院中学校
近畿,大阪府,中学,大阪信愛学院中学校
近畿,大阪府,中学,大谷中学校
近畿,大阪府,中学,建国中学校
近畿,大阪府,中学,帝塚山学院中学校
近畿,大阪府,中学,城南学園中学校
近畿,大阪府,中学,浪速中学校
近畿,大阪府,中学,大阪金剛インターナショナル中学校
近畿,大阪府,中学,開明中学校
近畿,大阪府,中学,上宮学園中学校
近畿,大阪府,中学,桃山学院中学校
近畿,大阪府,中学,昇陽中学校
近畿,大阪府,中学,関西大学北陽中学校
近畿,大阪府,中学,常翔学園中学校
近畿,大阪府,中学,大阪学芸高等学校附属中学校
近畿,大阪府,中学,賢明学院中学校
近畿,大阪府,中学,梅花中学校
近畿,大阪府,中学,箕面自由学園中学校
近畿,大阪府,中学,関西大学第一中学校
近畿,大阪府,中学,金蘭千里中学校
近畿,大阪府,中学,高槻中学校
近畿,大阪府,中学,大阪国際中学校
近畿,大阪府,中学,常翔啓光学園中学校
近畿,大阪府,中学,ピーエル学園中学校
近畿,大阪府,中学,同志社香里中学校
近畿,大阪府,中学,香里ヌヴェール学院中学校
近畿,大阪府,中学,四條畷学園中学校
近畿,大阪府,中学,アサンプション国際中学校
近畿,大阪府,中学,清教学園中学校
近畿,大阪府,中学,羽衣学園中学校
近畿,大阪府,中学,近畿大学附属中学校
近畿,大阪府,中学,樟蔭中学校
近畿,大阪府,中学,大阪体育大学浪商中学校
近畿,大阪府,中学,関西創価中学校
近畿,大阪府,中学,追手門学院中学校
近畿,大阪府,中学,清風南海中学校
近畿,大阪府,中学,帝塚山学院泉ケ丘中学校
近畿,大阪府,中学,大阪青凌中学校
近畿,大阪府,中学,履正社中学校
近畿,大阪府,中学,利晶学園中学校
近畿,大阪府,中学,金光八尾中学校
近畿,大阪府,中学,金光大阪中学校
近畿,大阪府,#N/A,関西学院千里国際中等部
近畿,大阪府,中学,関西大倉中学校
近畿,大阪府,中学,大阪桐蔭中学校
近畿,大阪府,高校,東海大学付属大阪仰星高等学校中等部
近畿,大阪府,中学,大阪薫英女学院中学校
近畿,大阪府,中学,利晶学園大阪立命館中学校
近畿,大阪府,中学,堺リベラル中学校
近畿,大阪府,大学,関西大学中等部
近畿,大阪府,中学,四天王寺東中学校
近畿,大阪府,高校,大阪教育大学附属高等学校
近畿,大阪府,高校,大阪府立北野高等学校
近畿,大阪府,高校,大阪府立東淀川高等学校
近畿,大阪府,高校,大阪府立大手前高等学校
近畿,大阪府,高校,大阪府立旭高等学校
近畿,大阪府,高校,大阪府立清水谷高等学校
近畿,大阪府,高校,大阪府立高津高等学校
近畿,大阪府,高校,大阪府立夕陽丘高等学校
近畿,大阪府,高校,大阪府立港高等学校
近畿,大阪府,高校,大阪府立市岡高等学校
近畿,大阪府,高校,大阪府立今宮高等学校
近畿,大阪府,高校,大阪府立生野高等学校
近畿,大阪府,高校,大阪府立天王寺高等学校
近畿,大阪府,高校,大阪府立阿倍野高等学校
近畿,大阪府,高校,大阪府立住吉高等学校
近畿,大阪府,高校,大阪府立東住吉高等学校
近畿,大阪府,高校,大阪府立阪南高等学校
近畿,大阪府,高校,大阪府立池田高等学校
近畿,大阪府,高校,大阪府立豊中高等学校
近畿,大阪府,高校,大阪府立桜塚高等学校
近畿,大阪府,高校,大阪府立箕面高等学校
近畿,大阪府,高校,大阪府立春日丘高等学校
近畿,大阪府,高校,大阪府立茨木高等学校
近畿,大阪府,高校,大阪府立吹田高等学校
近畿,大阪府,高校,大阪府立千里高等学校
近畿,大阪府,高校,大阪府立四條畷高等学校
近畿,大阪府,高校,大阪府立寝屋川高等学校
近畿,大阪府,高校,大阪府立枚方高等学校
近畿,大阪府,高校,大阪府立布施高等学校
近畿,大阪府,高校,大阪府立山本高等学校
近畿,大阪府,高校,大阪府立八尾高等学校
近畿,大阪府,高校,大阪府立花園高等学校
近畿,大阪府,高校,大阪府立河南高等学校
近畿,大阪府,高校,大阪府立富田林高等学校
近畿,大阪府,高校,大阪府立登美丘高等学校
近畿,大阪府,高校,大阪府立泉陽高等学校
近畿,大阪府,高校,大阪府立三国丘高等学校
近畿,大阪府,高校,大阪府立鳳高等学校
近畿,大阪府,高校,大阪府立泉大津高等学校
近畿,大阪府,高校,大阪府立和泉高等学校
近畿,大阪府,高校,大阪府立岸和田高等学校
近畿,大阪府,高校,大阪府立佐野高等学校
近畿,大阪府,高校,大阪府立貝塚高等学校
近畿,大阪府,高校,大阪府立泉北高等学校
近畿,大阪府,高校,大阪府立三島高等学校
近畿,大阪府,高校,大阪府立摂津高等学校
近畿,大阪府,高校,大阪府立堺東高等学校
近畿,大阪府,高校,大阪府立長野高等学校
近畿,大阪府,高校,大阪府立長尾高等学校
近畿,大阪府,高校,大阪府立西成高等学校
近畿,大阪府,高校,大阪府立箕面東高等学校
近畿,大阪府,高校,大阪府立吹田東高等学校
近畿,大阪府,高校,大阪府立交野高等学校
近畿,大阪府,高校,大阪府立松原高等学校
近畿,大阪府,高校,大阪府立藤井寺高等学校
近畿,大阪府,高校,大阪府立金岡高等学校
近畿,大阪府,高校,大阪府立貝塚南高等学校
近畿,大阪府,高校,大阪府立柴島高等学校
近畿,大阪府,高校,大阪府立長吉高等学校
近畿,大阪府,高校,大阪府立豊島高等学校
近畿,大阪府,高校,大阪府立東百舌鳥高等学校
近畿,大阪府,高校,大阪府立牧野高等学校
近畿,大阪府,高校,大阪府立茨木西高等学校
近畿,大阪府,高校,大阪府立野崎高等学校
近畿,大阪府,高校,大阪府立園芸高等学校
近畿,大阪府,高校,大阪府立農芸高等学校
近畿,大阪府,高校,大阪府立高槻北高等学校
近畿,大阪府,高校,大阪府立門真西高等学校
近畿,大阪府,高校,大阪府立高石高等学校
近畿,大阪府,高校,大阪府立刀根山高等学校
近畿,大阪府,高校,大阪府立北千里高等学校
近畿,大阪府,高校,大阪府立布施北高等学校
近畿,大阪府,高校,大阪府立伯太高等学校
近畿,大阪府,高校,大阪府立久米田高等学校
近畿,大阪府,高校,大阪府立岬高等学校
近畿,大阪府,高校,大阪府立芥川高等学校
近畿,大阪府,高校,大阪府立香里丘高等学校
近畿,大阪府,高校,大阪府立西寝屋川高等学校
近畿,大阪府,高校,大阪府立金剛高等学校
近畿,大阪府,高校,大阪府立狭山高等学校
近畿,大阪府,高校,大阪府立福泉高等学校
近畿,大阪府,高校,大阪府立信太高等学校
近畿,大阪府,高校,大阪府立阿武野高等学校
近畿,大阪府,高校,大阪府立守口東高等学校
近畿,大阪府,高校,大阪府立八尾北高等学校
近畿,大阪府,高校,大阪府立大塚高等学校
近畿,大阪府,高校,大阪府立福井高等学校
近畿,大阪府,高校,大阪府立山田高等学校
近畿,大阪府,高校,大阪府立堺上高等学校
近畿,大阪府,高校,大阪府立大冠高等学校
近畿,大阪府,高校,大阪府立枚方津田高等学校
近畿,大阪府,高校,大阪府立日根野高等学校
近畿,大阪府,高校,大阪府立門真なみはや高等学校
近畿,大阪府,高校,大阪府立枚岡樟風高等学校
近畿,大阪府,高校,大阪府立芦間高等学校
近畿,大阪府,高校,大阪府立八尾翠翔高等学校
近畿,大阪府,高校,大阪府立槻の木高等学校
近畿,大阪府,高校,大阪府立成美高等学校
近畿,大阪府,高校,大阪府立港南造形高等学校
近畿,大阪府,高校,大阪府立枚方なぎさ高等学校
近畿,大阪府,高校,大阪府立西野田工科高等学校
近畿,大阪府,高校,大阪府立淀川工科高等学校
近畿,大阪府,高校,大阪府立成城高等学校
近畿,大阪府,高校,大阪府立今宮工科高等学校
近畿,大阪府,高校,大阪府立東住吉総合高等学校
近畿,大阪府,高校,大阪府立堺工科高等学校
近畿,大阪府,高校,大阪府立茨木工科高等学校
近畿,大阪府,高校,大阪府立佐野工科高等学校
近畿,大阪府,高校,大阪府立桃谷高等学校
近畿,大阪府,高校,大阪府立和泉総合高等学校
近畿,大阪府,高校,大阪府立藤井寺工科高等学校
近畿,大阪府,高校,大阪府立城東工科高等学校
近畿,大阪府,高校,大阪府立布施工科高等学校
近畿,大阪府,高校,大阪府立緑風冠高等学校
近畿,大阪府,高校,大阪府立千里青雲高等学校
近畿,大阪府,高校,大阪府立北摂つばさ高等学校
近畿,大阪府,高校,大阪府立みどり清朋高等学校
近畿,大阪府,高校,大阪府立北かわち皐が丘高等学校
近畿,大阪府,高校,大阪府立懐風館高等学校
近畿,大阪府,高校,大阪府立りんくう翔南高等学校
近畿,大阪府,高校,大阪府教育センター附属高等学校
近畿,大阪府,高校,大阪府立淀川清流高等学校
近畿,大阪府,高校,大阪府立大正白稜高等学校
近畿,大阪府,高校,大阪府立豊中高等学校能勢分校
近畿,大阪府,高校,大阪府立大阪わかば高等学校
近畿,大阪府,高校,大阪府立桜宮高等学校
近畿,大阪府,高校,大阪府立東高等学校
近畿,大阪府,高校,大阪府立汎愛高等学校
近畿,大阪府,高校,大阪府立いちりつ高等学校
近畿,大阪府,高校,大阪府立咲くやこの花高等学校
近畿,大阪府,高校,大阪府立大阪ビジネスフロンティア高等学校
近畿,大阪府,高校,大阪府立水都国際高等学校
近畿,大阪府,高校,大阪府立淀商業高等学校
近畿,大阪府,高校,大阪府立鶴見商業高等学校
近畿,大阪府,高校,大阪府立住吉商業高等学校
近畿,大阪府,高校,大阪府立都島工業高等学校
近畿,大阪府,高校,大阪府立泉尾工業高等学校
近畿,大阪府,高校,大阪府立東淀工業高等学校
近畿,大阪府,高校,大阪府立生野工業高等学校
近畿,大阪府,高校,大阪府立工芸高等学校
近畿,大阪府,高校,大阪府立中央高等学校
近畿,大阪府,高校,大阪府立堺西高等学校
近畿,大阪府,高校,大阪府立渋谷高等学校
近畿,大阪府,高校,東大阪市立日新高等学校
近畿,大阪府,高校,堺市立堺高等学校
近畿,大阪府,高校,岸和田市立産業高等学校
近畿,大阪府,高校,大阪府立桜和高等学校
近畿,大阪府,高校,大阪府立東大阪みらい工科高等学校
近畿,大阪府,高校,大阪府教育センター附属高等学校窓明分校
近畿,大阪府,高校,東朋学園高等学校
近畿,大阪府,高校,大阪つくば開成高等学校
近畿,大阪府,高校,英風高等学校
近畿,大阪府,高校,昇陽高等学校
近畿,大阪府,高校,相愛高等学校
近畿,大阪府,高校,大阪女学院高等学校
近畿,大阪府,高校,ヴェリタス城星学園高等学校
近畿,大阪府,高校,明星高等学校
近畿,大阪府,高校,上宮高等学校
近畿,大阪府,高校,清風高等学校
近畿,大阪府,高校,四天王寺高等学校
近畿,大阪府,高校,大阪夕陽丘学園高等学校
近畿,大阪府,高校,大阪星光学院高等学校
近畿,大阪府,高校,金蘭会高等学校
近畿,大阪府,高校,大阪高等学校
近畿,大阪府,高校,大阪成蹊女子高等学校
近畿,大阪府,高校,プール学院高等学校
近畿,大阪府,高校,大阪信愛学院高等学校
近畿,大阪府,高校,大谷高等学校
近畿,大阪府,高校,東大谷高等学校
近畿,大阪府,高校,桃山学院高等学校
近畿,大阪府,高校,帝塚山学院高等学校
近畿,大阪府,高校,清明学院高等学校
近畿,大阪府,高校,浪速高等学校
近畿,大阪府,高校,建国高等学校
近畿,大阪府,高校,城南学園高等学校
近畿,大阪府,高校,香ヶ丘リベルテ高等学校
近畿,大阪府,高校,梅花高等学校
近畿,大阪府,高校,箕面自由学園高等学校
近畿,大阪府,高校,宣真高等学校
近畿,大阪府,高校,関西大学第一高等学校
近畿,大阪府,高校,大阪学院大学高等学校
近畿,大阪府,高校,金蘭千里高等学校
近畿,大阪府,高校,高槻高等学校
近畿,大阪府,高校,常翔啓光学園高等学校
近畿,大阪府,高校,追手門学院大手前高等学校
近畿,大阪府,高校,関西大倉高等学校
近畿,大阪府,高校,ピーエル学園高等学校
近畿,大阪府,高校,香里ヌヴェール学院高等学校
近畿,大阪府,高校,同志社香里高等学校
近畿,大阪府,高校,大阪暁光高等学校
近畿,大阪府,高校,清教学園高等学校
近畿,大阪府,高校,四條畷学園高等学校
近畿,大阪府,高校,箕面学園高等学校
近畿,大阪府,高校,アサンプション国際高等学校
近畿,大阪府,高校,関西福祉科学大学高等学校
近畿,大阪府,高校,東大阪大学柏原高等学校
近畿,大阪府,高校,大阪薫英女学院高等学校
近畿,大阪府,高校,羽衣学園高等学校
近畿,大阪府,高校,清風南海高等学校
近畿,大阪府,高校,大阪緑涼高等学校
近畿,大阪府,高校,近畿大学附属高等学校
近畿,大阪府,高校,樟蔭高等学校
近畿,大阪府,高校,アナン学園高等学校
近畿,大阪府,高校,賢明学院高等学校
近畿,大阪府,高校,近畿大学泉州高等学校
近畿,大阪府,高校,関西創価高等学校
近畿,大阪府,高校,大阪国際高等学校
近畿,大阪府,高校,追手門学院高等学校
近畿,大阪府,高校,金光大阪高等学校
近畿,大阪府,高校,帝塚山学院泉ケ丘高等学校
近畿,大阪府,高校,東海大学付属大阪仰星高等学校
近畿,大阪府,高校,大阪青凌高等学校
近畿,大阪府,高校,精華高等学校
近畿,大阪府,高校,大阪桐蔭高等学校
近畿,大阪府,高校,利晶学園高等学校
近畿,大阪府,高校,金光八尾高等学校
近畿,大阪府,高校,大阪金剛インターナショナル高等学校
近畿,大阪府,高校,上宮太子高等学校
近畿,大阪府,大学,関西大学高等部
近畿,大阪府,高校,四天王寺東高等学校
近畿,大阪府,高校,堺リベラル高等学校
近畿,大阪府,高校,興國高等学校
近畿,大阪府,高校,好文学園女子高等学校
近畿,大阪府,高校,関西大学北陽高等学校
近畿,大阪府,高校,英真学園高等学校
近畿,大阪府,高校,履正社高等学校
近畿,大阪府,高校,大阪偕星学園高等学校
近畿,大阪府,高校,金光藤蔭高等学校
近畿,大阪府,高校,開明高等学校
近畿,大阪府,高校,あべの翔学高等学校
近畿,大阪府,高校,大阪学芸高等学校
近畿,大阪府,高校,利晶学園大阪立命館高等学校
近畿,大阪府,高校,大阪商業大学堺高等学校
近畿,大阪府,高校,大商学園高等学校
近畿,大阪府,高校,大阪商業大学高等学校
近畿,大阪府,高校,大阪体育大学浪商高等学校
近畿,大阪府,高校,東大阪大学敬愛高等学校
近畿,大阪府,高校,常翔学園高等学校
近畿,大阪府,高校,大阪産業大学附属高等学校
近畿,大阪府,高校,大阪電気通信大学高等学校
近畿,大阪府,高校,阪南大学高等学校
近畿,大阪府,高校,太成学院大学高等学校
近畿,大阪府,高校,早稲田大阪高等学校
近畿,大阪府,高校,星翔高等学校
近畿,大阪府,#N/A,関西学院千里国際高等部
近畿,大阪府,高校,向陽台高等学校
近畿,大阪府,高校,八洲学園高等学校
近畿,大阪府,高校,長尾谷高等学校
近畿,大阪府,高校,天王寺学館高等学校
近畿,大阪府,高校,ＹＭＣＡ学院高等学校
近畿,大阪府,高校,秋桜高等学校
近畿,大阪府,高校,ルネサンス大阪高等学校
近畿,大阪府,高校,神須学園高等学校
近畿,大阪府,高校,明浄学院高等学校
近畿,大阪府,高校,近畿大阪高等学校
近畿,大阪府,高校,甲英高等学校
近畿,兵庫県,中学,兵庫教育大学附属中学校
近畿,兵庫県,中学,兵庫県立大学附属中学校
近畿,兵庫県,中学,神戸市立本庄中学校
近畿,兵庫県,中学,神戸市立魚崎中学校
近畿,兵庫県,中学,神戸市立本山中学校
近畿,兵庫県,中学,神戸市立住吉中学校
近畿,兵庫県,中学,神戸市立御影中学校
近畿,兵庫県,中学,神戸市立本山南中学校
近畿,兵庫県,中学,神戸市立向洋中学校
近畿,兵庫県,中学,神戸市立鷹匠中学校
近畿,兵庫県,中学,神戸市立烏帽子中学校
近畿,兵庫県,中学,神戸市立原田中学校
近畿,兵庫県,中学,神戸市立長峰中学校
近畿,兵庫県,中学,神戸市立上野中学校
近畿,兵庫県,中学,神戸市立筒井台中学校
近畿,兵庫県,中学,神戸市立葺合中学校
近畿,兵庫県,中学,神戸市立布引中学校
近畿,兵庫県,中学,神戸市立神戸生田中学校
近畿,兵庫県,中学,神戸市立渚中学校
近畿,兵庫県,中学,神戸市立夢野中学校
近畿,兵庫県,中学,神戸市立兵庫中学校
近畿,兵庫県,中学,神戸市立湊川中学校
近畿,兵庫県,中学,神戸市立須佐野中学校
近畿,兵庫県,中学,神戸市立吉田中学校
近畿,兵庫県,中学,神戸市立兵庫中学校北分校
近畿,兵庫県,中学,神戸市立有野北中学校
近畿,兵庫県,中学,神戸市立湊翔楠中学校
近畿,兵庫県,中学,神戸市立桜の宮中学校分校
近畿,兵庫県,中学,神戸市立丸山中学校
近畿,兵庫県,中学,神戸市立丸山中学校西野分校
近畿,兵庫県,中学,神戸市立西代中学校
近畿,兵庫県,中学,神戸市立高取台中学校
近畿,兵庫県,中学,神戸市立駒ケ林中学校
近畿,兵庫県,中学,神戸市立雲雀丘中学校
近畿,兵庫県,中学,神戸市立長田中学校
近畿,兵庫県,中学,神戸市立星陵台中学校
近畿,兵庫県,中学,神戸市立西神中学校
近畿,兵庫県,中学,神戸市立井吹台中学校
近畿,兵庫県,中学,神戸市立太田中学校
近畿,兵庫県,中学,神戸市立鷹取中学校
近畿,兵庫県,中学,神戸市立飛松中学校
近畿,兵庫県,中学,神戸市立高倉中学校
近畿,兵庫県,中学,神戸市立白川台中学校
近畿,兵庫県,中学,神戸市立東落合中学校
近畿,兵庫県,中学,神戸市立友が丘中学校
近畿,兵庫県,中学,神戸市立横尾中学校
近畿,兵庫県,中学,神戸市立西落合中学校
近畿,兵庫県,中学,神戸市立垂水東中学校
近畿,兵庫県,中学,神戸市立垂水中学校
近畿,兵庫県,中学,神戸市立歌敷山中学校
近畿,兵庫県,中学,神戸市立舞子中学校
近畿,兵庫県,中学,神戸市立伊川谷中学校
近畿,兵庫県,中学,神戸市立櫨谷中学校
近畿,兵庫県,中学,神戸市立押部谷中学校
近畿,兵庫県,中学,神戸市立玉津中学校
近畿,兵庫県,中学,神戸市立平野中学校
近畿,兵庫県,中学,神戸市立神出中学校
近畿,兵庫県,中学,神戸市立岩岡中学校
近畿,兵庫県,中学,神戸市立神陵台中学校
近畿,兵庫県,中学,神戸市立多聞東中学校
近畿,兵庫県,中学,神戸市立塩屋中学校
近畿,兵庫県,中学,神戸市立竜が台中学校
近畿,兵庫県,中学,神戸市立福田中学校
近畿,兵庫県,中学,神戸市立王塚台中学校
近畿,兵庫県,中学,神戸市立桜が丘中学校
近畿,兵庫県,中学,神戸市立桃山台中学校
近畿,兵庫県,中学,神戸市立長坂中学校
近畿,兵庫県,中学,神戸市立本多聞中学校
近畿,兵庫県,中学,神戸市立太山寺中学校
近畿,兵庫県,中学,神戸市立有馬中学校
近畿,兵庫県,中学,神戸市立山田中学校
近畿,兵庫県,中学,神戸市立大沢中学校
近畿,兵庫県,中学,神戸市立淡河中学校
近畿,兵庫県,中学,神戸市立鈴蘭台中学校
近畿,兵庫県,中学,神戸市立大池中学校
近畿,兵庫県,中学,神戸市立桜の宮中学校
近畿,兵庫県,中学,神戸市立鵯台中学校
近畿,兵庫県,中学,神戸市立星和台中学校
近畿,兵庫県,中学,神戸市立唐櫃中学校
近畿,兵庫県,中学,神戸市立広陵中学校
近畿,兵庫県,中学,神戸市立小部中学校
近畿,兵庫県,中学,神戸市立北神戸中学校
近畿,兵庫県,中学,神戸市立須磨北中学校
近畿,兵庫県,中学,神戸市立有野中学校
近畿,兵庫県,中学,神戸市立大原中学校
近畿,兵庫県,中学,尼崎市立日新中学校
近畿,兵庫県,中学,尼崎市立小田北中学校
近畿,兵庫県,中学,尼崎市立大成中学校
近畿,兵庫県,中学,尼崎市立大庄北中学校
近畿,兵庫県,中学,尼崎市立立花中学校
近畿,兵庫県,中学,尼崎市立塚口中学校
近畿,兵庫県,中学,尼崎市立武庫中学校
近畿,兵庫県,中学,尼崎市立園田中学校
近畿,兵庫県,中学,尼崎市立園田東中学校
近畿,兵庫県,中学,尼崎市立南武庫之荘中学校
近畿,兵庫県,中学,尼崎市立武庫東中学校
近畿,兵庫県,中学,尼崎市立小園中学校
近畿,兵庫県,中学,尼崎市立成良中学校琴城分校
近畿,兵庫県,中学,尼崎市立常陽中学校
近畿,兵庫県,中学,尼崎市立成良中学校
近畿,兵庫県,中学,尼崎市立中央中学校
近畿,兵庫県,中学,尼崎市立大庄中学校
近畿,兵庫県,中学,尼崎市立小田中学校
近畿,兵庫県,中学,西宮市立浜脇中学校
近畿,兵庫県,中学,西宮市立大社中学校
近畿,兵庫県,中学,西宮市立甲陵中学校
近畿,兵庫県,中学,西宮市立瓦木中学校
近畿,兵庫県,中学,西宮市立上甲子園中学校
近畿,兵庫県,中学,西宮市立今津中学校
近畿,兵庫県,中学,西宮市立鳴尾中学校
近畿,兵庫県,中学,西宮市立浜甲子園中学校
近畿,兵庫県,中学,西宮市立学文中学校
近畿,兵庫県,中学,西宮市立山口中学校
近畿,兵庫県,中学,西宮市立塩瀬中学校
近畿,兵庫県,中学,西宮市立上ケ原中学校
近畿,兵庫県,中学,西宮市立苦楽園中学校
近畿,兵庫県,中学,西宮市立甲武中学校
近畿,兵庫県,中学,西宮市立平木中学校
近畿,兵庫県,中学,西宮市立深津中学校
近畿,兵庫県,中学,西宮市立真砂中学校
近畿,兵庫県,中学,芦屋市立精道中学校
近畿,兵庫県,中学,芦屋市立山手中学校
近畿,兵庫県,中学,芦屋市立潮見中学校
近畿,兵庫県,中学,西宮市立鳴尾南中学校
近畿,兵庫県,中学,西宮市立高須中学校
近畿,兵庫県,中学,伊丹市立東中学校
近畿,兵庫県,中学,伊丹市立西中学校
近畿,兵庫県,中学,伊丹市立南中学校
近畿,兵庫県,中学,伊丹市立北中学校
近畿,兵庫県,中学,伊丹市立天王寺川中学校
近畿,兵庫県,中学,伊丹市立松崎中学校
近畿,兵庫県,中学,伊丹市立荒牧中学校
近畿,兵庫県,中学,伊丹市立笹原中学校
近畿,兵庫県,中学,宝塚市立宝塚第一中学校
近畿,兵庫県,中学,宝塚市立宝梅中学校
近畿,兵庫県,中学,宝塚市立宝塚中学校
近畿,兵庫県,中学,宝塚市立長尾中学校
近畿,兵庫県,中学,宝塚市立西谷中学校
近畿,兵庫県,中学,宝塚市立高司中学校
近畿,兵庫県,中学,宝塚市立南ひばりガ丘中学校
近畿,兵庫県,中学,宝塚市立安倉中学校
近畿,兵庫県,中学,宝塚市立中山五月台中学校
近畿,兵庫県,中学,宝塚市立御殿山中学校
近畿,兵庫県,中学,川西市立川西中学校
近畿,兵庫県,中学,川西市立川西南中学校
近畿,兵庫県,中学,川西市立多田中学校
近畿,兵庫県,中学,川西市立東谷中学校
近畿,兵庫県,中学,川西市立清和台中学校
近畿,兵庫県,中学,川西市立明峰中学校
近畿,兵庫県,中学,川西市立緑台中学校
近畿,兵庫県,中学,宝塚市立光ガ丘中学校
近畿,兵庫県,中学,宝塚市立山手台中学校
近畿,兵庫県,中学,猪名川町立猪名川中学校
近畿,兵庫県,中学,三田市立長坂中学校
近畿,兵庫県,中学,三田市立上野台中学校
近畿,兵庫県,中学,三田市立狭間中学校
近畿,兵庫県,中学,三田市立八景中学校
近畿,兵庫県,中学,三田市立けやき台中学校
近畿,兵庫県,中学,三田市立富士中学校
近畿,兵庫県,中学,三田市立藍中学校
近畿,兵庫県,中学,三田市立ゆりのき台中学校
近畿,兵庫県,中学,丹波市立柏原中学校
近畿,兵庫県,中学,丹波市立山南中学校
近畿,兵庫県,中学,丹波市立氷上中学校
近畿,兵庫県,中学,丹波市立青垣中学校
近畿,兵庫県,中学,丹波市立市島中学校
近畿,兵庫県,中学,丹波市立春日中学校
近畿,兵庫県,中学,丹波篠山市立篠山中学校
近畿,兵庫県,中学,丹波篠山市立篠山東中学校
近畿,兵庫県,中学,丹波篠山市立西紀中学校
近畿,兵庫県,中学,丹波篠山市立丹南中学校
近畿,兵庫県,中学,丹波篠山市立今田中学校
近畿,兵庫県,中学,明石市立錦城中学校
近畿,兵庫県,中学,明石市立大蔵中学校
近畿,兵庫県,中学,明石市立衣川中学校
近畿,兵庫県,中学,明石市立望海中学校
近畿,兵庫県,中学,明石市立大久保中学校
近畿,兵庫県,中学,明石市立魚住中学校
近畿,兵庫県,中学,明石市立二見中学校
近畿,兵庫県,中学,明石市立朝霧中学校
近畿,兵庫県,中学,明石市立高丘中学校
近畿,兵庫県,中学,明石市立野々池中学校
近畿,兵庫県,中学,明石市立江井島中学校
近畿,兵庫県,中学,明石市立魚住東中学校
近畿,兵庫県,中学,明石市立大久保北中学校
近畿,兵庫県,中学,加古川市立加古川中学校
近畿,兵庫県,中学,加古川市立中部中学校
近畿,兵庫県,中学,加古川市立浜の宮中学校
近畿,兵庫県,中学,加古川市立平岡中学校
近畿,兵庫県,中学,加古川市立氷丘中学校
近畿,兵庫県,中学,加古川市立神吉中学校
近畿,兵庫県,中学,加古川市立平岡南中学校
近畿,兵庫県,中学,加古川市立別府中学校
近畿,兵庫県,中学,西脇市立西脇中学校
近畿,兵庫県,中学,西脇市立西脇東中学校
近畿,兵庫県,中学,西脇市立西脇南中学校
近畿,兵庫県,中学,三木市立三木中学校
近畿,兵庫県,中学,三木市立別所中学校
近畿,兵庫県,中学,三木市立緑が丘中学校
近畿,兵庫県,中学,三木市立自由が丘中学校
近畿,兵庫県,中学,三木市立三木東中学校
近畿,兵庫県,中学,高砂市立高砂中学校
近畿,兵庫県,中学,高砂市立荒井中学校
近畿,兵庫県,中学,高砂市立松陽中学校
近畿,兵庫県,中学,高砂市立鹿島中学校
近畿,兵庫県,中学,高砂市立竜山中学校
近畿,兵庫県,中学,小野市立小野中学校
近畿,兵庫県,中学,小野市立河合中学校
近畿,兵庫県,中学,小野市立旭丘中学校
近畿,兵庫県,中学,小野市立小野南中学校
近畿,兵庫県,中学,加西市立北条中学校
近畿,兵庫県,中学,加西市立善防中学校
近畿,兵庫県,中学,加西市立加西中学校
近畿,兵庫県,中学,加西市立泉中学校
近畿,兵庫県,中学,三木市立吉川中学校
近畿,兵庫県,中学,加東市立社学園中学校
近畿,兵庫県,中学,加東市立滝野中学校
近畿,兵庫県,中学,西脇市立黒田庄中学校
近畿,兵庫県,中学,稲美町立稲美中学校
近畿,兵庫県,中学,稲美町立稲美北中学校
近畿,兵庫県,中学,播磨町立播磨中学校
近畿,兵庫県,中学,播磨町立播磨南中学校
近畿,兵庫県,中学,加古川市立志方中学校
近畿,兵庫県,中学,加古川市立陵南中学校
近畿,兵庫県,中学,姫路市立増位中学校
近畿,兵庫県,中学,姫路市立広嶺中学校
近畿,兵庫県,中学,姫路市立高丘中学校
近畿,兵庫県,中学,姫路市立大白書中学校
近畿,兵庫県,中学,姫路市立東光中学校
近畿,兵庫県,中学,姫路市立琴陵中学校
近畿,兵庫県,中学,姫路市立山陽中学校
近畿,兵庫県,中学,姫路市立灘中学校
近畿,兵庫県,中学,姫路市立飾磨東中学校
近畿,兵庫県,中学,姫路市立飾磨中部中学校
近畿,兵庫県,中学,姫路市立飾磨西中学校
近畿,兵庫県,中学,姫路市立広畑中学校
近畿,兵庫県,中学,姫路市立網干中学校
近畿,兵庫県,中学,姫路市立朝日中学校
近畿,兵庫県,中学,姫路市立城山中学校
近畿,兵庫県,中学,姫路市立神南中学校
近畿,兵庫県,中学,姫路市立花田中学校
近畿,兵庫県,中学,姫路市立林田中学校
近畿,兵庫県,中学,姫路市立夢前中学校
近畿,兵庫県,中学,姫路市立城乾中学校
近畿,兵庫県,中学,姫路市立大的中学校
近畿,兵庫県,中学,姫路市立安室中学校
近畿,兵庫県,中学,姫路市立書写中学校
近畿,兵庫県,中学,姫路市立大津中学校
近畿,兵庫県,中学,相生市立那波中学校
近畿,兵庫県,中学,相生市立双葉中学校
近畿,兵庫県,中学,相生市立矢野川中学校
近畿,兵庫県,中学,たつの市立龍野東中学校
近畿,兵庫県,中学,たつの市立龍野西中学校
近畿,兵庫県,中学,赤穂市立赤穂中学校
近畿,兵庫県,中学,赤穂市立赤穂西中学校
近畿,兵庫県,中学,赤穂市立赤穂東中学校
近畿,兵庫県,中学,赤穂市立坂越中学校
近畿,兵庫県,中学,赤穂市立有年中学校
近畿,兵庫県,中学,姫路市立家島中学校
近畿,兵庫県,中学,姫路市立坊勢中学校
近畿,兵庫県,中学,姫路市立置塩中学校
近畿,兵庫県,中学,姫路市立鹿谷中学校
近畿,兵庫県,中学,姫路市立菅野中学校
近畿,兵庫県,中学,市川町立市川中学校
近畿,兵庫県,中学,福崎町立福崎西中学校
近畿,兵庫県,中学,福崎町立福崎東中学校
近畿,兵庫県,中学,姫路市立香寺中学校
近畿,兵庫県,中学,神河町立神河中学校
近畿,兵庫県,中学,たつの市立新宮中学校
近畿,兵庫県,中学,太子町立太子西中学校
近畿,兵庫県,中学,太子町立太子東中学校
近畿,兵庫県,中学,たつの市立揖保川中学校
近畿,兵庫県,中学,たつの市立御津中学校
近畿,兵庫県,中学,上郡町立上郡中学校
近畿,兵庫県,中学,佐用町立佐用中学校
近畿,兵庫県,中学,佐用町立上月中学校
近畿,兵庫県,中学,佐用町立上津中学校
近畿,兵庫県,中学,佐用町立三日月中学校
近畿,兵庫県,中学,宍粟市立山崎南中学校
近畿,兵庫県,中学,宍粟市立山崎西中学校
近畿,兵庫県,中学,宍粟市立山崎東中学校
近畿,兵庫県,中学,姫路市立安富中学校
近畿,兵庫県,中学,宍粟市立一宮南中学校
近畿,兵庫県,中学,宍粟市立一宮北中学校
近畿,兵庫県,中学,宍粟市立波賀中学校
近畿,兵庫県,中学,宍粟市立千種中学校
近畿,兵庫県,中学,豊岡市立豊岡南中学校
近畿,兵庫県,中学,豊岡市立豊岡北中学校
近畿,兵庫県,中学,豊岡市立港中学校
近畿,兵庫県,中学,豊岡市立城崎中学校
近畿,兵庫県,中学,香美町立香住第一中学校
近畿,兵庫県,中学,豊岡市立日高東中学校
近畿,兵庫県,中学,豊岡市立日高西中学校
近畿,兵庫県,中学,豊岡市立出石中学校
近畿,兵庫県,中学,豊岡市立但東中学校
近畿,兵庫県,中学,香美町立村岡中学校
近畿,兵庫県,中学,香美町立小代中学校
近畿,兵庫県,中学,新温泉町立浜坂中学校
近畿,兵庫県,中学,新温泉町立夢が丘中学校
近畿,兵庫県,中学,養父市立養父中学校
近畿,兵庫県,中学,養父市立大屋中学校
近畿,兵庫県,中学,養父市立八鹿青渓中学校
近畿,兵庫県,中学,朝来市立和田山中学校
近畿,兵庫県,中学,朝来市立梁瀬中学校
近畿,兵庫県,中学,朝来市立朝来中学校
近畿,兵庫県,中学,朝来市立生野中学校
近畿,兵庫県,中学,洲本市立洲浜中学校
近畿,兵庫県,中学,洲本市立青雲中学校
近畿,兵庫県,中学,洲本市立由良中学校
近畿,兵庫県,中学,洲本市立安乎中学校
近畿,兵庫県,中学,淡路市立津名中学校
近畿,兵庫県,中学,淡路市立東浦中学校
近畿,兵庫県,中学,淡路市立岩屋中学校
近畿,兵庫県,中学,淡路市立北淡中学校
近畿,兵庫県,中学,淡路市立一宮中学校
近畿,兵庫県,中学,洲本市立五色中学校
近畿,兵庫県,中学,南あわじ市立西淡中学校
近畿,兵庫県,中学,南あわじ市立三原中学校
近畿,兵庫県,中学,南あわじ市立沼島中学校
近畿,兵庫県,中学,南あわじ市立南淡中学校
近畿,兵庫県,中学,加古川市立山手中学校
近畿,兵庫県,中学,高砂市立宝殿中学校
近畿,兵庫県,中学,姫路市立東中学校
近畿,兵庫県,中学,南あわじ市・洲本市組合立広田中学校
近畿,兵庫県,中学,播磨高原広域事務組合立播磨高原東中学校
近畿,兵庫県,中学,猪名川町立清陵中学校
近畿,兵庫県,中学,姫路市立あかつき中学校
近畿,兵庫県,中学,神戸市立湊翔楠中学校分校
近畿,兵庫県,中学,尼崎市立尼崎琴葉中学校
近畿,兵庫県,中学,多可町立多可中学校
近畿,兵庫県,中学,甲南女子中学校
近畿,兵庫県,中学,灘中学校
近畿,兵庫県,中学,六甲学院中学校
近畿,兵庫県,中学,神戸海星女子学院中学校
近畿,兵庫県,中学,松蔭中学校
近畿,兵庫県,中学,神戸龍谷中学校
近畿,兵庫県,中学,神港学園神港中学校
近畿,兵庫県,中学,啓明学院中学校
近畿,兵庫県,中学,神戸山手グローバル中学校
近畿,兵庫県,中学,親和中学校
近畿,兵庫県,中学,神戸星城中学校
近畿,兵庫県,中学,神戸野田中学校
近畿,兵庫県,中学,育英中学校
近畿,兵庫県,中学,滝川中学校
近畿,兵庫県,中学,神戸国際中学校
近畿,兵庫県,中学,愛徳学園中学校
近畿,兵庫県,中学,生野学園中学校
近畿,兵庫県,中学,須磨学園中学校
近畿,兵庫県,中学,滝川第二中学校
近畿,兵庫県,中学,神戸学院大学附属中学校
近畿,兵庫県,中学,姫路女学院中学校
近畿,兵庫県,中学,日ノ本学園中学校
近畿,兵庫県,中学,賢明女子学院中学校
近畿,兵庫県,中学,淳心学院中学校
近畿,兵庫県,中学,東洋大学附属姫路中学校
近畿,兵庫県,中学,園田学園中学校
近畿,兵庫県,中学,百合学院中学校
近畿,兵庫県,中学,報徳学園中学校
近畿,兵庫県,#N/A,関西学院中学部
近畿,兵庫県,#N/A,神戸女学院中学部
近畿,兵庫県,中学,武庫川女子大学附属中学校
近畿,兵庫県,中学,甲陽学院中学校
近畿,兵庫県,中学,甲子園学院中学校
近畿,兵庫県,中学,夙川中学校
近畿,兵庫県,中学,仁川学院中学校
近畿,兵庫県,中学,蒼開中学校
近畿,兵庫県,中学,芦屋学園中学校
近畿,兵庫県,中学,甲南中学校
近畿,兵庫県,中学,近畿大学附属豊岡中学校
近畿,兵庫県,中学,小林聖心女子学院中学校
近畿,兵庫県,中学,雲雀丘学園中学校
近畿,兵庫県,中学,白陵中学校
近畿,兵庫県,中学,三田学園中学校
近畿,兵庫県,高校,兵庫県立神戸高等学校
近畿,兵庫県,高校,兵庫県立兵庫工業高等学校
近畿,兵庫県,高校,兵庫県立兵庫高等学校
近畿,兵庫県,高校,兵庫県立夢野台高等学校
近畿,兵庫県,高校,兵庫県立長田高等学校
近畿,兵庫県,高校,兵庫県立星陵高等学校
近畿,兵庫県,高校,兵庫県立神戸商業高等学校
近畿,兵庫県,高校,兵庫県立姫路西高等学校
近畿,兵庫県,高校,兵庫県立姫路南高等学校
近畿,兵庫県,高校,兵庫県立姫路工業高等学校
近畿,兵庫県,高校,兵庫県立飾磨工業高等学校
近畿,兵庫県,高校,兵庫県立姫路商業高等学校
近畿,兵庫県,高校,兵庫県立尼崎北高等学校
近畿,兵庫県,高校,兵庫県立尼崎西高等学校
近畿,兵庫県,高校,兵庫県立尼崎工業高等学校
近畿,兵庫県,高校,兵庫県立明石高等学校
近畿,兵庫県,高校,兵庫県立明石南高等学校
近畿,兵庫県,高校,兵庫県立西宮高等学校
近畿,兵庫県,高校,兵庫県立鳴尾高等学校
近畿,兵庫県,高校,兵庫県立洲本実業高等学校
近畿,兵庫県,高校,兵庫県立芦屋高等学校
近畿,兵庫県,高校,兵庫県立伊丹高等学校
近畿,兵庫県,高校,兵庫県立加古川東高等学校
近畿,兵庫県,高校,兵庫県立加古川西高等学校
近畿,兵庫県,高校,兵庫県立東播工業高等学校
近畿,兵庫県,高校,兵庫県立龍野高等学校
近畿,兵庫県,高校,兵庫県立西脇工業高等学校
近畿,兵庫県,高校,兵庫県立宝塚高等学校
近畿,兵庫県,高校,兵庫県立三木高等学校
近畿,兵庫県,高校,兵庫県立高砂高等学校
近畿,兵庫県,高校,兵庫県立小野高等学校
近畿,兵庫県,高校,兵庫県立播磨農業高等学校
近畿,兵庫県,高校,兵庫県立猪名川高等学校
近畿,兵庫県,高校,兵庫県立吉川高等学校
近畿,兵庫県,高校,兵庫県立社高等学校
近畿,兵庫県,高校,兵庫県立神戸工業高等学校
近畿,兵庫県,高校,兵庫県立湊川高等学校
近畿,兵庫県,高校,兵庫県立長田商業高等学校
近畿,兵庫県,高校,兵庫県立神崎工業高等学校
近畿,兵庫県,高校,兵庫県立錦城高等学校
近畿,兵庫県,高校,兵庫県立太子高等学校
近畿,兵庫県,高校,兵庫県立御影高等学校
近畿,兵庫県,高校,兵庫県立阪神昆陽高等学校
近畿,兵庫県,高校,兵庫県立姫路東高等学校
近畿,兵庫県,高校,兵庫県立尼崎高等学校
近畿,兵庫県,高校,兵庫県立洲本高等学校
近畿,兵庫県,高校,兵庫県立相生産業高等学校
近畿,兵庫県,高校,兵庫県立豊岡高等学校
近畿,兵庫県,高校,兵庫県立農業高等学校
近畿,兵庫県,高校,兵庫県立赤穂高等学校
近畿,兵庫県,高校,兵庫県立西脇高等学校
近畿,兵庫県,高校,兵庫県立松陽高等学校
近畿,兵庫県,高校,兵庫県立小野工業高等学校
近畿,兵庫県,高校,兵庫県立有馬高等学校
近畿,兵庫県,高校,兵庫県立北条高等学校
近畿,兵庫県,高校,兵庫県立上郡高等学校
近畿,兵庫県,高校,兵庫県立佐用高等学校
近畿,兵庫県,高校,兵庫県立香住高等学校
近畿,兵庫県,高校,兵庫県立柏原高等学校
近畿,兵庫県,高校,兵庫県立東灘高等学校
近畿,兵庫県,高校,兵庫県立青雲高等学校
近畿,兵庫県,高校,兵庫県立明石西高等学校
近畿,兵庫県,高校,兵庫県立川西明峰高等学校
近畿,兵庫県,高校,兵庫県立但馬農業高等学校
近畿,兵庫県,高校,兵庫県立伊川谷高等学校
近畿,兵庫県,高校,兵庫県立姫路別所高等学校
近畿,兵庫県,高校,兵庫県立夢前高等学校
近畿,兵庫県,高校,兵庫県立家島高等学校
近畿,兵庫県,高校,兵庫県立神崎高等学校
近畿,兵庫県,高校,兵庫県立福崎高等学校
近畿,兵庫県,高校,兵庫県立香寺高等学校
近畿,兵庫県,高校,兵庫県立山崎高等学校
近畿,兵庫県,高校,兵庫県立伊和高等学校
近畿,兵庫県,高校,兵庫県立千種高等学校
近畿,兵庫県,高校,兵庫県立日高高等学校
近畿,兵庫県,高校,兵庫県立出石高等学校
近畿,兵庫県,高校,兵庫県立村岡高等学校
近畿,兵庫県,高校,兵庫県立浜坂高等学校
近畿,兵庫県,高校,兵庫県立八鹿高等学校
近畿,兵庫県,高校,兵庫県立生野高等学校
近畿,兵庫県,高校,兵庫県立和田山高等学校
近畿,兵庫県,高校,兵庫県立氷上西高等学校
近畿,兵庫県,高校,兵庫県立氷上高等学校
近畿,兵庫県,高校,兵庫県立篠山鳳鳴高等学校
近畿,兵庫県,高校,兵庫県立篠山産業高等学校
近畿,兵庫県,高校,兵庫県立津名高等学校
近畿,兵庫県,高校,兵庫県立淡路高等学校
近畿,兵庫県,高校,兵庫県立川西緑台高等学校
近畿,兵庫県,高校,兵庫県立西宮北高等学校
近畿,兵庫県,高校,兵庫県立北須磨高等学校
近畿,兵庫県,高校,兵庫県立尼崎小田高等学校
近畿,兵庫県,高校,兵庫県立明石北高等学校
近畿,兵庫県,高校,兵庫県立神戸北高等学校
近畿,兵庫県,高校,兵庫県立伊丹北高等学校
近畿,兵庫県,高校,兵庫県立舞子高等学校
近畿,兵庫県,高校,兵庫県立神戸甲北高等学校
近畿,兵庫県,高校,兵庫県立宝塚東高等学校
近畿,兵庫県,高校,兵庫県立東播磨高等学校
近畿,兵庫県,高校,兵庫県立西宮南高等学校
近畿,兵庫県,高校,兵庫県立三木東高等学校
近畿,兵庫県,高校,兵庫県立篠山東雲高等学校
近畿,兵庫県,高校,兵庫県立龍野北高等学校
近畿,兵庫県,高校,兵庫県立西脇北高等学校
近畿,兵庫県,高校,兵庫県立姫路北高等学校
近畿,兵庫県,高校,兵庫県立多可高等学校
近畿,兵庫県,高校,兵庫県立西宮今津高等学校
近畿,兵庫県,高校,兵庫県立宝塚西高等学校
近畿,兵庫県,高校,兵庫県立相生高等学校
近畿,兵庫県,高校,兵庫県立須磨東高等学校
近畿,兵庫県,高校,兵庫県立尼崎稲園高等学校
近畿,兵庫県,高校,兵庫県立加古川北高等学校
近畿,兵庫県,高校,兵庫県立網干高等学校
近畿,兵庫県,高校,兵庫県立伊丹西高等学校
近畿,兵庫県,高校,兵庫県立明石清水高等学校
近畿,兵庫県,高校,兵庫県立高砂南高等学校
近畿,兵庫県,高校,兵庫県立須磨友が丘高等学校
近畿,兵庫県,高校,兵庫県立西宮甲山高等学校
近畿,兵庫県,高校,兵庫県立加古川南高等学校
近畿,兵庫県,高校,兵庫県立三木北高等学校
近畿,兵庫県,高校,兵庫県立川西北陵高等学校
近畿,兵庫県,高校,兵庫県立神戸高塚高等学校
近畿,兵庫県,高校,兵庫県立明石城西高等学校
近畿,兵庫県,高校,兵庫県立播磨南高等学校
近畿,兵庫県,高校,兵庫県立宝塚北高等学校
近畿,兵庫県,高校,兵庫県立姫路飾西高等学校
近畿,兵庫県,高校,兵庫県立伊川谷北高等学校
近畿,兵庫県,高校,兵庫県立北摂三田高等学校
近畿,兵庫県,高校,兵庫県立三田西陵高等学校
近畿,兵庫県,高校,兵庫県立大学附属高等学校
近畿,兵庫県,高校,兵庫県立西宮香風高等学校
近畿,兵庫県,高校,兵庫県立三田祥雲館高等学校
近畿,兵庫県,高校,兵庫県立武庫荘総合高等学校
近畿,兵庫県,高校,兵庫県立豊岡総合高等学校
近畿,兵庫県,高校,兵庫県立国際高等学校
近畿,兵庫県,高校,兵庫県立神戸鈴蘭台高等学校
近畿,兵庫県,高校,兵庫県立淡路三原高等学校
近畿,兵庫県,高校,神戸市立葺合高等学校
近畿,兵庫県,高校,姫路市立姫路高等学校
近畿,兵庫県,高校,姫路市立琴丘高等学校
近畿,兵庫県,高校,姫路市立飾磨高等学校
近畿,兵庫県,高校,尼崎市立尼崎高等学校
近畿,兵庫県,高校,明石市立明石商業高等学校
近畿,兵庫県,高校,西宮市立西宮東高等学校
近畿,兵庫県,高校,伊丹市立伊丹高等学校
近畿,兵庫県,高校,神戸市立六甲アイランド高等学校
近畿,兵庫県,高校,神戸市立科学技術高等学校
近畿,兵庫県,高校,神戸市立神戸工科高等学校
近畿,兵庫県,高校,神戸市立須磨翔風高等学校
近畿,兵庫県,高校,尼崎市立尼崎双星高等学校
近畿,兵庫県,高校,尼崎市立琴ノ浦高等学校
近畿,兵庫県,高校,神戸市立神港橘高等学校
近畿,兵庫県,高校,神戸市立摩耶兵庫高等学校
近畿,兵庫県,高校,神戸市立楠高等学校
近畿,兵庫県,高校,西宮市立西宮高等学校
近畿,兵庫県,高校,兵庫県立北神戸総合高等学校
近畿,兵庫県,高校,兵庫県立神戸学園都市高等学校
近畿,兵庫県,高校,兵庫県立西宮苦楽園高等学校
近畿,兵庫県,高校,兵庫県立三木総合高等学校
近畿,兵庫県,高校,兵庫県立姫路海稜高等学校
近畿,兵庫県,高校,兵庫県立播磨福崎高等学校
近畿,兵庫県,高校,姫路市立高等学校
近畿,兵庫県,高校,甲南女子高等学校
近畿,兵庫県,高校,灘高等学校
近畿,兵庫県,高校,六甲学院高等学校
近畿,兵庫県,高校,神戸海星女子学院高等学校
近畿,兵庫県,高校,松蔭高等学校
近畿,兵庫県,高校,神戸龍谷高等学校
近畿,兵庫県,高校,神戸第一高等学校
近畿,兵庫県,高校,神港学園高等学校
近畿,兵庫県,高校,啓明学院高等学校
近畿,兵庫県,高校,神戸山手グローバル高等学校
近畿,兵庫県,高校,親和女子高等学校
近畿,兵庫県,高校,神戸学院大学附属高等学校
近畿,兵庫県,高校,彩星工科高等学校
近畿,兵庫県,高校,神戸常盤女子高等学校
近畿,兵庫県,高校,神戸野田高等学校
近畿,兵庫県,高校,育英高等学校
近畿,兵庫県,高校,神戸星城高等学校
近畿,兵庫県,高校,須磨学園高等学校
近畿,兵庫県,高校,滝川高等学校
近畿,兵庫県,高校,兵庫大学附属須磨ノ浦高等学校
近畿,兵庫県,高校,愛徳学園高等学校
近畿,兵庫県,高校,神戸国際大学附属高等学校
近畿,兵庫県,高校,姫路女学院高等学校
近畿,兵庫県,高校,日ノ本学園高等学校
近畿,兵庫県,高校,賢明女子学院高等学校
近畿,兵庫県,高校,淳心学院高等学校
近畿,兵庫県,高校,東洋大学附属姫路高等学校
近畿,兵庫県,高校,園田学園高等学校
近畿,兵庫県,高校,百合学院高等学校
近畿,兵庫県,高校,報徳学園高等学校
近畿,兵庫県,#N/A,関西学院高等部
近畿,兵庫県,#N/A,神戸女学院高等学部
近畿,兵庫県,高校,武庫川女子大学附属高等学校
近畿,兵庫県,高校,甲子園学院高等学校
近畿,兵庫県,高校,甲陽学院高等学校
近畿,兵庫県,高校,夙川高等学校
近畿,兵庫県,高校,仁川学院高等学校
近畿,兵庫県,高校,芦屋学園高等学校
近畿,兵庫県,高校,甲南高等学校
近畿,兵庫県,高校,近畿大学附属豊岡高等学校
近畿,兵庫県,高校,小林聖心女子学院高等学校
近畿,兵庫県,高校,雲雀丘学園高等学校
近畿,兵庫県,高校,白陵高等学校
近畿,兵庫県,高校,三田学園高等学校
近畿,兵庫県,高校,三田松聖高等学校
近畿,兵庫県,高校,市川高等学校
近畿,兵庫県,高校,神戸弘陵学園高等学校
近畿,兵庫県,高校,自由ヶ丘高等学校
近畿,兵庫県,高校,滝川第二高等学校
近畿,兵庫県,高校,生野学園高等学校
近畿,兵庫県,高校,神戸国際高等学校
近畿,兵庫県,高校,蒼開高等学校
近畿,兵庫県,高校,相生学院高等学校
近畿,兵庫県,高校,第一学院高等学校養父校
近畿,兵庫県,高校,ＡＩＥ国際高等学校
近畿,兵庫県,中等教育学校,神戸大学附属中等教育学校
近畿,兵庫県,中等教育学校,兵庫県立芦屋国際中等教育学校
近畿,奈良県,中学,奈良教育大学附属中学校
近畿,奈良県,中学,奈良市立春日中学校
近畿,奈良県,中学,奈良市立三笠中学校
近畿,奈良県,中学,奈良市立若草中学校
近畿,奈良県,中学,奈良市立伏見中学校
近畿,奈良県,中学,奈良市立富雄中学校
近畿,奈良県,中学,奈良市立都南中学校
近畿,奈良県,中学,奈良市立田原中学校
近畿,奈良県,中学,奈良市立興東館柳生中学校
近畿,奈良県,中学,奈良市立登美ヶ丘中学校
近畿,奈良県,中学,奈良市立平城中学校
近畿,奈良県,中学,奈良市立ならやま中学校
近畿,奈良県,中学,奈良市立二名中学校
近畿,奈良県,中学,奈良市立京西中学校
近畿,奈良県,中学,奈良市立富雄南中学校
近畿,奈良県,中学,奈良市立飛鳥中学校
近畿,奈良県,中学,奈良市立登美ヶ丘北中学校
近畿,奈良県,中学,大和高田市立高田中学校
近畿,奈良県,中学,大和高田市立片塩中学校
近畿,奈良県,中学,大和高田市立高田西中学校
近畿,奈良県,中学,奈良市立都跡中学校
近畿,奈良県,中学,奈良市立平城東中学校
近畿,奈良県,中学,奈良市立富雄第三中学校
近畿,奈良県,中学,大和郡山市立郡山中学校
近畿,奈良県,中学,大和郡山市立郡山南中学校
近畿,奈良県,中学,大和郡山市立郡山西中学校
近畿,奈良県,中学,大和郡山市立郡山東中学校
近畿,奈良県,中学,大和郡山市立片桐中学校
近畿,奈良県,中学,天理市立北中学校
近畿,奈良県,中学,天理市立南中学校
近畿,奈良県,中学,天理市立福住中学校
近畿,奈良県,中学,天理市立西中学校
近畿,奈良県,中学,橿原市立畝傍中学校
近畿,奈良県,中学,橿原市立八木中学校
近畿,奈良県,中学,橿原市立大成中学校
近畿,奈良県,中学,橿原市立光陽中学校
近畿,奈良県,中学,橿原市立橿原中学校
近畿,奈良県,中学,橿原市立白橿中学校
近畿,奈良県,中学,桜井市立桜井中学校
近畿,奈良県,中学,桜井市立桜井東中学校
近畿,奈良県,中学,桜井市立大三輪中学校
近畿,奈良県,中学,桜井市立桜井西中学校
近畿,奈良県,中学,五條市立五條中学校
近畿,奈良県,中学,五條市立五條東中学校
近畿,奈良県,中学,五條市立五條西中学校
近畿,奈良県,中学,御所市立御所中学校
近畿,奈良県,中学,御所市立葛中学校
近畿,奈良県,中学,御所市立葛上中学校
近畿,奈良県,中学,御所市立大正中学校
近畿,奈良県,中学,奈良市立月ヶ瀬中学校
近畿,奈良県,中学,奈良市立都祁中学校
近畿,奈良県,中学,山添村立山添中学校
近畿,奈良県,中学,生駒市立生駒中学校
近畿,奈良県,中学,生駒市立生駒南中学校
近畿,奈良県,中学,生駒市立生駒北中学校
近畿,奈良県,中学,生駒市立緑ヶ丘中学校
近畿,奈良県,中学,生駒市立鹿ノ台中学校
近畿,奈良県,中学,生駒市立上中学校
近畿,奈良県,中学,生駒市立光明中学校
近畿,奈良県,中学,生駒市立大瀬中学校
近畿,奈良県,中学,平群町立平群中学校
近畿,奈良県,中学,三郷町立三郷中学校
近畿,奈良県,中学,斑鳩町立斑鳩中学校
近畿,奈良県,中学,斑鳩町立斑鳩南中学校
近畿,奈良県,中学,安堵町立安堵中学校
近畿,奈良県,中学,川西町・三宅町式下中学校組合立式下中学校
近畿,奈良県,中学,田原本町立田原本中学校
近畿,奈良県,中学,田原本町立北中学校
近畿,奈良県,中学,宇陀市立大宇陀中学校
近畿,奈良県,中学,宇陀市立菟田野中学校
近畿,奈良県,中学,宇陀市立榛原中学校
近畿,奈良県,中学,宇陀市立室生中学校
近畿,奈良県,中学,御杖村立御杖中学校
近畿,奈良県,中学,高取町立高取中学校
近畿,奈良県,中学,明日香村立聖徳中学校
近畿,奈良県,中学,葛城市立新庄中学校
近畿,奈良県,中学,葛城市立白鳳中学校
近畿,奈良県,中学,香芝市立香芝中学校
近畿,奈良県,中学,香芝市立香芝西中学校
近畿,奈良県,中学,香芝市立香芝東中学校
近畿,奈良県,中学,香芝市立香芝北中学校
近畿,奈良県,中学,上牧町立上牧中学校
近畿,奈良県,中学,広陵町立広陵中学校
近畿,奈良県,中学,広陵町立真美ケ丘中学校
近畿,奈良県,中学,河合町立河合第一中学校
近畿,奈良県,中学,河合町立河合第二中学校
近畿,奈良県,中学,吉野町立吉野中学校
近畿,奈良県,中学,大淀町立大淀中学校
近畿,奈良県,中学,十津川村立十津川中学校
近畿,奈良県,中学,東吉野村立東吉野中学校
近畿,奈良県,中学,奈良県立青翔中学校
近畿,奈良県,中学,奈良市立一条高等学校附属中学校
近畿,奈良県,中学,奈良県立国際中学校
近畿,奈良県,中学,奈良育英中学校
近畿,奈良県,中学,奈良女子中学校
近畿,奈良県,中学,東大寺学園中学校
近畿,奈良県,中学,帝塚山中学校
近畿,奈良県,中学,天理中学校
近畿,奈良県,中学,智辯学園中学校
近畿,奈良県,中学,奈良学園中学校
近畿,奈良県,中学,育英西中学校
近畿,奈良県,中学,西大和学園中学校
近畿,奈良県,#N/A,智辯学園奈良カレッジ中学部
近畿,奈良県,中学,奈良学園登美ヶ丘中学校
近畿,奈良県,高校,奈良県立生駒高等学校
近畿,奈良県,高校,奈良県立添上高等学校
近畿,奈良県,高校,奈良県立山辺高等学校
近畿,奈良県,高校,奈良県立桜井高等学校
近畿,奈良県,高校,奈良県立王寺工業高等学校
近畿,奈良県,高校,奈良県立青翔高等学校
近畿,奈良県,高校,奈良県立十津川高等学校
近畿,奈良県,高校,奈良県立橿原高等学校
近畿,奈良県,高校,奈良県立二階堂高等学校
近畿,奈良県,高校,奈良県立香芝高等学校
近畿,奈良県,高校,奈良県立高取国際高等学校
近畿,奈良県,高校,奈良県立奈良高等学校
近畿,奈良県,高校,奈良県立高田高等学校
近畿,奈良県,高校,奈良県立五條高等学校
近畿,奈良県,高校,奈良県立西和清陵高等学校
近畿,奈良県,高校,奈良県立郡山高等学校
近畿,奈良県,高校,奈良県立畝傍高等学校
近畿,奈良県,高校,奈良県立奈良北高等学校
近畿,奈良県,高校,奈良県立法隆寺国際高等学校
近畿,奈良県,高校,奈良県立磯城野高等学校
近畿,奈良県,高校,奈良県立大和広陵高等学校
近畿,奈良県,高校,奈良県立御所実業高等学校
近畿,奈良県,高校,奈良県立大和中央高等学校
近畿,奈良県,高校,奈良県立国際高等学校
近畿,奈良県,高校,奈良市立一条高等学校
近畿,奈良県,高校,大和高田市立高田商業高等学校
近畿,奈良県,高校,山添村立山辺高等学校山添分校
近畿,奈良県,高校,奈良県立奈良商工高等学校
近畿,奈良県,高校,奈良県立高円芸術高等学校
近畿,奈良県,高校,奈良県立商業高等学校
近畿,奈良県,高校,奈良県立奈良南高等学校
近畿,奈良県,高校,五條市立西吉野農業高等学校
近畿,奈良県,高校,奈良県立宇陀高等学校
近畿,奈良県,高校,奈良県立大学附属高等学校
近畿,奈良県,高校,奈良育英高等学校
近畿,奈良県,高校,奈良女子高等学校
近畿,奈良県,高校,帝塚山高等学校
近畿,奈良県,高校,関西中央高等学校
近畿,奈良県,高校,橿原学院高等学校
近畿,奈良県,高校,智辯学園高等学校
近畿,奈良県,高校,東大寺学園高等学校
近畿,奈良県,高校,奈良大学附属高等学校
近畿,奈良県,高校,奈良文化高等学校
近畿,奈良県,高校,奈良学園高等学校
近畿,奈良県,高校,育英西高等学校
近畿,奈良県,高校,西大和学園高等学校
近畿,奈良県,高校,天理高等学校
近畿,奈良県,#N/A,智辯学園奈良カレッジ高等部
近畿,奈良県,高校,奈良学園登美ヶ丘高等学校
近畿,奈良県,高校,飛鳥未来高等学校
近畿,奈良県,高校,日本教育学院高等学校
近畿,奈良県,高校,関西文化芸術高等学校
近畿,奈良県,中等教育学校,奈良女子大学附属中等教育学校
近畿,奈良県,中等教育学校,聖心学園中等教育学校
近畿,和歌山県,中学,和歌山大学教育学部附属中学校
近畿,和歌山県,中学,和歌山市立日進中学校
近畿,和歌山県,中学,和歌山市立東和中学校
近畿,和歌山県,中学,和歌山市立西和中学校
近畿,和歌山県,中学,和歌山市立城東中学校
近畿,和歌山県,中学,和歌山市立西浜中学校
近畿,和歌山県,中学,和歌山市立明和中学校
近畿,和歌山県,中学,和歌山市立河北中学校
近畿,和歌山県,中学,和歌山市立河西中学校
近畿,和歌山県,中学,和歌山市立紀之川中学校
近畿,和歌山県,中学,和歌山市立西脇中学校
近畿,和歌山県,中学,和歌山市立紀伊中学校
近畿,和歌山県,中学,和歌山市立加太中学校
近畿,和歌山県,中学,和歌山市立東中学校
近畿,和歌山県,中学,和歌山市立西脇中学校みらい分校
近畿,和歌山県,中学,和歌山市立高積中学校
近畿,和歌山県,中学,和歌山市立楠見中学校
近畿,和歌山県,中学,和歌山市立有功中学校
近畿,和歌山県,中学,海南市立第三中学校
近畿,和歌山県,中学,海南市立亀川中学校
近畿,和歌山県,中学,海南市立巽中学校
近畿,和歌山県,中学,海南市立東海南中学校
近畿,和歌山県,中学,海南市立海南中学校
近畿,和歌山県,中学,橋本市立隅田中学校
近畿,和歌山県,中学,橋本市立紀見東中学校
近畿,和歌山県,中学,橋本市立紀見北中学校
近畿,和歌山県,中学,御坊市立御坊中学校
近畿,和歌山県,中学,御坊市立河南中学校
近畿,和歌山県,中学,御坊市立湯川中学校
近畿,和歌山県,中学,御坊市立名田中学校
近畿,和歌山県,中学,田辺市立東陽中学校
近畿,和歌山県,中学,田辺市立明洋中学校
近畿,和歌山県,中学,田辺市立高雄中学校
近畿,和歌山県,中学,田辺市立新庄中学校
近畿,和歌山県,中学,田辺市立上芳養中学校
近畿,和歌山県,中学,田辺市立中芳養中学校
近畿,和歌山県,中学,田辺市立上秋津中学校
近畿,和歌山県,中学,田辺市立秋津川中学校
近畿,和歌山県,中学,田辺市立衣笠中学校
近畿,和歌山県,中学,新宮市立緑丘中学校
近畿,和歌山県,中学,新宮市立城南中学校
近畿,和歌山県,中学,新宮市立光洋中学校
近畿,和歌山県,中学,新宮市立高田中学校
近畿,和歌山県,中学,海南市立下津第一中学校
近畿,和歌山県,中学,海南市立下津第二中学校
近畿,和歌山県,中学,紀の川市立打田中学校
近畿,和歌山県,中学,紀の川市立粉河中学校
近畿,和歌山県,中学,紀の川市立那賀中学校
近畿,和歌山県,中学,紀の川市立荒川中学校
近畿,和歌山県,中学,紀の川市立貴志川中学校
近畿,和歌山県,中学,岩出市立岩出中学校
近畿,和歌山県,中学,岩出市立岩出第二中学校
近畿,和歌山県,中学,紀の川市立打田中学校仙渓分校
近畿,和歌山県,中学,かつらぎ町立妙寺中学校
近畿,和歌山県,中学,かつらぎ町立笠田中学校
近畿,和歌山県,中学,九度山町立九度山中学校
近畿,和歌山県,中学,九度山町立河根中学校
近畿,和歌山県,中学,高野町立富貴中学校
近畿,和歌山県,中学,高野町立高野山中学校
近畿,和歌山県,中学,橋本市立高野口中学校
近畿,和歌山県,中学,湯浅町立湯浅中学校
近畿,和歌山県,中学,広川町立耐久中学校
近畿,和歌山県,中学,広川町立津木中学校
近畿,和歌山県,中学,有田川町立吉備中学校
近畿,和歌山県,中学,有田川町立石垣中学校
近畿,和歌山県,中学,有田川町立八幡中学校
近畿,和歌山県,中学,有田川町立金屋中学校
近畿,和歌山県,中学,美浜町立松洋中学校
近畿,和歌山県,中学,日高町立日高中学校
近畿,和歌山県,中学,由良町立由良中学校
近畿,和歌山県,中学,みなべ町立上南部中学校
近畿,和歌山県,中学,みなべ町立南部中学校
近畿,和歌山県,中学,印南町立切目中学校
近畿,和歌山県,中学,印南町立稲原中学校
近畿,和歌山県,中学,印南町立印南中学校
近畿,和歌山県,中学,白浜町立白浜中学校
近畿,和歌山県,中学,白浜町立富田中学校
近畿,和歌山県,中学,田辺市立近野中学校
近畿,和歌山県,中学,上富田町立上富田中学校
近畿,和歌山県,中学,白浜町立日置中学校
近畿,和歌山県,中学,白浜町立三舞中学校
近畿,和歌山県,中学,すさみ町立周参見中学校
近畿,和歌山県,中学,串本町立串本中学校
近畿,和歌山県,中学,串本町立潮岬中学校
近畿,和歌山県,中学,田辺市立中辺路中学校
近畿,和歌山県,中学,田辺市立大塔中学校
近畿,和歌山県,中学,那智勝浦町立宇久井中学校
近畿,和歌山県,中学,那智勝浦町立那智中学校
近畿,和歌山県,中学,那智勝浦町立色川中学校
近畿,和歌山県,中学,那智勝浦町立下里中学校
近畿,和歌山県,中学,太地町立太地中学校
近畿,和歌山県,中学,串本町立西向中学校
近畿,和歌山県,中学,古座川町立明神中学校
近畿,和歌山県,中学,北山村立北山中学校
近畿,和歌山県,中学,新宮市立熊野川中学校
近畿,和歌山県,中学,御坊市日高川町中学校組合立大成中学校
近畿,和歌山県,中学,古座川町立古座中学校
近畿,和歌山県,中学,和歌山市立貴志中学校
近畿,和歌山県,中学,印南町立清流中学校
近畿,和歌山県,中学,田辺市立本宮中学校
近畿,和歌山県,中学,和歌山県立向陽中学校
近畿,和歌山県,中学,田辺市立龍神中学校
近畿,和歌山県,中学,和歌山県立古佐田丘中学校
近畿,和歌山県,中学,和歌山県立田辺中学校
近畿,和歌山県,中学,串本町立串本西中学校
近畿,和歌山県,中学,和歌山県立桐蔭中学校
近畿,和歌山県,中学,和歌山県立日高高等学校附属中学校
近畿,和歌山県,中学,橋本市立橋本中央中学校
近畿,和歌山県,中学,有田市立有和中学校
近畿,和歌山県,中学,和歌山市立和歌山あけぼの中学校
近畿,和歌山県,中学,紀美野町立紀美野中学校
近畿,和歌山県,中学,日高川町立央和中学校
近畿,和歌山県,中学,和歌山県立新翔くろしお中学校
近畿,和歌山県,中学,和歌山信愛中学校
近畿,和歌山県,中学,智辯学園和歌山中学校
近畿,和歌山県,中学,近畿大学附属和歌山中学校
近畿,和歌山県,中学,近畿大学附属新宮中学校
近畿,和歌山県,中学,開智中学校
近畿,和歌山県,中学,きのくに子どもの村中学校
近畿,和歌山県,中学,初芝橋本中学校
近畿,和歌山県,高校,和歌山県立橋本高等学校
近畿,和歌山県,高校,和歌山県立紀北工業高等学校
近畿,和歌山県,高校,和歌山県立笠田高等学校
近畿,和歌山県,高校,和歌山県立粉河高等学校
近畿,和歌山県,高校,和歌山県立那賀高等学校
近畿,和歌山県,高校,和歌山県立貴志川高等学校
近畿,和歌山県,高校,和歌山県立和歌山北高等学校
近畿,和歌山県,高校,和歌山県立向陽高等学校
近畿,和歌山県,高校,和歌山県立桐蔭高等学校
近畿,和歌山県,高校,和歌山県立星林高等学校
近畿,和歌山県,高校,和歌山県立和歌山工業高等学校
近畿,和歌山県,高校,和歌山県立和歌山商業高等学校
近畿,和歌山県,高校,和歌山県立海南高等学校
近畿,和歌山県,高校,和歌山県立海南高等学校美里分校
近畿,和歌山県,高校,和歌山県立箕島高等学校
近畿,和歌山県,高校,和歌山県立有田中央高等学校
近畿,和歌山県,高校,和歌山県立有田中央高等学校清水分校
近畿,和歌山県,高校,和歌山県立耐久高等学校
近畿,和歌山県,高校,和歌山県立日高高等学校
近畿,和歌山県,高校,和歌山県立日高高等学校中津分校
近畿,和歌山県,高校,和歌山県立紀央館高等学校
近畿,和歌山県,高校,和歌山県立南部高等学校
近畿,和歌山県,高校,和歌山県立南部高等学校龍神分校
近畿,和歌山県,高校,和歌山県立田辺高等学校
近畿,和歌山県,高校,和歌山県立田辺工業高等学校
近畿,和歌山県,高校,和歌山県立神島高等学校
近畿,和歌山県,高校,和歌山県立熊野高等学校
近畿,和歌山県,高校,和歌山県立新宮高等学校
近畿,和歌山県,高校,和歌山県立新翔高等学校
近畿,和歌山県,高校,和歌山県立和歌山東高等学校
近畿,和歌山県,高校,和歌山県立和歌山高等学校
近畿,和歌山県,高校,和歌山県立紀北農芸高等学校
近畿,和歌山県,高校,和歌山県立串本古座高等学校
近畿,和歌山県,高校,和歌山県立伊都中央高等学校
近畿,和歌山県,高校,和歌山市立和歌山高等学校
近畿,和歌山県,高校,和歌山県立南紀高等学校
近畿,和歌山県,高校,和歌山県立きのくに青雲高等学校
近畿,和歌山県,高校,和歌山信愛高等学校
近畿,和歌山県,高校,開智高等学校
近畿,和歌山県,高校,高野山高等学校
近畿,和歌山県,高校,近畿大学附属新宮高等学校
近畿,和歌山県,高校,智辯学園和歌山高等学校
近畿,和歌山県,高校,近畿大学附属和歌山高等学校
近畿,和歌山県,高校,和歌山南陵高等学校
近畿,和歌山県,高校,初芝橋本高等学校
近畿,和歌山県,高校,りら創造芸術高等学校
近畿,和歌山県,高校,慶風高等学校
中国,鳥取県,中学,鳥取大学附属中学校
中国,鳥取県,中学,鳥取市立東中学校
中国,鳥取県,中学,鳥取市立西中学校
中国,鳥取県,中学,鳥取市立南中学校
中国,鳥取県,中学,鳥取市立北中学校
中国,鳥取県,中学,鳥取市立高草中学校
中国,鳥取県,中学,鳥取市立湖東中学校
中国,鳥取県,中学,鳥取市立桜ヶ丘中学校
中国,鳥取県,中学,鳥取市立中ノ郷中学校
中国,鳥取県,中学,米子市立東山中学校
中国,鳥取県,中学,米子市立福生中学校
中国,鳥取県,中学,米子市立湊山中学校
中国,鳥取県,中学,米子市立後藤ヶ丘中学校
中国,鳥取県,中学,米子市立美保中学校
中国,鳥取県,中学,米子市立弓ヶ浜中学校
中国,鳥取県,中学,米子市立尚徳中学校
中国,鳥取県,中学,米子市立加茂中学校
中国,鳥取県,中学,米子市立箕蚊屋中学校
中国,鳥取県,中学,米子市立福米中学校
中国,鳥取県,中学,倉吉市立東中学校
中国,鳥取県,中学,倉吉市立西中学校
中国,鳥取県,中学,倉吉市立久米中学校
中国,鳥取県,中学,倉吉市立河北中学校
中国,鳥取県,中学,境港市立第一中学校
中国,鳥取県,中学,境港市立第二中学校
中国,鳥取県,中学,境港市立第三中学校
中国,鳥取県,中学,鳥取市立国府中学校
中国,鳥取県,中学,岩美町立岩美中学校
中国,鳥取県,中学,鳥取市立河原中学校
中国,鳥取県,中学,若桜町立若桜学園中学校
中国,鳥取県,中学,智頭町立智頭中学校
中国,鳥取県,中学,鳥取市立気高中学校
中国,鳥取県,中学,鳥取市立青谷中学校
中国,鳥取県,中学,三朝町立三朝中学校
中国,鳥取県,中学,倉吉市立鴨川中学校
中国,鳥取県,中学,北栄町立大栄中学校
中国,鳥取県,中学,琴浦町立東伯中学校
中国,鳥取県,中学,琴浦町立赤碕中学校
中国,鳥取県,中学,南部町立法勝寺中学校
中国,鳥取県,中学,南部町立南部中学校
中国,鳥取県,中学,伯耆町立岸本中学校
中国,鳥取県,中学,米子市立淀江中学校
中国,鳥取県,中学,大山町立大山中学校
中国,鳥取県,中学,大山町立名和中学校
中国,鳥取県,中学,大山町立中山中学校
中国,鳥取県,中学,日南町立日南中学校
中国,鳥取県,中学,伯耆町立溝口中学校
中国,鳥取県,中学,北栄町立北条中学校
中国,鳥取県,中学,米子市立福生中学校いずみ分校
中国,鳥取県,中学,鳥取市立東中学校のぞみ分校
中国,鳥取県,中学,鳥取市立千代南中学校
中国,鳥取県,中学,八頭町立八頭中学校
中国,鳥取県,中学,湯梨浜町立湯梨浜中学校
中国,鳥取県,#N/A,鳥取県立まなびの森学園
中国,鳥取県,中学,米子北斗中学校
中国,鳥取県,中学,湯梨浜学園中学校
中国,鳥取県,中学,青翔開智中学校
中国,鳥取県,高校,鳥取県立鳥取東高等学校
中国,鳥取県,高校,鳥取県立鳥取西高等学校
中国,鳥取県,高校,鳥取県立鳥取商業高等学校
中国,鳥取県,高校,鳥取県立鳥取工業高等学校
中国,鳥取県,高校,鳥取県立岩美高等学校
中国,鳥取県,高校,鳥取県立八頭高等学校
中国,鳥取県,高校,鳥取県立智頭農林高等学校
中国,鳥取県,高校,鳥取県立青谷高等学校
中国,鳥取県,高校,鳥取県立倉吉東高等学校
中国,鳥取県,高校,鳥取県立倉吉西高等学校
中国,鳥取県,高校,鳥取県立倉吉農業高等学校
中国,鳥取県,高校,鳥取県立米子東高等学校
中国,鳥取県,高校,鳥取県立米子西高等学校
中国,鳥取県,高校,鳥取県立米子南高等学校
中国,鳥取県,高校,鳥取県立米子工業高等学校
中国,鳥取県,高校,鳥取県立米子高等学校
中国,鳥取県,高校,鳥取県立境高等学校
中国,鳥取県,高校,鳥取県立日野高等学校
中国,鳥取県,高校,鳥取県立鳥取湖陵高等学校
中国,鳥取県,高校,鳥取県立倉吉総合産業高等学校
中国,鳥取県,高校,鳥取県立鳥取中央育英高等学校
中国,鳥取県,高校,鳥取県立境港総合技術高等学校
中国,鳥取県,高校,鳥取県立鳥取緑風高等学校
中国,鳥取県,高校,鳥取県立米子白鳳高等学校
中国,鳥取県,高校,鳥取敬愛高等学校
中国,鳥取県,高校,鳥取城北高等学校
中国,鳥取県,高校,倉吉北高等学校
中国,鳥取県,高校,米子北高等学校
中国,鳥取県,高校,米子松蔭高等学校
中国,鳥取県,高校,米子北斗高等学校
中国,鳥取県,高校,湯梨浜学園高等学校
中国,鳥取県,高校,青翔開智高等学校
中国,島根県,中学,松江市立第一中学校
中国,島根県,中学,松江市立第二中学校
中国,島根県,中学,松江市立第三中学校
中国,島根県,中学,松江市立第四中学校
中国,島根県,中学,松江市立湖南中学校
中国,島根県,中学,松江市立湖東中学校
中国,島根県,中学,松江市立本庄中学校
中国,島根県,中学,松江市立湖北中学校
中国,島根県,中学,松江市立鹿島中学校
中国,島根県,中学,松江市立島根中学校
中国,島根県,中学,松江市立美保関中学校
中国,島根県,中学,松江市立八雲中学校
中国,島根県,中学,松江市立宍道中学校
中国,島根県,中学,松江市立宍道中学校大野原分校
中国,島根県,中学,松江市立東出雲中学校
中国,島根県,中学,浜田市立第一中学校
中国,島根県,中学,浜田市立第二中学校
中国,島根県,中学,浜田市立第三中学校
中国,島根県,中学,浜田市立浜田東中学校
中国,島根県,中学,浜田市立金城中学校
中国,島根県,中学,浜田市立旭中学校
中国,島根県,中学,浜田市立弥栄中学校
中国,島根県,中学,浜田市立三隅中学校
中国,島根県,中学,出雲市立第一中学校
中国,島根県,中学,出雲市立第二中学校
中国,島根県,中学,出雲市立第三中学校
中国,島根県,中学,出雲市立河南中学校
中国,島根県,中学,出雲市立河南中学校若松分校
中国,島根県,中学,出雲市立浜山中学校
中国,島根県,中学,出雲市立南中学校
中国,島根県,中学,出雲市立平田中学校
中国,島根県,中学,出雲市立向陽中学校
中国,島根県,中学,出雲市立佐田中学校
中国,島根県,中学,出雲市立多伎中学校
中国,島根県,中学,出雲市立湖陵中学校
中国,島根県,中学,出雲市立大社中学校
中国,島根県,中学,出雲市立斐川東中学校
中国,島根県,中学,出雲市立斐川西中学校
中国,島根県,中学,益田市立益田中学校
中国,島根県,中学,益田市立高津中学校
中国,島根県,中学,益田市立益田東中学校
中国,島根県,中学,益田市立東陽中学校
中国,島根県,中学,益田市立横田中学校
中国,島根県,中学,益田市立中西中学校
中国,島根県,中学,益田市立美都中学校
中国,島根県,中学,益田市立匹見中学校
中国,島根県,中学,大田市立第一中学校
中国,島根県,中学,大田市立第二中学校
中国,島根県,中学,大田市立北三瓶中学校
中国,島根県,中学,大田市立志学中学校
中国,島根県,中学,大田市立第三中学校
中国,島根県,中学,大田市立大田西中学校
中国,島根県,中学,安来市立第一中学校
中国,島根県,中学,安来市立第二中学校
中国,島根県,中学,安来市立第三中学校
中国,島根県,中学,安来市立広瀬中学校
中国,島根県,中学,安来市立伯太中学校
中国,島根県,中学,江津市立江津中学校
中国,島根県,中学,江津市立江東中学校
中国,島根県,中学,江津市立青陵中学校
中国,島根県,中学,江津市立桜江中学校
中国,島根県,中学,雲南市立大東中学校
中国,島根県,中学,雲南市立加茂中学校
中国,島根県,中学,雲南市立木次中学校
中国,島根県,中学,雲南市立三刀屋中学校
中国,島根県,中学,雲南市立吉田中学校
中国,島根県,中学,雲南市立掛合中学校
中国,島根県,中学,奥出雲町立仁多中学校
中国,島根県,中学,奥出雲町立横田中学校
中国,島根県,中学,飯南町立頓原中学校
中国,島根県,中学,飯南町立赤来中学校
中国,島根県,中学,川本町立川本中学校
中国,島根県,中学,美郷町立邑智中学校
中国,島根県,中学,美郷町立大和中学校
中国,島根県,中学,邑南町立羽須美中学校
中国,島根県,中学,邑南町立瑞穂中学校
中国,島根県,中学,邑南町立石見中学校
中国,島根県,中学,津和野町立津和野中学校
中国,島根県,中学,津和野町立日原中学校
中国,島根県,中学,吉賀町立柿木中学校
中国,島根県,中学,吉賀町立吉賀中学校
中国,島根県,中学,吉賀町立六日市中学校
中国,島根県,中学,海士町立海士中学校
中国,島根県,中学,西ノ島町立西ノ島中学校
中国,島根県,中学,知夫村立知夫中学校
中国,島根県,中学,隠岐の島町立西郷中学校
中国,島根県,中学,隠岐の島町立西郷南中学校
中国,島根県,中学,隠岐の島町立五箇中学校
中国,島根県,中学,隠岐の島町立都万中学校
中国,島根県,中学,開星中学校
中国,島根県,中学,松徳学院中学校
中国,島根県,中学,出雲北陵中学校
中国,島根県,高校,島根県立松江北高等学校
中国,島根県,高校,島根県立松江南高等学校
中国,島根県,高校,島根県立松江東高等学校
中国,島根県,高校,島根県立松江工業高等学校
中国,島根県,高校,島根県立松江商業高等学校
中国,島根県,高校,島根県立松江農林高等学校
中国,島根県,高校,島根県立宍道高等学校
中国,島根県,高校,松江市立皆美が丘女子高等学校
中国,島根県,高校,島根県立浜田高等学校
中国,島根県,高校,島根県立浜田商業高等学校
中国,島根県,高校,島根県立浜田水産高等学校
中国,島根県,高校,島根県立平田高等学校
中国,島根県,高校,島根県立出雲高等学校
中国,島根県,高校,島根県立出雲工業高等学校
中国,島根県,高校,島根県立出雲商業高等学校
中国,島根県,高校,島根県立出雲農林高等学校
中国,島根県,高校,島根県立大社高等学校
中国,島根県,高校,島根県立益田高等学校
中国,島根県,高校,島根県立益田翔陽高等学校
中国,島根県,高校,島根県立大田高等学校
中国,島根県,高校,島根県立邇摩高等学校
中国,島根県,高校,島根県立安来高等学校
中国,島根県,高校,島根県立情報科学高等学校
中国,島根県,高校,島根県立江津高等学校
中国,島根県,高校,島根県立江津工業高等学校
中国,島根県,高校,島根県立大東高等学校
中国,島根県,高校,島根県立三刀屋高等学校
中国,島根県,高校,島根県立三刀屋高等学校掛合分校
中国,島根県,高校,島根県立横田高等学校
中国,島根県,高校,島根県立飯南高等学校
中国,島根県,高校,島根県立島根中央高等学校
中国,島根県,高校,島根県立矢上高等学校
中国,島根県,高校,島根県立津和野高等学校
中国,島根県,高校,島根県立吉賀高等学校
中国,島根県,高校,島根県立隠岐島前高等学校
中国,島根県,高校,島根県立隠岐高等学校
中国,島根県,高校,島根県立隠岐水産高等学校
中国,島根県,高校,開星高等学校
中国,島根県,高校,立正大学淞南高等学校
中国,島根県,高校,松徳学院高等学校
中国,島根県,高校,松江西高等学校
中国,島根県,高校,出雲北陵高等学校
中国,島根県,高校,出雲西高等学校
中国,島根県,高校,明誠高等学校
中国,島根県,高校,益田東高等学校
中国,島根県,高校,石見智翠館高等学校
中国,島根県,高校,キリスト教愛真高等学校
中国,岡山県,中学,岡山大学附属中学校
中国,岡山県,中学,岡山市立岡北中学校
中国,岡山県,中学,岡山市立石井中学校
中国,岡山県,中学,岡山市立桑田中学校
中国,岡山県,中学,岡山市立岡輝中学校
中国,岡山県,中学,岡山市立福浜中学校
中国,岡山県,中学,岡山市立東山中学校
中国,岡山県,中学,岡山市立操山中学校
中国,岡山県,中学,岡山市立操南中学校
中国,岡山県,中学,岡山市立御南中学校
中国,岡山県,中学,岡山市立光南台中学校
中国,岡山県,中学,岡山市立竜操中学校
中国,岡山県,中学,岡山市立京山中学校
中国,岡山県,中学,岡山市立福南中学校
中国,岡山県,中学,岡山市立芳泉中学校
中国,岡山県,中学,岡山市立高島中学校
中国,岡山県,中学,岡山市立芳田中学校
中国,岡山県,中学,岡山市立富山中学校
中国,岡山県,中学,岡山市立岡山後楽館中学校
中国,岡山県,中学,岡山市立岡山中央中学校
中国,岡山県,中学,倉敷市立東中学校
中国,岡山県,中学,倉敷市立西中学校
中国,岡山県,中学,倉敷市立南中学校
中国,岡山県,中学,倉敷市立北中学校
中国,岡山県,中学,倉敷市立多津美中学校
中国,岡山県,中学,倉敷市立倉敷第一中学校
中国,岡山県,中学,倉敷市立福田中学校
中国,岡山県,中学,倉敷市立水島中学校
中国,岡山県,中学,倉敷市立連島中学校
中国,岡山県,中学,倉敷市立味野中学校
中国,岡山県,中学,倉敷市立児島中学校
中国,岡山県,中学,倉敷市立琴浦中学校
中国,岡山県,中学,倉敷市立郷内中学校
中国,岡山県,中学,倉敷市立玉島東中学校
中国,岡山県,中学,倉敷市立玉島西中学校
中国,岡山県,中学,倉敷市立玉島北中学校
中国,岡山県,中学,倉敷市立黒崎中学校
中国,岡山県,中学,倉敷市立東陽中学校
中国,岡山県,中学,倉敷市立福田南中学校
中国,岡山県,中学,倉敷市立新田中学校
中国,岡山県,中学,倉敷市立連島南中学校
中国,岡山県,中学,岡山県立倉敷天城中学校
中国,岡山県,中学,津山市立北陵中学校
中国,岡山県,中学,津山市立鶴山中学校
中国,岡山県,中学,津山市立津山東中学校
中国,岡山県,中学,津山市立津山西中学校
中国,岡山県,中学,津山市立中道中学校
中国,岡山県,中学,岡山県立津山中学校
中国,岡山県,中学,玉野市立宇野中学校
中国,岡山県,中学,玉野市立玉中学校
中国,岡山県,中学,玉野市立日比中学校
中国,岡山県,中学,玉野市立山田中学校
中国,岡山県,中学,玉野市立荘内中学校
中国,岡山県,中学,玉野市立八浜中学校
中国,岡山県,中学,笠岡市立笠岡東中学校
中国,岡山県,中学,笠岡市立笠岡西中学校
中国,岡山県,中学,笠岡市立金浦中学校
中国,岡山県,中学,笠岡市立新吉中学校
中国,岡山県,中学,笠岡市立大島中学校
中国,岡山県,中学,笠岡市立神島外中学校
中国,岡山県,中学,笠岡市・矢掛町中学校組合立小北中学校
中国,岡山県,中学,岡山市立西大寺中学校
中国,岡山県,中学,岡山市立上南中学校
中国,岡山県,中学,岡山市立旭東中学校
中国,岡山県,中学,岡山県立岡山操山中学校
中国,岡山県,中学,岡山市立緑ヶ丘中学校
中国,岡山県,中学,井原市立高屋中学校
中国,岡山県,中学,井原市立木之子中学校
中国,岡山県,中学,井原市立井原中学校
中国,岡山県,中学,総社市立総社中学校
中国,岡山県,中学,総社市立総社東中学校
中国,岡山県,中学,総社市立総社西中学校
中国,岡山県,中学,高梁市立高梁中学校
中国,岡山県,中学,高梁市立高梁北中学校
中国,岡山県,中学,高梁市立高梁東中学校
中国,岡山県,中学,新見市立新見第一中学校
中国,岡山県,中学,新見市立新見南中学校
中国,岡山県,中学,岡山市立御津中学校
中国,岡山県,中学,岡山市立中山中学校
中国,岡山県,中学,岡山市立建部中学校
中国,岡山県,中学,岡山市立香和中学校
中国,岡山県,中学,吉備中央町立加賀中学校
中国,岡山県,中学,岡山市立瀬戸中学校
中国,岡山県,中学,赤磐市立高陽中学校
中国,岡山県,中学,赤磐市立桜が丘中学校
中国,岡山県,中学,赤磐市立赤坂中学校
中国,岡山県,中学,赤磐市立磐梨中学校
中国,岡山県,中学,赤磐市立吉井中学校
中国,岡山県,中学,備前市立備前中学校
中国,岡山県,中学,備前市立伊里中学校
中国,岡山県,中学,備前市立日生中学校
中国,岡山県,中学,備前市立三石中学校
中国,岡山県,中学,備前市立吉永中学校
中国,岡山県,中学,和気町立和気中学校
中国,岡山県,中学,和気町立佐伯中学校
中国,岡山県,中学,瀬戸内市立牛窓中学校
中国,岡山県,中学,瀬戸内市立邑久中学校
中国,岡山県,中学,瀬戸内市立長船中学校
中国,岡山県,中学,岡山市立上道中学校
中国,岡山県,中学,岡山市立灘崎中学校
中国,岡山県,中学,玉野市立東児中学校
中国,岡山県,中学,岡山市立興除中学校
中国,岡山県,中学,岡山市立藤田中学校
中国,岡山県,中学,岡山市立吉備中学校
中国,岡山県,中学,早島町立早島中学校
中国,岡山県,中学,岡山市立妹尾中学校
中国,岡山県,中学,倉敷市立庄中学校
中国,岡山県,中学,岡山市立福田中学校
中国,岡山県,中学,倉敷市立船穂中学校
中国,岡山県,中学,浅口市立金光中学校
中国,岡山県,中学,浅口市立鴨方中学校
中国,岡山県,中学,里庄町立里庄中学校
中国,岡山県,中学,矢掛町立矢掛中学校
中国,岡山県,中学,井原市立美星中学校
中国,岡山県,中学,井原市立芳井中学校
中国,岡山県,中学,岡山市立高松中学校
中国,岡山県,中学,岡山市立足守中学校
中国,岡山県,中学,倉敷市立真備中学校
中国,岡山県,中学,倉敷市立真備東中学校
中国,岡山県,中学,真庭市立北房中学校
中国,岡山県,中学,高梁市立成羽中学校
中国,岡山県,中学,高梁市立川上中学校
中国,岡山県,中学,新見市立大佐中学校
中国,岡山県,中学,新見市立哲多中学校
中国,岡山県,中学,新見市立哲西中学校
中国,岡山県,中学,真庭市立勝山中学校
中国,岡山県,中学,真庭市立落合中学校
中国,岡山県,中学,真庭市立湯原中学校
中国,岡山県,中学,真庭市立久世中学校
中国,岡山県,中学,新庄村立新庄中学校
中国,岡山県,中学,真庭市立蒜山中学校
中国,岡山県,中学,津山市立加茂中学校
中国,岡山県,中学,鏡野町立鏡野中学校
中国,岡山県,中学,美作市立勝田中学校
中国,岡山県,中学,勝央町立勝央中学校
中国,岡山県,中学,奈義町立奈義中学校
中国,岡山県,中学,津山市立勝北中学校
中国,岡山県,中学,美作市立大原中学校
中国,岡山県,中学,美作市立美作中学校
中国,岡山県,中学,美作市立作東中学校
中国,岡山県,中学,美作市立英田中学校
中国,岡山県,中学,西粟倉村立西粟倉中学校
中国,岡山県,中学,美咲町立中央中学校
中国,岡山県,中学,久米南町立久米南中学校
中国,岡山県,中学,津山市立久米中学校
中国,岡山県,中学,山陽学園中学校
中国,岡山県,中学,就実中学校
中国,岡山県,中学,岡山中学校
中国,岡山県,中学,岡山理科大学附属中学校
中国,岡山県,中学,岡山学芸館清秀中学校
中国,岡山県,中学,吉備高原希望中学校
中国,岡山県,中学,岡山白陵中学校
中国,岡山県,中学,清心中学校
中国,岡山県,中学,金光学園中学校
中国,岡山県,#N/A,蒼明学院中等部
中国,岡山県,高校,岡山県立岡山朝日高等学校
中国,岡山県,高校,岡山県立岡山操山高等学校
中国,岡山県,高校,岡山県立岡山工業高等学校
中国,岡山県,高校,岡山県立東岡山工業高等学校
中国,岡山県,高校,岡山県立岡山東商業高等学校
中国,岡山県,高校,岡山県立岡山南高等学校
中国,岡山県,高校,岡山県立倉敷青陵高等学校
中国,岡山県,高校,岡山県立倉敷天城高等学校
中国,岡山県,高校,岡山県立倉敷中央高等学校
中国,岡山県,高校,岡山県立倉敷工業高等学校
中国,岡山県,高校,岡山県立水島工業高等学校
中国,岡山県,高校,岡山県立倉敷商業高等学校
中国,岡山県,高校,岡山県立玉島高等学校
中国,岡山県,高校,岡山県立玉島商業高等学校
中国,岡山県,高校,岡山県立津山高等学校
中国,岡山県,高校,岡山県立津山工業高等学校
中国,岡山県,高校,岡山県立津山商業高等学校
中国,岡山県,高校,岡山県立津山東高等学校
中国,岡山県,高校,岡山県立玉野高等学校
中国,岡山県,高校,岡山県立笠岡高等学校
中国,岡山県,高校,岡山県立笠岡工業高等学校
中国,岡山県,高校,岡山県立笠岡商業高等学校
中国,岡山県,高校,岡山県立西大寺高等学校
中国,岡山県,高校,岡山県立井原高等学校
中国,岡山県,高校,岡山県立総社高等学校
中国,岡山県,高校,岡山県立高梁高等学校
中国,岡山県,高校,岡山県立新見高等学校
中国,岡山県,高校,岡山県立瀬戸高等学校
中国,岡山県,高校,岡山県立瀬戸南高等学校
中国,岡山県,高校,岡山県立和気閑谷高等学校
中国,岡山県,高校,岡山県立邑久高等学校
中国,岡山県,高校,岡山県立興陽高等学校
中国,岡山県,高校,岡山県立鴨方高等学校
中国,岡山県,高校,岡山県立矢掛高等学校
中国,岡山県,高校,岡山県立高松農業高等学校
中国,岡山県,高校,岡山県立勝山高等学校
中国,岡山県,高校,岡山県立勝間田高等学校
中国,岡山県,高校,岡山県立林野高等学校
中国,岡山県,高校,岡山県立岡山芳泉高等学校
中国,岡山県,高校,岡山県立倉敷南高等学校
中国,岡山県,高校,岡山県立岡山一宮高等学校
中国,岡山県,高校,岡山県立倉敷古城池高等学校
中国,岡山県,高校,岡山県立玉野光南高等学校
中国,岡山県,高校,岡山県立総社南高等学校
中国,岡山県,高校,岡山県立岡山城東高等学校
中国,岡山県,高校,岡山県立備前緑陽高等学校
中国,岡山県,高校,岡山県立高梁城南高等学校
中国,岡山県,高校,岡山県立真庭高等学校
中国,岡山県,高校,玉野市立玉野商工高等学校
中国,岡山県,高校,岡山県立岡山御津高等学校
中国,岡山県,高校,岡山県立倉敷鷲羽高等学校
中国,岡山県,高校,岡山県立烏城高等学校
中国,岡山県,高校,倉敷市立精思高等学校
中国,岡山県,高校,倉敷市立工業高等学校
中国,岡山県,高校,玉野市立玉野備南高等学校
中国,岡山県,高校,井原市立高等学校
中国,岡山県,高校,高梁市立宇治高等学校
中国,岡山県,高校,備前市立片上高等学校
中国,岡山県,高校,高梁市立松山高等学校
中国,岡山県,高校,倉敷市立真備陵南高等学校
中国,岡山県,高校,岡山市立岡山後楽館高等学校
中国,岡山県,高校,倉敷市立倉敷翔南高等学校
中国,岡山県,高校,倉敷市立精思高等学校霞丘校
中国,岡山県,高校,関西高等学校
中国,岡山県,高校,岡山商科大学附属高等学校
中国,岡山県,高校,山陽学園高等学校
中国,岡山県,高校,就実高等学校
中国,岡山県,高校,創志学園高等学校
中国,岡山県,高校,明誠学院高等学校
中国,岡山県,高校,倉敷高等学校
中国,岡山県,高校,岡山理科大学附属高等学校
中国,岡山県,高校,倉敷翠松高等学校
中国,岡山県,高校,岡山県美作高等学校
中国,岡山県,高校,作陽学園高等学校
中国,岡山県,高校,岡山龍谷高等学校
中国,岡山県,高校,岡山学芸館高等学校
中国,岡山県,高校,興譲館高等学校
中国,岡山県,高校,方谷學舎高等学校
中国,岡山県,高校,清心女子高等学校
中国,岡山県,高校,おかやま山陽高等学校
中国,岡山県,高校,金光学園高等学校
中国,岡山県,高校,川崎医科大学附属高等学校
中国,岡山県,高校,岡山県共生高等学校
中国,岡山県,高校,岡山白陵高等学校
中国,岡山県,高校,岡山高等学校
中国,岡山県,高校,吉備高原学園高等学校
中国,岡山県,高校,鹿島朝日高等学校
中国,岡山県,高校,滋慶学園高等学校
中国,岡山県,高校,ワオ高等学校
中国,岡山県,中等教育学校,岡山県立岡山大安寺中等教育学校
中国,岡山県,中等教育学校,朝日塾中等教育学校
中国,広島県,中学,広島大学附属中学校
中国,広島県,中学,広島大学附属東雲中学校
中国,広島県,中学,広島大学附属三原中学校
中国,広島県,中学,広島大学附属福山中学校
中国,広島県,中学,広島市立段原中学校
中国,広島県,中学,広島市立観音中学校
中国,広島県,中学,広島市立翠町中学校
中国,広島県,中学,広島市立宇品中学校
中国,広島県,中学,広島市立幟町中学校
中国,広島県,中学,広島市立江波中学校
中国,広島県,中学,広島市立庚午中学校
中国,広島県,中学,広島市立中広中学校
中国,広島県,中学,広島市立国泰寺中学校
中国,広島県,中学,広島市立大州中学校
中国,広島県,中学,広島市立似島中学校
中国,広島県,中学,広島市立似島学園中学校
中国,広島県,中学,広島市立二葉中学校
中国,広島県,中学,広島市立吉島中学校
中国,広島県,中学,広島市立牛田中学校
中国,広島県,中学,広島市立戸坂中学校
中国,広島県,中学,広島市立己斐中学校
中国,広島県,中学,広島市立仁保中学校
中国,広島県,中学,広島市立楠那中学校
中国,広島県,中学,広島市立井口中学校
中国,広島県,中学,広島市立亀崎中学校
中国,広島県,中学,広島市立安佐南中学校
中国,広島県,中学,広島市立三入中学校
中国,広島県,中学,広島市立長束中学校
中国,広島県,中学,広島市立口田中学校
中国,広島県,中学,広島市立福木中学校
中国,広島県,中学,広島市立古田中学校
中国,広島県,中学,広島市立高取北中学校
中国,広島県,中学,広島市立己斐上中学校
中国,広島県,中学,広島市立井口台中学校
中国,広島県,中学,呉市立仁方中学校
中国,広島県,中学,呉市立広南中学校
中国,広島県,中学,呉市立広中央中学校
中国,広島県,中学,呉市立横路中学校
中国,広島県,中学,呉市立阿賀中学校
中国,広島県,中学,呉市立大冠中学校
中国,広島県,中学,呉市立警固屋中学校
中国,広島県,中学,呉市立宮原中学校
中国,広島県,中学,呉市立和庄中学校
中国,広島県,中学,呉市立東畑中学校
中国,広島県,中学,呉市立片山中学校
中国,広島県,中学,呉市立呉中央中学校
中国,広島県,中学,呉市立両城中学校
中国,広島県,中学,呉市立吉浦中学校
中国,広島県,中学,呉市立昭和中学校
中国,広島県,中学,呉市立郷原中学校
中国,広島県,中学,呉市立昭和北中学校
中国,広島県,中学,呉市立白岳中学校
中国,広島県,中学,呉市立豊浜中学校
中国,広島県,中学,竹原市立竹原中学校
中国,広島県,中学,竹原市立賀茂川中学校
中国,広島県,中学,三原市立第一中学校
中国,広島県,中学,三原市立第二中学校
中国,広島県,中学,三原市立第三中学校
中国,広島県,中学,三原市立第四中学校
中国,広島県,中学,三原市立第五中学校
中国,広島県,中学,三原市立幸崎中学校
中国,広島県,中学,三原市立宮浦中学校
中国,広島県,中学,尾道市立栗原中学校
中国,広島県,中学,尾道市立吉和中学校
中国,広島県,中学,尾道市立日比崎中学校
中国,広島県,中学,尾道市立美木中学校
中国,広島県,中学,尾道市立高西中学校
中国,広島県,中学,尾道市立百島中学校
中国,広島県,中学,尾道市立浦崎中学校
中国,広島県,中学,尾道市立因北中学校
中国,広島県,中学,尾道市立重井中学校
中国,広島県,中学,尾道市立因島南中学校
中国,広島県,中学,福山市立東中学校
中国,広島県,中学,福山市立城北中学校
中国,広島県,中学,福山市立城南中学校
中国,広島県,中学,福山市立鷹取中学校
中国,広島県,中学,福山市立城東中学校
中国,広島県,中学,福山市立幸千中学校
中国,広島県,中学,福山市立済美中学校
中国,広島県,中学,福山市立向丘中学校
中国,広島県,中学,福山市立鳳中学校
中国,広島県,中学,福山市立培遠中学校
中国,広島県,中学,福山市立大成館中学校
中国,広島県,中学,福山市立松永中学校
中国,広島県,中学,福山市立精華中学校
中国,広島県,中学,福山市立中央中学校
中国,広島県,中学,福山市立誠之中学校
中国,広島県,中学,福山市立一ツ橋中学校
中国,広島県,中学,福山市立福山中学校
中国,広島県,中学,府中市立第一中学校
中国,広島県,中学,三次市立三次中学校
中国,広島県,中学,三次市立十日市中学校
中国,広島県,中学,三次市立塩町中学校
中国,広島県,中学,三次市立川地中学校
中国,広島県,中学,三次市立八次中学校
中国,広島県,中学,庄原市立庄原中学校
中国,広島県,中学,大竹市立玖波中学校
中国,広島県,中学,大竹市立小方中学校
中国,広島県,中学,大竹市立大竹中学校
中国,広島県,中学,広島市立温品中学校
中国,広島県,中学,広島市立早稲田中学校
中国,広島県,中学,府中町立府中中学校
中国,広島県,中学,府中町立府中緑ケ丘中学校
中国,広島県,中学,広島市立船越中学校
中国,広島県,中学,広島市立瀬野川中学校
中国,広島県,中学,広島市立瀬野川東中学校
中国,広島県,中学,広島市立阿戸中学校
中国,広島県,中学,熊野町立熊野中学校
中国,広島県,中学,熊野町立熊野東中学校
中国,広島県,中学,広島市立矢野中学校
中国,広島県,中学,坂町立坂中学校
中国,広島県,中学,江田島市立江田島中学校
中国,広島県,中学,呉市立音戸中学校
中国,広島県,中学,呉市立音戸西中学校
中国,広島県,中学,呉市立倉橋中学校
中国,広島県,中学,呉市立蒲刈中学校
中国,広島県,中学,広島市立五日市中学校
中国,広島県,中学,広島市立三和中学校
中国,広島県,中学,広島市立五日市南中学校
中国,広島県,中学,広島市立五月が丘中学校
中国,広島県,中学,広島市立五日市観音中学校
中国,広島県,中学,広島市立美鈴が丘中学校
中国,広島県,中学,広島市立城山中学校
中国,広島県,中学,廿日市市立廿日市中学校
中国,広島県,中学,廿日市市立七尾中学校
中国,広島県,中学,廿日市市立阿品台中学校
中国,広島県,中学,廿日市市立野坂中学校
中国,広島県,中学,廿日市市立四季が丘中学校
中国,広島県,中学,廿日市市立大野中学校
中国,広島県,中学,廿日市市立大野東中学校
中国,広島県,中学,広島市立砂谷中学校
中国,広島県,中学,広島市立湯来中学校
中国,広島県,中学,廿日市市立佐伯中学校
中国,広島県,中学,廿日市市立吉和中学校
中国,広島県,中学,廿日市市立宮島中学校
中国,広島県,中学,江田島市立能美中学校
中国,広島県,中学,江田島市立大柿中学校
中国,広島県,中学,広島市立祇園中学校
中国,広島県,中学,広島市立祇園東中学校
中国,広島県,中学,広島市立城山北中学校
中国,広島県,中学,広島市立東原中学校
中国,広島県,中学,広島市立伴中学校
中国,広島県,中学,広島市立戸山中学校
中国,広島県,中学,広島市立大塚中学校
中国,広島県,中学,広島市立清和中学校
中国,広島県,中学,広島市立可部中学校
中国,広島県,中学,広島市立亀山中学校
中国,広島県,中学,広島市立高陽中学校
中国,広島県,中学,広島市立落合中学校
中国,広島県,中学,安芸太田町立加計中学校
中国,広島県,中学,安芸太田町立安芸太田中学校
中国,広島県,中学,北広島町立芸北中学校
中国,広島県,中学,北広島町立大朝中学校
中国,広島県,中学,北広島町立千代田中学校
中国,広島県,中学,安芸高田市立吉田中学校
中国,広島県,中学,安芸高田市立八千代中学校
中国,広島県,中学,安芸高田市立美土里中学校
中国,広島県,中学,安芸高田市立高宮中学校
中国,広島県,中学,安芸高田市立甲田中学校
中国,広島県,中学,安芸高田市立向原中学校
中国,広島県,中学,広島市立白木中学校
中国,広島県,中学,東広島市立西条中学校
中国,広島県,中学,東広島市立向陽中学校
中国,広島県,中学,東広島市立磯松中学校
中国,広島県,中学,東広島市立松賀中学校
中国,広島県,中学,東広島市立高美が丘中学校
中国,広島県,中学,東広島市立黒瀬中学校
中国,広島県,中学,東広島市立八本松中学校
中国,広島県,中学,東広島市立志和中学校
中国,広島県,中学,東広島市立福富中学校
中国,広島県,中学,東広島市立豊栄中学校
中国,広島県,中学,三原市立大和中学校
中国,広島県,中学,東広島市立河内中学校
中国,広島県,中学,東広島市立高屋中学校
中国,広島県,中学,三原市立本郷中学校
中国,広島県,中学,東広島市立安芸津中学校
中国,広島県,中学,東広島市立中央中学校
中国,広島県,中学,東広島市立もみじ中学校
中国,広島県,中学,呉市立安浦中学校
中国,広島県,中学,呉市立川尻中学校
中国,広島県,中学,大崎上島町立大崎上島中学校
中国,広島県,中学,尾道市立瀬戸田中学校
中国,広島県,中学,尾道市立御調中学校
中国,広島県,中学,三原市立久井中学校
中国,広島県,中学,尾道市立向東中学校
中国,広島県,中学,尾道市立向島中学校
中国,広島県,中学,世羅町立甲山中学校
中国,広島県,中学,世羅町立世羅中学校
中国,広島県,中学,世羅町立世羅西中学校
中国,広島県,中学,福山市立神辺中学校
中国,広島県,中学,福山市立神辺東中学校
中国,広島県,中学,福山市立神辺西中学校
中国,広島県,中学,福山市立芦田中学校
中国,広島県,中学,福山市立駅家中学校
中国,広島県,中学,福山市立城西中学校
中国,広島県,中学,福山市立大門中学校
中国,広島県,中学,福山市立東朋中学校
中国,広島県,中学,福山市立駅家南中学校
中国,広島県,中学,神石高原町立神石高原中学校
中国,広島県,中学,神石高原町立三和中学校
中国,広島県,中学,府中市立上下中学校
中国,広島県,中学,庄原市立総領中学校
中国,広島県,中学,三次市立甲奴中学校
中国,広島県,中学,三次市立布野中学校
中国,広島県,中学,三次市立作木中学校
中国,広島県,中学,三次市立吉舎中学校
中国,広島県,中学,三次市立三良坂中学校
中国,広島県,中学,三次市立三和中学校
中国,広島県,中学,庄原市立西城中学校
中国,広島県,中学,庄原市立東城中学校
中国,広島県,中学,庄原市立口和中学校
中国,広島県,中学,庄原市立高野中学校
中国,広島県,中学,庄原市立比和中学校
中国,広島県,中学,海田町立海田西中学校
中国,広島県,中学,海田町立海田中学校
中国,広島県,中学,呉市立明徳中学校
中国,広島県,中学,広島市立安佐中学校
中国,広島県,中学,広島市立城南中学校
中国,広島県,中学,広島市立安西中学校
中国,広島県,中学,広島市立日浦中学校
中国,広島県,中学,福山市立至誠中学校
中国,広島県,中学,広島県立広島中学校
中国,広島県,中学,広島県立三次中学校
中国,広島県,中学,広島県立広島叡智学園中学校
中国,広島県,中学,福山市立新市中央中学校
中国,広島県,中学,福山市立広瀬学園中学校
中国,広島県,中学,福山市立加茂中学校
中国,広島県,中学,尾道市立尾道みなと中学校
中国,広島県,中学,修道中学校
中国,広島県,中学,広島女学院中学校
中国,広島県,中学,安田女子中学校
中国,広島県,中学,ノートルダム清心中学校
中国,広島県,中学,広陵中学校
中国,広島県,中学,山陽中学校
中国,広島県,中学,広島翔洋中学校
中国,広島県,中学,崇徳中学校
中国,広島県,中学,進徳女子中学校
中国,広島県,中学,比治山女子中学校
中国,広島県,中学,広島城北中学校
中国,広島県,中学,広島学院中学校
中国,広島県,中学,武田中学校
中国,広島県,中学,呉青山中学校
中国,広島県,中学,如水館中学校
中国,広島県,中学,尾道中学校
中国,広島県,中学,福山暁の星女子中学校
中国,広島県,中学,盈進中学校
中国,広島県,中学,英数学館中学校
中国,広島県,中学,近畿大学附属広島中学校福山校
中国,広島県,中学,銀河学院中学校
中国,広島県,中学,広島なぎさ中学校
中国,広島県,中学,ＡＩＣＪ中学校
中国,広島県,中学,広島修道大学ひろしま協創中学校
中国,広島県,中学,広島新庄中学校
中国,広島県,中学,広島三育学院中学校
中国,広島県,中学,近畿大学附属広島中学校東広島校
中国,広島県,#N/A,山陽女学園中等部
中国,広島県,中学,広島国際学院中学校
中国,広島県,高校,広島大学附属高等学校
中国,広島県,高校,広島大学附属福山高等学校
中国,広島県,高校,広島県立広島皆実高等学校
中国,広島県,高校,広島県立広島国泰寺高等学校
中国,広島県,高校,広島県立広島観音高等学校
中国,広島県,高校,広島県立高陽高等学校
中国,広島県,高校,広島県立安芸南高等学校
中国,広島県,高校,広島県立広高等学校
中国,広島県,高校,広島県立呉宮原高等学校
中国,広島県,高校,広島県立呉三津田高等学校
中国,広島県,高校,広島県立三原高等学校
中国,広島県,高校,広島県立三原東高等学校
中国,広島県,高校,広島県立尾道東高等学校
中国,広島県,高校,広島県立尾道北高等学校
中国,広島県,高校,広島県立福山誠之館高等学校
中国,広島県,高校,広島県立福山葦陽高等学校
中国,広島県,高校,広島県立海田高等学校
中国,広島県,高校,広島県立熊野高等学校
中国,広島県,高校,広島県立音戸高等学校
中国,広島県,高校,広島県立安芸府中高等学校
中国,広島県,高校,広島県立廿日市高等学校
中国,広島県,高校,広島県立廿日市西高等学校
中国,広島県,高校,広島県立湯来南高等学校
中国,広島県,高校,広島県立大竹高等学校
中国,広島県,高校,広島県立佐伯高等学校
中国,広島県,高校,広島県立大柿高等学校
中国,広島県,高校,広島県立可部高等学校
中国,広島県,高校,広島県立加計高等学校
中国,広島県,高校,広島県立加計高等学校芸北分校
中国,広島県,高校,広島県立千代田高等学校
中国,広島県,高校,広島県立吉田高等学校
中国,広島県,高校,広島県立向原高等学校
中国,広島県,高校,広島県立賀茂高等学校
中国,広島県,高校,広島県立黒瀬高等学校
中国,広島県,高校,広島県立賀茂北高等学校
中国,広島県,高校,広島県立竹原高等学校
中国,広島県,高校,広島県立豊田高等学校
中国,広島県,高校,広島県立忠海高等学校
中国,広島県,高校,広島県立御調高等学校
中国,広島県,高校,広島県立因島高等学校
中国,広島県,高校,広島県立世羅高等学校
中国,広島県,高校,広島県立松永高等学校
中国,広島県,高校,広島県立沼南高等学校
中国,広島県,高校,広島県立府中高等学校
中国,広島県,高校,広島県立油木高等学校
中国,広島県,高校,広島県立上下高等学校
中国,広島県,高校,広島県立三次高等学校
中国,広島県,高校,広島県立庄原格致高等学校
中国,広島県,高校,広島県立東城高等学校
中国,広島県,高校,広島県立瀬戸田高等学校
中国,広島県,高校,広島県立西城紫水高等学校
中国,広島県,高校,広島県立高陽東高等学校
中国,広島県,高校,広島県立日彰館高等学校
中国,広島県,高校,広島県立五日市高等学校
中国,広島県,高校,広島県立河内高等学校
中国,広島県,高校,広島県立安古市高等学校
中国,広島県,高校,広島県立安西高等学校
中国,広島県,高校,広島県立祇園北高等学校
中国,広島県,高校,広島県立大門高等学校
中国,広島県,高校,広島県立福山明王台高等学校
中国,広島県,高校,広島県立広島井口高等学校
中国,広島県,高校,広島県立広島工業高等学校
中国,広島県,高校,広島県立福山工業高等学校
中国,広島県,高校,広島県立呉工業高等学校
中国,広島県,高校,広島県立三次青陵高等学校
中国,広島県,高校,広島県立宮島工業高等学校
中国,広島県,高校,広島県立神辺高等学校
中国,広島県,高校,広島県立神辺旭高等学校
中国,広島県,高校,広島県立大崎海星高等学校
中国,広島県,高校,広島県立戸手高等学校
中国,広島県,高校,広島県立芦品まなび学園高等学校
中国,広島県,高校,広島県立西条農業高等学校
中国,広島県,高校,広島県立庄原実業高等学校
中国,広島県,高校,広島県立尾道商業高等学校
中国,広島県,高校,広島県立広島商業高等学校
中国,広島県,高校,広島県立呉商業高等学校
中国,広島県,高校,広島県立福山商業高等学校
中国,広島県,高校,広島県立広島高等学校
中国,広島県,高校,広島県立総合技術高等学校
中国,広島県,高校,広島市立基町高等学校
中国,広島県,高校,広島市立舟入高等学校
中国,広島県,高校,広島市立沼田高等学校
中国,広島県,高校,広島市立美鈴が丘高等学校
中国,広島県,高校,広島市立広島工業高等学校
中国,広島県,高校,広島市立広島商業高等学校
中国,広島県,高校,広島市立広島みらい創生高等学校
中国,広島県,高校,呉市立呉高等学校
中国,広島県,高校,尾道市立広島県尾道南高等学校
中国,広島県,高校,福山市立福山高等学校
中国,広島県,高校,広島県立府中東高等学校
中国,広島県,高校,広島県立広島叡智学園高等学校
中国,広島県,高校,広島県立東高等学校
中国,広島県,高校,修道高等学校
中国,広島県,高校,崇徳高等学校
中国,広島県,高校,広陵高等学校
中国,広島県,高校,山陽高等学校
中国,広島県,高校,広島県瀬戸内高等学校
中国,広島県,高校,広島桜が丘高等学校
中国,広島県,高校,進徳女子高等学校
中国,広島県,高校,安田女子高等学校
中国,広島県,高校,比治山女子高等学校
中国,広島県,高校,広島女学院高等学校
中国,広島県,高校,ノートルダム清心高等学校
中国,広島県,高校,広島翔洋高等学校
中国,広島県,高校,広島工業大学高等学校
中国,広島県,高校,広島学院高等学校
中国,広島県,高校,広島城北高等学校
中国,広島県,高校,広島なぎさ高等学校
中国,広島県,高校,呉港高等学校
中国,広島県,高校,清水ケ丘高等学校
中国,広島県,高校,呉青山高等学校
中国,広島県,高校,如水館高等学校
中国,広島県,高校,広島三育学院高等学校
中国,広島県,高校,尾道高等学校
中国,広島県,高校,盈進高等学校
中国,広島県,高校,福山暁の星女子高等学校
中国,広島県,高校,近畿大学附属広島高等学校福山校
中国,広島県,高校,銀河学院高等学校
中国,広島県,高校,英数学館高等学校
中国,広島県,高校,広島国際学院高等学校
中国,広島県,#N/A,山陽女学園高等部
中国,広島県,高校,ＡＩＣＪ高等学校
中国,広島県,高校,広島文教大学附属高等学校
中国,広島県,高校,広島修道大学ひろしま協創高等学校
中国,広島県,高校,広島新庄高等学校
中国,広島県,高校,武田高等学校
中国,広島県,高校,近畿大学附属広島高等学校東広島校
中国,広島県,高校,並木学院高等学校
中国,広島県,高校,東林館高等学校
中国,広島県,高校,東林館高等学校呉分校
中国,広島県,高校,並木学院福山高等学校
中国,広島県,高校,シンギュラリティ高等学校
中国,広島県,中等教育学校,広島市立広島中等教育学校
中国,山口県,中学,山口大学教育学部附属山口中学校
中国,山口県,中学,下関市立日新中学校
中国,山口県,中学,下関市立向洋中学校
中国,山口県,中学,下関市立文洋中学校
中国,山口県,中学,下関市立名陵中学校
中国,山口県,中学,下関市立東部中学校
中国,山口県,中学,下関市立長府中学校
中国,山口県,中学,下関市立勝山中学校
中国,山口県,中学,下関市立川中中学校
中国,山口県,中学,下関市立安岡中学校
中国,山口県,中学,下関市立吉見中学校
中国,山口県,中学,下関市立彦島中学校
中国,山口県,中学,下関市立木屋川中学校
中国,山口県,中学,下関市立内日中学校
中国,山口県,中学,下関市立山の田中学校
中国,山口県,中学,下関市立玄洋中学校
中国,山口県,中学,下関市立垢田中学校
中国,山口県,中学,下関市立長成中学校
中国,山口県,中学,宇部市立東岐波中学校
中国,山口県,中学,宇部市立西岐波中学校
中国,山口県,中学,宇部市立常盤中学校
中国,山口県,中学,宇部市立上宇部中学校
中国,山口県,中学,宇部市立神原中学校
中国,山口県,中学,宇部市立桃山中学校
中国,山口県,中学,宇部市立藤山中学校
中国,山口県,中学,宇部市立厚南中学校
中国,山口県,中学,宇部市立川上中学校
中国,山口県,中学,宇部市立黒石中学校
中国,山口県,中学,宇部市立厚東川中学校
中国,山口県,中学,山口市立宮野中学校
中国,山口県,中学,山口市立大殿中学校
中国,山口県,中学,山口市立白石中学校
中国,山口県,中学,山口市立湯田中学校
中国,山口県,中学,山口市立鴻南中学校
中国,山口県,中学,山口市立二島中学校
中国,山口県,中学,山口市立川西中学校
中国,山口県,中学,山口市立潟上中学校
中国,山口県,中学,山口市立仁保中学校
中国,山口県,中学,山口市立大内中学校
中国,山口県,中学,山口市立平川中学校
中国,山口県,中学,山口市立大内中学校氷上分校
中国,山口県,中学,萩市立越ヶ浜中学校
中国,山口県,中学,萩市立三見中学校
中国,山口県,中学,萩市立大井中学校
中国,山口県,中学,萩市立大島中学校
中国,山口県,中学,萩市立相島中学校
中国,山口県,中学,萩市立見島中学校
中国,山口県,中学,萩市立萩東中学校
中国,山口県,中学,萩市立萩西中学校
中国,山口県,中学,周南市立鼓南中学校
中国,山口県,中学,周南市立太華中学校
中国,山口県,中学,周南市立岐陽中学校
中国,山口県,中学,周南市立住吉中学校
中国,山口県,中学,周南市立菊川中学校
中国,山口県,中学,周南市立桜田中学校
中国,山口県,中学,周南市立大津島中学校
中国,山口県,中学,周南市立須金中学校
中国,山口県,中学,周南市立須々万中学校
中国,山口県,中学,周南市立周陽中学校
中国,山口県,中学,周南市立秋月中学校
中国,山口県,中学,防府市立富海中学校
中国,山口県,中学,防府市立国府中学校
中国,山口県,中学,防府市立桑山中学校
中国,山口県,中学,防府市立野島中学校
中国,山口県,中学,防府市立華陽中学校
中国,山口県,中学,防府市立華西中学校
中国,山口県,中学,防府市立佐波中学校
中国,山口県,中学,防府市立小野中学校
中国,山口県,中学,防府市立右田中学校
中国,山口県,中学,防府市立大道中学校
中国,山口県,中学,防府市立牟礼中学校
中国,山口県,中学,下松市立下松中学校
中国,山口県,中学,下松市立久保中学校
中国,山口県,中学,下松市立末武中学校
中国,山口県,中学,岩国市立御庄中学校
中国,山口県,中学,岩国市立通津中学校
中国,山口県,中学,岩国市立岩国中学校
中国,山口県,中学,岩国市立麻里布中学校
中国,山口県,中学,岩国市立川下中学校
中国,山口県,中学,岩国市立灘中学校
中国,山口県,中学,岩国市立柱島中学校
中国,山口県,中学,岩国市立黒島中学校
中国,山口県,中学,岩国市立端島中学校
中国,山口県,中学,岩国市立東中学校
中国,山口県,中学,岩国市立平田中学校
中国,山口県,中学,岩国市立岩国西中学校
中国,山口県,中学,山陽小野田市立高千帆中学校
中国,山口県,中学,山陽小野田市立小野田中学校
中国,山口県,中学,山陽小野田市立竜王中学校松原分校
中国,山口県,中学,山陽小野田市立竜王中学校
中国,山口県,中学,光市立室積中学校
中国,山口県,中学,光市立光井中学校
中国,山口県,中学,光市立浅江中学校
中国,山口県,中学,光市立島田中学校
中国,山口県,中学,長門市立仙崎中学校
中国,山口県,中学,長門市立深川中学校
中国,山口県,中学,柳井市立柳井中学校
中国,山口県,中学,柳井市立柳井西中学校
中国,山口県,中学,美祢市立伊佐中学校
中国,山口県,中学,美祢市立厚保中学校
中国,山口県,中学,美祢市立大嶺中学校
中国,山口県,中学,周防大島町立大島中学校
中国,山口県,中学,和木町立和木中学校
中国,山口県,中学,岩国市立由宇中学校
中国,山口県,中学,岩国市立玖珂中学校
中国,山口県,中学,山口県立高森みどり中学校
中国,山口県,中学,岩国市立本郷中学校
中国,山口県,中学,岩国市立周東中学校
中国,山口県,中学,岩国市立錦中学校
中国,山口県,中学,柳井市立大畠中学校
中国,山口県,中学,岩国市立美川中学校
中国,山口県,中学,岩国市立美和中学校
中国,山口県,中学,上関町立上関中学校
中国,山口県,中学,上関町立祝島中学校
中国,山口県,中学,光市立大和中学校
中国,山口県,中学,田布施町立田布施中学校
中国,山口県,中学,平生町立平生中学校
中国,山口県,中学,周南市立熊毛中学校
中国,山口県,中学,周南市立鹿野中学校
中国,山口県,中学,周南市立富田中学校
中国,山口県,中学,周南市立福川中学校
中国,山口県,中学,山口市立徳地中学校
中国,山口県,中学,山口市立秋穂中学校
中国,山口県,中学,山口市立小郡中学校
中国,山口県,中学,山口市立阿知須中学校
中国,山口県,中学,宇部市立楠中学校
中国,山口県,中学,山陽小野田市立厚狭中学校
中国,山口県,中学,山陽小野田市立埴生中学校
中国,山口県,中学,山陽小野田市立厚陽中学校
中国,山口県,中学,下関市立菊川中学校
中国,山口県,中学,下関市立豊洋中学校
中国,山口県,中学,下関市立夢が丘中学校
中国,山口県,中学,下関市立豊北中学校
中国,山口県,中学,美祢市立美東中学校
中国,山口県,中学,美祢市立秋芳中学校
中国,山口県,中学,長門市立三隅中学校
中国,山口県,中学,長門市立日置中学校
中国,山口県,中学,長門市立菱海中学校
中国,山口県,中学,萩市立川上中学校
中国,山口県,中学,阿武町立阿武中学校
中国,山口県,中学,萩市立田万川中学校
中国,山口県,中学,山口市立阿東中学校
中国,山口県,中学,山口市立阿東東中学校
中国,山口県,中学,萩市立むつみ中学校
中国,山口県,中学,萩市立須佐中学校
中国,山口県,中学,萩市立旭中学校
中国,山口県,中学,萩市立福栄中学校
中国,山口県,中学,下関市立豊田中学校
中国,山口県,中学,周防大島町立周防大島中学校
中国,山口県,中学,下関市立蓋井中学校
中国,山口県,中学,山口県立岩国高等学校附属中学校
中国,山口県,中学,山口県立下関西高等学校附属中学校
中国,山口県,中学,下関市立文洋中学校関西分校
中国,山口県,中学,梅光学院中学校
中国,山口県,中学,宇部フロンティア大学付属中学校
中国,山口県,中学,慶進中学校
中国,山口県,中学,野田学園中学校
中国,山口県,中学,萩光塩学院中学校
中国,山口県,中学,高水高等学校付属中学校
中国,山口県,中学,晃英館中学校
中国,山口県,中学,高川学園中学校
中国,山口県,高校,山口県立岩国高等学校
中国,山口県,高校,山口県立岩国商業高等学校
中国,山口県,高校,山口県立岩国商業高等学校東分校
中国,山口県,高校,山口県立岩国工業高等学校
中国,山口県,高校,山口県立高森高等学校
中国,山口県,高校,山口県立柳井高等学校
中国,山口県,高校,山口県立熊毛南高等学校
中国,山口県,高校,山口県立熊毛北高等学校
中国,山口県,高校,山口県立下松高等学校
中国,山口県,高校,山口県立下松工業高等学校
中国,山口県,高校,山口県立徳山高等学校
中国,山口県,高校,山口県立南陽工業高等学校
中国,山口県,高校,山口県立防府高等学校
中国,山口県,高校,山口県立山口高等学校
中国,山口県,高校,山口県立山口中央高等学校
中国,山口県,高校,山口県立山口農業高等学校
中国,山口県,高校,山口県立宇部高等学校
中国,山口県,高校,山口県立宇部中央高等学校
中国,山口県,高校,山口県立宇部商業高等学校
中国,山口県,高校,山口県立宇部工業高等学校
中国,山口県,高校,山口県立小野田高等学校
中国,山口県,高校,山口県立小野田工業高等学校
中国,山口県,高校,山口県立厚狭高等学校
中国,山口県,高校,山口県立田部高等学校
中国,山口県,高校,山口県立豊浦高等学校
中国,山口県,高校,山口県立長府高等学校
中国,山口県,高校,山口県立下関西高等学校
中国,山口県,高校,山口県立下関南高等学校
中国,山口県,高校,山口県立萩高等学校
中国,山口県,高校,下関市立下関商業高等学校
中国,山口県,高校,山口県立岩国総合高等学校
中国,山口県,高校,山口県立防府西高等学校
中国,山口県,高校,山口県立新南陽高等学校
中国,山口県,高校,山口県立西京高等学校
中国,山口県,高校,山口県立華陵高等学校
中国,山口県,高校,山口県立柳井商工高等学校
中国,山口県,高校,山口県立徳山商工高等学校
中国,山口県,高校,山口県立萩商工高等学校
中国,山口県,高校,山口県立岩国高等学校坂上分校
中国,山口県,高校,山口県立田布施農工高等学校
中国,山口県,高校,山口県立大津緑洋高等学校
中国,山口県,高校,山口県立防府商工高等学校
中国,山口県,高校,山口県立美祢青嶺高等学校
中国,山口県,高校,山口県立下関工科高等学校
中国,山口県,高校,山口県立萩高等学校奈古分校
中国,山口県,高校,山口県立下関北高等学校
中国,山口県,高校,山口県立下関双葉高等学校
中国,山口県,高校,山口県立山口農業高等学校西市分校
中国,山口県,高校,山口県立光高等学校
中国,山口県,高校,山口県立山口松風館高等学校
中国,山口県,高校,山口県立厚狭明進高等学校
中国,山口県,高校,山口県立大学附属周防大島高等学校
中国,山口県,高校,梅光学院高等学校
中国,山口県,高校,早鞆高等学校
中国,山口県,高校,下関短期大学付属高等学校
中国,山口県,高校,下関国際高等学校
中国,山口県,高校,宇部鴻城高等学校
中国,山口県,高校,慶進高等学校
中国,山口県,高校,宇部フロンティア大学付属香川高等学校
中国,山口県,高校,山口中村学園高等学校
中国,山口県,高校,野田学園高等学校
中国,山口県,高校,萩光塩学院高等学校
中国,山口県,高校,山口県桜ケ丘高等学校
中国,山口県,高校,誠英高等学校
中国,山口県,高校,高川学園高等学校
中国,山口県,高校,高水高等学校
中国,山口県,高校,サビエル高等学校
中国,山口県,高校,聖光高等学校
中国,山口県,高校,長門高等学校
中国,山口県,高校,柳井学園高等学校
中国,山口県,高校,成進高等学校
中国,山口県,高校,山口県鴻城高等学校
中国,山口県,高校,精華学園高等学校
中国,山口県,高校,松陰高等学校
中国,山口県,高校,萩明倫館高等学校
中国,山口県,中等教育学校,山口県立下関中等教育学校
四国,徳島県,中学,鳴門教育大学附属中学校
四国,徳島県,中学,徳島市徳島中学校
四国,徳島県,中学,徳島市城西中学校
四国,徳島県,中学,徳島市富田中学校
四国,徳島県,中学,徳島市城東中学校
四国,徳島県,中学,徳島市津田中学校
四国,徳島県,中学,徳島市加茂名中学校
四国,徳島県,中学,徳島市八万中学校
四国,徳島県,中学,徳島市南部中学校
四国,徳島県,中学,徳島市不動中学校
四国,徳島県,中学,徳島市上八万中学校
四国,徳島県,中学,徳島市入田中学校
四国,徳島県,中学,徳島市川内中学校
四国,徳島県,中学,徳島市応神中学校
四国,徳島県,中学,徳島市国府中学校
四国,徳島県,中学,徳島市北井上中学校
四国,徳島県,中学,徳島県立しらさぎ中学校
四国,徳島県,中学,鳴門市第一中学校
四国,徳島県,中学,鳴門市第二中学校
四国,徳島県,中学,鳴門市鳴門中学校
四国,徳島県,中学,鳴門市瀬戸中学校
四国,徳島県,中学,鳴門市大麻中学校
四国,徳島県,中学,鳴門市大麻中学校広塚分校
四国,徳島県,中学,小松島市小松島中学校
四国,徳島県,中学,小松島市小松島南中学校
四国,徳島県,中学,徳島県立富岡東中学校
四国,徳島県,中学,阿南市立阿南中学校
四国,徳島県,中学,阿南市立阿南第一中学校
四国,徳島県,中学,阿南市立加茂谷中学校
四国,徳島県,中学,阿南市立福井中学校
四国,徳島県,中学,阿南市立椿町中学校
四国,徳島県,中学,阿南市立伊島中学校
四国,徳島県,中学,阿南市立新野中学校
四国,徳島県,中学,阿南市立阿南第二中学校
四国,徳島県,中学,阿南市立那賀川中学校
四国,徳島県,中学,阿南市立羽ノ浦中学校
四国,徳島県,中学,徳島県立川島中学校
四国,徳島県,中学,吉野川市立鴨島東中学校
四国,徳島県,中学,吉野川市立鴨島第一中学校
四国,徳島県,中学,吉野川市立川島中学校
四国,徳島県,中学,吉野川市立山川中学校
四国,徳島県,中学,阿波市立吉野中学校
四国,徳島県,中学,阿波市立土成中学校
四国,徳島県,中学,阿波市立市場中学校
四国,徳島県,中学,阿波市立阿波中学校
四国,徳島県,中学,美馬市立江原中学校
四国,徳島県,中学,美馬市立脇町中学校
四国,徳島県,中学,美馬市立岩倉中学校
四国,徳島県,中学,美馬市立美馬中学校
四国,徳島県,中学,美馬市立三島中学校
四国,徳島県,中学,美馬市立穴吹中学校
四国,徳島県,中学,美馬市立木屋平中学校
四国,徳島県,中学,三好市立三野中学校
四国,徳島県,中学,三好市立池田中学校
四国,徳島県,中学,三好市立山城中学校
四国,徳島県,中学,三好市立井川中学校
四国,徳島県,中学,三好市立東祖谷中学校
四国,徳島県,中学,三好市立西祖谷中学校
四国,徳島県,中学,勝浦町立勝浦中学校
四国,徳島県,中学,上勝町立上勝中学校
四国,徳島県,中学,佐那河内村立佐那河内中学校
四国,徳島県,中学,石井町石井中学校
四国,徳島県,中学,石井町高浦中学校
四国,徳島県,中学,名西郡神山町神山中学校
四国,徳島県,中学,那賀町立鷲敷中学校
四国,徳島県,中学,那賀町立相生中学校
四国,徳島県,中学,那賀町立上那賀中学校
四国,徳島県,中学,那賀町立木頭中学校
四国,徳島県,中学,牟岐町立牟岐中学校
四国,徳島県,中学,美波町立由岐中学校
四国,徳島県,中学,美波町立由岐中学校阿部分校
四国,徳島県,中学,美波町立由岐中学校伊座利分校
四国,徳島県,中学,美波町立日和佐中学校
四国,徳島県,中学,海陽町立海陽中学校
四国,徳島県,中学,海陽町立宍喰中学校
四国,徳島県,中学,松茂町立松茂中学校
四国,徳島県,中学,北島町立北島中学校
四国,徳島県,中学,藍住町立藍住中学校
四国,徳島県,中学,藍住町立藍住東中学校
四国,徳島県,中学,板野町板野中学校
四国,徳島県,中学,上板町立上板中学校
四国,徳島県,中学,つるぎ町立半田中学校
四国,徳島県,中学,つるぎ町立八千代中学校
四国,徳島県,中学,つるぎ町立貞光中学校
四国,徳島県,中学,つるぎ町立一宇中学校
四国,徳島県,中学,東みよし町立三好中学校
四国,徳島県,中学,東みよし町立三加茂中学校
四国,徳島県,中学,学校法人生光学園生光学園中学校
四国,徳島県,中学,徳島文理中学校
四国,徳島県,高校,徳島県立城東高等学校
四国,徳島県,高校,徳島県立城南高等学校
四国,徳島県,高校,徳島県立城北高等学校
四国,徳島県,高校,徳島県立徳島北高等学校
四国,徳島県,高校,徳島県立城西高等学校
四国,徳島県,高校,徳島県立徳島科学技術高等学校
四国,徳島県,高校,徳島県立徳島商業高等学校
四国,徳島県,高校,徳島県立徳島中央高等学校
四国,徳島県,高校,徳島市立高等学校
四国,徳島県,高校,徳島県立鳴門高等学校
四国,徳島県,高校,徳島県立鳴門渦潮高等学校
四国,徳島県,高校,徳島県立小松島高等学校
四国,徳島県,高校,徳島県立小松島西高等学校
四国,徳島県,高校,徳島県立富岡西高等学校
四国,徳島県,高校,徳島県立阿南光高等学校
四国,徳島県,高校,徳島県立富岡東高等学校
四国,徳島県,高校,徳島県立富岡東高等学校羽ノ浦校
四国,徳島県,高校,徳島県立吉野川高等学校
四国,徳島県,高校,徳島県立川島高等学校
四国,徳島県,高校,徳島県立阿波高等学校
四国,徳島県,高校,徳島県立阿波西高等学校
四国,徳島県,高校,徳島県立穴吹高等学校
四国,徳島県,高校,徳島県立脇町高等学校
四国,徳島県,高校,徳島県立池田高等学校
四国,徳島県,高校,徳島県立池田高等学校辻校
四国,徳島県,高校,徳島県立池田高等学校三好校
四国,徳島県,高校,徳島県立小松島西高等学校勝浦校
四国,徳島県,高校,徳島県立名西高等学校
四国,徳島県,高校,徳島県立城西高等学校神山校
四国,徳島県,高校,徳島県立那賀高等学校
四国,徳島県,高校,徳島県立海部高等学校
四国,徳島県,高校,徳島県立板野高等学校
四国,徳島県,高校,徳島県立つるぎ高等学校
四国,徳島県,高校,香蘭高等学校
四国,徳島県,高校,徳島文理高等学校
四国,徳島県,高校,学校法人生光学園生光学園高等学校
四国,徳島県,高校,マーキュリー国際高等学校
四国,徳島県,高校,みのり高等学校
四国,徳島県,中等教育学校,徳島県立城ノ内中等教育学校
四国,香川県,中学,香川大学教育学部附属高松中学校
四国,香川県,中学,香川大学教育学部附属坂出中学校
四国,香川県,中学,香川県立高松北中学校
四国,香川県,中学,高松市立桜町中学校
四国,香川県,中学,高松市立紫雲中学校
四国,香川県,中学,高松市立紫雲中学校みねやま分校
四国,香川県,中学,高松市立玉藻中学校
四国,香川県,中学,高松市立高松第一中学校
四国,香川県,中学,高松市立屋島中学校
四国,香川県,中学,高松市立協和中学校
四国,香川県,中学,高松市立龍雲中学校
四国,香川県,中学,高松市立勝賀中学校
四国,香川県,中学,高松市立一宮中学校
四国,香川県,中学,高松市立香東中学校
四国,香川県,中学,高松市立下笠居中学校
四国,香川県,中学,高松市立男木中学校
四国,香川県,中学,高松市立山田中学校
四国,香川県,中学,高松市立太田中学校
四国,香川県,中学,高松市立古高松中学校
四国,香川県,中学,高松市立木太中学校
四国,香川県,中学,高松市立牟礼中学校
四国,香川県,中学,高松市立庵治中学校
四国,香川県,中学,高松市立塩江中学校
四国,香川県,中学,高松市立香川第一中学校
四国,香川県,中学,高松市立香南中学校
四国,香川県,中学,高松市立国分寺中学校
四国,香川県,中学,高松市立下笠居中学校五色台分校
四国,香川県,中学,丸亀市立東中学校
四国,香川県,中学,丸亀市立西中学校
四国,香川県,中学,丸亀市立本島中学校
四国,香川県,中学,丸亀市立広島中学校
四国,香川県,中学,丸亀市立小手島中学校
四国,香川県,中学,丸亀市立南中学校
四国,香川県,中学,丸亀市立綾歌中学校
四国,香川県,中学,丸亀市立飯山中学校
四国,香川県,中学,坂出市立坂出中学校
四国,香川県,中学,坂出市立東部中学校
四国,香川県,中学,坂出市立白峰中学校
四国,香川県,中学,善通寺市立東中学校
四国,香川県,中学,善通寺市立西中学校
四国,香川県,中学,観音寺市立観音寺中学校
四国,香川県,中学,観音寺市立中部中学校
四国,香川県,中学,観音寺市立伊吹中学校
四国,香川県,中学,観音寺市立大野原中学校
四国,香川県,中学,観音寺市立豊浜中学校
四国,香川県,中学,さぬき市立さぬき南中学校
四国,香川県,中学,さぬき市立志度中学校
四国,香川県,中学,さぬき市立長尾中学校
四国,香川県,中学,東かがわ市立引田中学校
四国,香川県,中学,東かがわ市立白鳥中学校
四国,香川県,中学,東かがわ市立大川中学校
四国,香川県,中学,三豊市立高瀬中学校
四国,香川県,中学,三豊市立三野津中学校
四国,香川県,中学,三豊市立豊中中学校
四国,香川県,中学,三豊市立詫間中学校
四国,香川県,中学,三豊市立仁尾中学校
四国,香川県,中学,三豊市立和光中学校
四国,香川県,中学,三豊市観音寺市学校組合立三豊中学校
四国,香川県,中学,土庄町立土庄中学校
四国,香川県,中学,土庄町立豊島中学校
四国,香川県,中学,小豆島町立小豆島中学校
四国,香川県,中学,三木町立三木中学校
四国,香川県,中学,直島町立直島中学校
四国,香川県,中学,宇多津町立宇多津中学校
四国,香川県,中学,綾川町立綾川中学校
四国,香川県,中学,琴平町立琴平中学校
四国,香川県,中学,多度津町立多度津中学校
四国,香川県,中学,まんのう町立満濃中学校
四国,香川県,中学,香川県明善中学校
四国,香川県,中学,大手前高松中学校
四国,香川県,中学,香川誠陵中学校
四国,香川県,中学,大手前丸亀中学校
四国,香川県,中学,蓬莱中学校
四国,香川県,高校,香川県立高松高等学校
四国,香川県,高校,香川県立高松工芸高等学校
四国,香川県,高校,香川県立高松商業高等学校
四国,香川県,高校,香川県立高松東高等学校
四国,香川県,高校,香川県立高松南高等学校
四国,香川県,高校,香川県立高松西高等学校
四国,香川県,高校,香川県立高松北高等学校
四国,香川県,高校,香川県立香川中央高等学校
四国,香川県,高校,香川県立高松桜井高等学校
四国,香川県,高校,高松市立高松第一高等学校
四国,香川県,高校,香川県立丸亀高等学校
四国,香川県,高校,香川県立飯山高等学校
四国,香川県,高校,香川県立丸亀城西高等学校
四国,香川県,高校,香川県立坂出商業高等学校
四国,香川県,高校,香川県立坂出高等学校
四国,香川県,高校,香川県立坂出工業高等学校
四国,香川県,高校,香川県立善通寺第一高等学校
四国,香川県,高校,香川県立観音寺第一高等学校
四国,香川県,高校,香川県立観音寺総合高等学校
四国,香川県,高校,香川県立石田高等学校
四国,香川県,高校,香川県立志度高等学校
四国,香川県,高校,香川県立津田高等学校
四国,香川県,高校,香川県立三本松高等学校
四国,香川県,高校,香川県立笠田高等学校
四国,香川県,高校,香川県立高瀬高等学校
四国,香川県,高校,香川県立小豆島中央高等学校
四国,香川県,高校,香川県立三木高等学校
四国,香川県,高校,香川県立農業経営高等学校
四国,香川県,高校,香川県立琴平高等学校
四国,香川県,高校,香川県立多度津高等学校
四国,香川県,高校,英明高等学校
四国,香川県,高校,高松中央高等学校
四国,香川県,高校,大手前高松高等学校
四国,香川県,高校,香川誠陵高等学校
四国,香川県,高校,穴吹学園高等学校
四国,香川県,高校,大手前丸亀高等学校
四国,香川県,高校,蓬莱高等学校
四国,香川県,高校,村上学園高等学校
四国,香川県,高校,坂出第一高等学校
四国,香川県,高校,尽誠学園高等学校
四国,香川県,高校,寒川高等学校
四国,香川県,高校,四国学院大学香川西高等学校
四国,香川県,高校,ＲＩＴＡ学園高等学校
四国,愛媛県,中学,愛媛大学教育学部附属中学校
四国,愛媛県,中学,松山市立拓南中学校
四国,愛媛県,中学,松山市立雄新中学校
四国,愛媛県,中学,松山市立勝山中学校
四国,愛媛県,中学,松山市立東中学校
四国,愛媛県,中学,松山市立道後中学校
四国,愛媛県,中学,松山市立鴨川中学校
四国,愛媛県,中学,松山市立内宮中学校
四国,愛媛県,中学,松山市立三津浜中学校
四国,愛媛県,中学,松山市立高浜中学校
四国,愛媛県,中学,松山市立津田中学校
四国,愛媛県,中学,松山市立垣生中学校
四国,愛媛県,中学,松山市立興居島中学校
四国,愛媛県,中学,松山市立余土中学校
四国,愛媛県,中学,松山市立湯山中学校
四国,愛媛県,中学,松山市立日浦中学校
四国,愛媛県,中学,松山市立旭中学校
四国,愛媛県,中学,松山市立久米中学校
四国,愛媛県,中学,松山市立小野中学校
四国,愛媛県,中学,松山市立久谷中学校
四国,愛媛県,中学,松山市立南中学校
四国,愛媛県,中学,松山市立西中学校
四国,愛媛県,中学,松山市立南第二中学校
四国,愛媛県,中学,松山市立桑原中学校
四国,愛媛県,中学,松山市立椿中学校
四国,愛媛県,中学,松山市立城西中学校
四国,愛媛県,中学,松山市立北中学校
四国,愛媛県,中学,松山市立北条北中学校
四国,愛媛県,中学,松山市立北条南中学校
四国,愛媛県,中学,松山市立中島中学校
四国,愛媛県,中学,今治市立日吉中学校
四国,愛媛県,中学,今治市立近見中学校
四国,愛媛県,中学,今治市立立花中学校
四国,愛媛県,中学,今治市立桜井中学校
四国,愛媛県,中学,今治市立南中学校
四国,愛媛県,中学,今治市立西中学校
四国,愛媛県,中学,今治市立北郷中学校
四国,愛媛県,中学,今治市立朝倉中学校
四国,愛媛県,中学,今治市立玉川中学校
四国,愛媛県,中学,今治市立大西中学校
四国,愛媛県,中学,今治市立菊間中学校
四国,愛媛県,中学,今治市立大島中学校
四国,愛媛県,中学,今治市立伯方中学校
四国,愛媛県,中学,今治市立大三島中学校
四国,愛媛県,中学,今治市立関前中学校
四国,愛媛県,中学,宇和島市立城東中学校
四国,愛媛県,中学,宇和島市立城南中学校
四国,愛媛県,中学,宇和島市立城北中学校
四国,愛媛県,中学,宇和島市立吉田中学校
四国,愛媛県,中学,宇和島市立三間中学校
四国,愛媛県,中学,宇和島市立津島中学校
四国,愛媛県,中学,八幡浜市立保内中学校
四国,愛媛県,中学,八幡浜市立八幡浜中学校
四国,愛媛県,中学,新居浜市立東中学校
四国,愛媛県,中学,新居浜市立西中学校
四国,愛媛県,中学,新居浜市立南中学校
四国,愛媛県,中学,新居浜市立北中学校
四国,愛媛県,中学,新居浜市立泉川中学校
四国,愛媛県,中学,新居浜市立船木中学校
四国,愛媛県,中学,新居浜市立船木中学校ひびき分校
四国,愛媛県,中学,新居浜市立中萩中学校
四国,愛媛県,中学,新居浜市立大生院中学校
四国,愛媛県,中学,新居浜市立角野中学校
四国,愛媛県,中学,新居浜市立川東中学校
四国,愛媛県,中学,新居浜市立別子中学校
四国,愛媛県,中学,西条市立西条東中学校
四国,愛媛県,中学,西条市立西条西中学校
四国,愛媛県,中学,西条市立西条南中学校
四国,愛媛県,中学,西条市立西条北中学校
四国,愛媛県,中学,西条市立小松中学校
四国,愛媛県,中学,西条市立東予西中学校
四国,愛媛県,中学,西条市立河北中学校
四国,愛媛県,中学,西条市立東予東中学校
四国,愛媛県,中学,西条市立丹原東中学校
四国,愛媛県,中学,西条市立丹原西中学校
四国,愛媛県,中学,大洲市立大洲南中学校
四国,愛媛県,中学,大洲市立大洲北中学校
四国,愛媛県,中学,大洲市立平野中学校
四国,愛媛県,中学,大洲市立肱東中学校
四国,愛媛県,中学,大洲市立新谷中学校
四国,愛媛県,中学,大洲市立大洲東中学校
四国,愛媛県,中学,大洲市立長浜中学校
四国,愛媛県,中学,大洲市立肱川中学校
四国,愛媛県,中学,伊予市立港南中学校
四国,愛媛県,中学,伊予市立伊予中学校
四国,愛媛県,中学,伊予市立中山中学校
四国,愛媛県,中学,伊予市立双海中学校
四国,愛媛県,中学,四国中央市立川之江北中学校
四国,愛媛県,中学,四国中央市立川之江南中学校
四国,愛媛県,中学,四国中央市立三島西中学校
四国,愛媛県,中学,四国中央市立三島南中学校
四国,愛媛県,中学,四国中央市立三島東中学校
四国,愛媛県,中学,四国中央市立土居中学校
四国,愛媛県,中学,四国中央市立新宮中学校
四国,愛媛県,中学,西予市立明浜中学校
四国,愛媛県,中学,西予市立宇和中学校
四国,愛媛県,中学,西予市立野村中学校
四国,愛媛県,中学,西予市立城川中学校
四国,愛媛県,中学,西予市立三瓶中学校
四国,愛媛県,中学,東温市立重信中学校
四国,愛媛県,中学,東温市立川内中学校
四国,愛媛県,中学,上島町立魚島中学校
四国,愛媛県,中学,上島町立弓削中学校
四国,愛媛県,中学,上島町立岩城中学校
四国,愛媛県,中学,久万高原町立久万中学校
四国,愛媛県,中学,久万高原町立美川中学校
四国,愛媛県,中学,松前町立北伊予中学校
四国,愛媛県,中学,松前町立岡田中学校
四国,愛媛県,中学,松前町立松前中学校
四国,愛媛県,中学,砥部町立砥部中学校
四国,愛媛県,中学,内子町立内子中学校
四国,愛媛県,中学,内子町立大瀬中学校
四国,愛媛県,中学,内子町立五十崎中学校
四国,愛媛県,中学,内子町立小田中学校
四国,愛媛県,中学,伊方町立伊方中学校
四国,愛媛県,中学,伊方町立瀬戸中学校
四国,愛媛県,中学,伊方町立三崎中学校
四国,愛媛県,中学,松野町立松野中学校
四国,愛媛県,中学,鬼北町立広見中学校
四国,愛媛県,中学,鬼北町立日吉中学校
四国,愛媛県,中学,愛南町立御荘中学校
四国,愛媛県,中学,愛南町立城辺中学校
四国,愛媛県,中学,愛南町立一本松中学校
四国,愛媛県,中学,篠山小中学校組合立篠山中学校
四国,愛媛県,中学,松山東雲中学校
四国,愛媛県,中学,愛光中学校
四国,愛媛県,中学,今治明徳中学校
四国,愛媛県,高校,愛媛大学附属高等学校
四国,愛媛県,高校,愛媛県立北条高等学校
四国,愛媛県,高校,愛媛県立松山東高等学校
四国,愛媛県,高校,愛媛県立松山南高等学校
四国,愛媛県,高校,愛媛県立松山北高等学校
四国,愛媛県,高校,愛媛県立松山北高等学校中島分校
四国,愛媛県,高校,愛媛県立松山中央高等学校
四国,愛媛県,高校,愛媛県立松山工業高等学校
四国,愛媛県,高校,愛媛県立松山商業高等学校
四国,愛媛県,高校,愛媛県立北条清新高等学校
四国,愛媛県,高校,愛媛県立今治西高等学校
四国,愛媛県,高校,愛媛県立今治西高等学校伯方分校
四国,愛媛県,高校,愛媛県立今治南高等学校
四国,愛媛県,高校,愛媛県立今治北高等学校
四国,愛媛県,高校,愛媛県立今治北高等学校大三島分校
四国,愛媛県,高校,愛媛県立今治工業高等学校
四国,愛媛県,高校,愛媛県立しまなみ高等学校
四国,愛媛県,高校,愛媛県立宇和島東高等学校
四国,愛媛県,高校,愛媛県立宇和島水産高等学校
四国,愛媛県,高校,愛媛県立吉田高等学校
四国,愛媛県,高校,愛媛県立北宇和高等学校三間分校
四国,愛媛県,高校,愛媛県立宇和島東高等学校津島分校
四国,愛媛県,高校,愛媛県立八幡浜高等学校
四国,愛媛県,高校,愛媛県立八幡浜工業高等学校
四国,愛媛県,高校,愛媛県立川之石高等学校
四国,愛媛県,高校,愛媛県立八幡浜高等学校（新）
四国,愛媛県,高校,愛媛県立新居浜東高等学校
四国,愛媛県,高校,愛媛県立新居浜西高等学校
四国,愛媛県,高校,愛媛県立新居浜南高等学校
四国,愛媛県,高校,愛媛県立新居浜工業高等学校
四国,愛媛県,高校,愛媛県立新居浜商業高等学校
四国,愛媛県,高校,愛媛県立西条高等学校
四国,愛媛県,高校,愛媛県立西条農業高等学校
四国,愛媛県,高校,愛媛県立小松高等学校
四国,愛媛県,高校,愛媛県立東予高等学校
四国,愛媛県,高校,愛媛県立丹原高等学校
四国,愛媛県,高校,愛媛県立小松高等学校（新）
四国,愛媛県,高校,愛媛県立東予総合高等学校
四国,愛媛県,高校,愛媛県立大洲高等学校
四国,愛媛県,高校,愛媛県立大洲高等学校肱川分校
四国,愛媛県,高校,愛媛県立大洲農業高等学校
四国,愛媛県,高校,愛媛県立長浜高等学校
四国,愛媛県,高校,愛媛県立伊予農業高等学校
四国,愛媛県,高校,愛媛県立川之江高等学校
四国,愛媛県,高校,愛媛県立三島高等学校
四国,愛媛県,高校,愛媛県立土居高等学校
四国,愛媛県,高校,愛媛県立宇和高等学校
四国,愛媛県,高校,愛媛県立野村高等学校
四国,愛媛県,高校,愛媛県立東温高等学校
四国,愛媛県,高校,愛媛県立弓削高等学校
四国,愛媛県,高校,愛媛県立上浮穴高等学校
四国,愛媛県,高校,愛媛県立伊予高等学校
四国,愛媛県,高校,愛媛県立松山南高等学校砥部分校
四国,愛媛県,高校,愛媛県立内子高等学校
四国,愛媛県,高校,愛媛県立内子高等学校小田分校
四国,愛媛県,高校,愛媛県立三崎高等学校
四国,愛媛県,高校,愛媛県立北宇和高等学校
四国,愛媛県,高校,愛媛県立南宇和高等学校
四国,愛媛県,高校,済美高等学校
四国,愛媛県,高校,聖カタリナ学園高等学校
四国,愛媛県,高校,松山東雲高等学校
四国,愛媛県,高校,松山学院高等学校
四国,愛媛県,高校,新田高等学校
四国,愛媛県,高校,愛光高等学校
四国,愛媛県,高校,松山聖陵高等学校
四国,愛媛県,高校,未来高等学校
四国,愛媛県,高校,ＦＣ今治高等学校明徳校
四国,愛媛県,高校,ＦＣ今治高等学校里山校
四国,愛媛県,高校,今治精華高等学校
四国,愛媛県,高校,日本ウェルネス高等学校
四国,愛媛県,高校,未来高等学校新居浜校
四国,愛媛県,高校,帝京第五高等学校
四国,愛媛県,中等教育学校,愛媛県立松山西中等教育学校
四国,愛媛県,中等教育学校,愛媛県立今治東中等教育学校
四国,愛媛県,中等教育学校,愛媛県立宇和島南中等教育学校
四国,愛媛県,中等教育学校,済美平成中等教育学校
四国,愛媛県,中等教育学校,新田青雲中等教育学校
四国,高知県,中学,高知大学教育学部附属中学校
四国,高知県,中学,高知市立城北中学校
四国,高知県,中学,高知市立城西中学校
四国,高知県,中学,高知市立愛宕中学校
四国,高知県,中学,高知市立城東中学校
四国,高知県,中学,高知市立潮江中学校
四国,高知県,中学,高知市立一宮中学校
四国,高知県,中学,高知市立青柳中学校
四国,高知県,中学,高知市立朝倉中学校
四国,高知県,中学,高知市立三里中学校
四国,高知県,中学,高知市立南海中学校
四国,高知県,中学,高知市立西部中学校
四国,高知県,中学,高知市立大津中学校
四国,高知県,中学,高知市立介良中学校
四国,高知県,中学,高知市立旭中学校
四国,高知県,中学,高知市立横浜中学校
四国,高知県,中学,室戸市立佐喜浜中学校
四国,高知県,中学,室戸市立室戸中学校
四国,高知県,中学,室戸市立吉良川中学校
四国,高知県,中学,室戸市立羽根中学校
四国,高知県,中学,安芸市立東川中学校
四国,高知県,中学,安芸市立古井中学校
四国,高知県,中学,安芸市立上尾川中学校
四国,高知県,中学,南国市立香長中学校
四国,高知県,中学,南国市立鳶ヶ池中学校
四国,高知県,中学,南国市立北陵中学校
四国,高知県,中学,南国市立香南中学校
四国,高知県,中学,南国市立北陵中学校希望が丘分校
四国,高知県,中学,土佐市立土佐南中学校
四国,高知県,中学,土佐市立高岡中学校
四国,高知県,中学,土佐市立戸波中学校
四国,高知県,中学,須崎市立朝ヶ丘中学校
四国,高知県,中学,須崎市立須崎中学校
四国,高知県,中学,四万十市立下田中学校
四国,高知県,中学,四万十市立中村中学校
四国,高知県,中学,四万十市立蕨岡中学校
四国,高知県,中学,四万十市立大用中学校
四国,高知県,中学,四万十市立竹屋敷中学校
四国,高知県,中学,四万十市立片魚中学校
四国,高知県,中学,四万十市立大川筋中学校
四国,高知県,中学,四万十市立東中筋中学校
四国,高知県,中学,四万十市立中筋中学校
四国,高知県,中学,四万十市立中村西中学校
四国,高知県,中学,宿毛市立小筑紫中学校
四国,高知県,中学,宿毛市立片島中学校
四国,高知県,中学,宿毛市立宿毛中学校
四国,高知県,中学,宿毛市立東中学校
四国,高知県,中学,宿毛市立沖の島中学校
四国,高知県,中学,土佐清水市立下ノ加江中学校
四国,高知県,中学,土佐清水市立布中学校
四国,高知県,中学,土佐清水市立清水中学校
四国,高知県,中学,土佐清水市立下川口中学校
四国,高知県,中学,土佐清水市立貝ノ川中学校
四国,高知県,中学,東洋町立甲浦中学校
四国,高知県,中学,東洋町立野根中学校
四国,高知県,中学,奈半利町立奈半利中学校
四国,高知県,中学,田野町立田野中学校
四国,高知県,中学,安田町立安田中学校
四国,高知県,中学,北川村立北川中学校
四国,高知県,中学,馬路村立馬路中学校
四国,高知県,中学,馬路村立魚梁瀬中学校
四国,高知県,中学,芸西村立芸西中学校
四国,高知県,中学,香南市立香我美中学校
四国,高知県,中学,香美市立鏡野中学校
四国,高知県,中学,香美市立繁藤中学校
四国,高知県,中学,香南市立野市中学校
四国,高知県,中学,香南市立夜須中学校
四国,高知県,中学,香美市立香北中学校
四国,高知県,中学,香美市立大栃中学校
四国,高知県,中学,本山町立嶺北中学校
四国,高知県,中学,高知市立鏡中学校
四国,高知県,中学,土佐町立土佐町中学校
四国,高知県,中学,いの町立本川中学校
四国,高知県,中学,いの町立伊野中学校
四国,高知県,中学,いの町立神谷中学校
四国,高知県,中学,いの町立中追中学校
四国,高知県,中学,いの町立伊野南中学校
四国,高知県,中学,仁淀川町立池川中学校
四国,高知県,中学,高知市立春野中学校
四国,高知県,中学,いの町立吾北中学校
四国,高知県,中学,中土佐町立久礼中学校
四国,高知県,中学,佐川町立佐川中学校
四国,高知県,中学,佐川町立尾川中学校
四国,高知県,中学,佐川町立黒岩中学校
四国,高知県,中学,越知町立越知中学校
四国,高知県,中学,四万十町立窪川中学校
四国,高知県,中学,四万十町立興津中学校
四国,高知県,中学,梼原町立梼原中学校
四国,高知県,中学,中土佐町立大野見中学校
四国,高知県,中学,津野町立東津野中学校
四国,高知県,中学,津野町立葉山中学校
四国,高知県,中学,仁淀川町立仁淀中学校
四国,高知県,中学,日高村立日高中学校
四国,高知県,中学,黒潮町立佐賀中学校
四国,高知県,中学,四万十町立大正中学校
四国,高知県,中学,四万十町立北ノ川中学校
四国,高知県,中学,黒潮町立大方中学校
四国,高知県,中学,大月町立大月中学校
四国,高知県,中学,四万十町立十和中学校
四国,高知県,中学,四万十町立昭和中学校
四国,高知県,中学,四万十市立西土佐中学校
四国,高知県,中学,三原村立三原中学校
四国,高知県,中学,香南市立赤岡中学校
四国,高知県,中学,日高村佐川町学校組合立加茂中学校
四国,高知県,中学,高知県立安芸中学校
四国,高知県,中学,高知県立中村中学校
四国,高知県,中学,高知県立高知国際中学校
四国,高知県,中学,安芸市立安芸中学校
四国,高知県,中学,土佐中学校
四国,高知県,中学,土佐女子中学校
四国,高知県,中学,高知中学校
四国,高知県,中学,清和女子中学校
四国,高知県,中学,高知学芸中学校
四国,高知県,中学,高知中央中学校
四国,高知県,中学,明徳義塾中学校
四国,高知県,中学,土佐塾中学校
四国,高知県,高校,高知県立室戸高等学校
四国,高知県,高校,高知県立中芸高等学校
四国,高知県,高校,高知県立安芸高等学校
四国,高知県,高校,高知県立城山高等学校
四国,高知県,高校,高知県立山田高等学校
四国,高知県,高校,高知県立嶺北高等学校
四国,高知県,高校,高知県立高知追手前高等学校
四国,高知県,高校,高知県立高知追手前高等学校吾北分校
四国,高知県,高校,高知県立高知丸の内高等学校
四国,高知県,高校,高知県立高知小津高等学校
四国,高知県,高校,高知県立高岡高等学校
四国,高知県,高校,高知県立佐川高等学校
四国,高知県,高校,高知県立檮原高等学校
四国,高知県,高校,高知県立窪川高等学校
四国,高知県,高校,高知県立四万十高等学校
四国,高知県,高校,高知県立中村高等学校
四国,高知県,高校,高知県立中村高等学校西土佐分校
四国,高知県,高校,高知県立清水高等学校
四国,高知県,高校,高知県立宿毛高等学校
四国,高知県,高校,高知県立高知農業高等学校
四国,高知県,高校,高知県立春野高等学校
四国,高知県,高校,高知県立幡多農業高等学校
四国,高知県,高校,高知県立宿毛工業高等学校
四国,高知県,高校,高知県立高知東工業高等学校
四国,高知県,高校,高知県立高知工業高等学校
四国,高知県,高校,高知県立伊野商業高等学校
四国,高知県,高校,高知県立高知北高等学校
四国,高知県,高校,高知県立高知東高等学校
四国,高知県,高校,高知県立岡豊高等学校
四国,高知県,高校,高知県立高知海洋高等学校
四国,高知県,高校,高知県立大方高等学校
四国,高知県,高校,高知県立高知国際高等学校
四国,高知県,高校,高知県立須崎総合高等学校
四国,高知県,高校,高知商業高等学校
四国,高知県,高校,土佐高等学校
四国,高知県,高校,土佐女子高等学校
四国,高知県,高校,高知高等学校
四国,高知県,高校,清和女子高等学校
四国,高知県,高校,高知学芸高等学校
四国,高知県,高校,高知中央高等学校
四国,高知県,高校,明徳義塾高等学校
四国,高知県,高校,土佐塾高等学校
四国,高知県,高校,太平洋学園高等学校
九州・沖縄,福岡県,中学,福岡教育大学附属福岡中学校
九州・沖縄,福岡県,中学,福岡教育大学附属小倉中学校
九州・沖縄,福岡県,中学,福岡教育大学附属久留米中学校
九州・沖縄,福岡県,中学,北九州市立早鞆中学校
九州・沖縄,福岡県,中学,北九州市立戸ノ上中学校
九州・沖縄,福岡県,中学,北九州市立柳西中学校
九州・沖縄,福岡県,中学,北九州市立松ヶ江中学校
九州・沖縄,福岡県,中学,北九州市立東郷中学校
九州・沖縄,福岡県,中学,北九州市立緑丘中学校
九州・沖縄,福岡県,中学,北九州市立門司中学校
九州・沖縄,福岡県,中学,福岡県立門司学園中学校
九州・沖縄,福岡県,中学,北九州市立向洋中学校
九州・沖縄,福岡県,中学,北九州市立石峯中学校
九州・沖縄,福岡県,中学,北九州市立洞北中学校
九州・沖縄,福岡県,中学,北九州市立高須中学校
九州・沖縄,福岡県,中学,北九州市立若松中学校
九州・沖縄,福岡県,中学,北九州市立二島中学校
九州・沖縄,福岡県,中学,北九州市立中原中学校
九州・沖縄,福岡県,中学,北九州市立大谷中学校
九州・沖縄,福岡県,中学,北九州市立高生中学校
九州・沖縄,福岡県,中学,北九州市立飛幡中学校
九州・沖縄,福岡県,中学,北九州市立足立中学校
九州・沖縄,福岡県,中学,北九州市立霧丘中学校
九州・沖縄,福岡県,中学,北九州市立菊陵中学校
九州・沖縄,福岡県,中学,北九州市立富野中学校
九州・沖縄,福岡県,中学,北九州市立白銀中学校
九州・沖縄,福岡県,中学,北九州市立思永中学校
九州・沖縄,福岡県,中学,北九州市立篠崎中学校
九州・沖縄,福岡県,中学,北九州市立板櫃中学校
九州・沖縄,福岡県,中学,北九州市立南小倉中学校
九州・沖縄,福岡県,中学,北九州市立企救中学校
九州・沖縄,福岡県,中学,北九州市立城南中学校
九州・沖縄,福岡県,中学,北九州市立曽根中学校
九州・沖縄,福岡県,中学,北九州市立菅生中学校
九州・沖縄,福岡県,中学,北九州市立東谷中学校
九州・沖縄,福岡県,中学,北九州市立志徳中学校
九州・沖縄,福岡県,中学,北九州市立沼中学校
九州・沖縄,福岡県,中学,北九州市立横代中学校
九州・沖縄,福岡県,中学,北九州市立湯川中学校
九州・沖縄,福岡県,中学,北九州市立南曽根中学校
九州・沖縄,福岡県,中学,北九州市立広徳中学校
九州・沖縄,福岡県,中学,北九州市立吉田中学校
九州・沖縄,福岡県,中学,北九州市立田原中学校
九州・沖縄,福岡県,中学,北九州市立守恒中学校
九州・沖縄,福岡県,中学,北九州市立枝光台中学校
九州・沖縄,福岡県,中学,北九州市立槻田中学校
九州・沖縄,福岡県,中学,北九州市立高見中学校
九州・沖縄,福岡県,中学,北九州市立大蔵中学校
九州・沖縄,福岡県,中学,北九州市立中央中学校
九州・沖縄,福岡県,中学,北九州市立尾倉中学校
九州・沖縄,福岡県,中学,北九州市立花尾中学校
九州・沖縄,福岡県,中学,北九州市立黒崎中学校
九州・沖縄,福岡県,中学,北九州市立熊西中学校
九州・沖縄,福岡県,中学,北九州市立穴生中学校
九州・沖縄,福岡県,中学,北九州市立引野中学校
九州・沖縄,福岡県,中学,北九州市立折尾中学校
九州・沖縄,福岡県,中学,北九州市立本城中学校
九州・沖縄,福岡県,中学,北九州市立上津役中学校
九州・沖縄,福岡県,中学,北九州市立香月中学校
九州・沖縄,福岡県,中学,北九州市立木屋瀬中学校
九州・沖縄,福岡県,中学,北九州市立沖田中学校
九州・沖縄,福岡県,中学,北九州市立永犬丸中学校
九州・沖縄,福岡県,中学,北九州市立則松中学校
九州・沖縄,福岡県,中学,北九州市立八児中学校
九州・沖縄,福岡県,中学,北九州市立浅川中学校
九州・沖縄,福岡県,中学,北九州市立千代中学校
九州・沖縄,福岡県,中学,北九州市立ひまわり中学校
九州・沖縄,福岡県,中学,福岡市立箱崎中学校
九州・沖縄,福岡県,中学,福岡市立福岡中学校
九州・沖縄,福岡県,中学,福岡市立香椎第１中学校
九州・沖縄,福岡県,中学,福岡市立多々良中学校
九州・沖縄,福岡県,中学,福岡市立和白中学校
九州・沖縄,福岡県,中学,福岡市立香椎第２中学校
九州・沖縄,福岡県,中学,福岡市立多々良中央中学校
九州・沖縄,福岡県,中学,福岡市立和白丘中学校
九州・沖縄,福岡県,中学,福岡市立香椎第３中学校
九州・沖縄,福岡県,中学,福岡市立城香中学校
九州・沖縄,福岡県,中学,福岡市立青葉中学校
九州・沖縄,福岡県,中学,福岡市立松崎中学校
九州・沖縄,福岡県,中学,福岡市立箱崎清松中学校
九州・沖縄,福岡県,中学,福岡市立照葉中学校
九州・沖縄,福岡県,中学,福岡市立志賀中学校
九州・沖縄,福岡県,中学,福岡市立千代中学校
九州・沖縄,福岡県,中学,福岡市立東光中学校
九州・沖縄,福岡県,中学,福岡市立東住吉中学校
九州・沖縄,福岡県,中学,福岡市立住吉中学校
九州・沖縄,福岡県,中学,福岡市立板付中学校
九州・沖縄,福岡県,中学,福岡市立三筑中学校
九州・沖縄,福岡県,中学,福岡市立那珂中学校
九州・沖縄,福岡県,中学,福岡市立吉塚中学校
九州・沖縄,福岡県,中学,福岡市立席田中学校
九州・沖縄,福岡県,中学,福岡市立博多中学校
九州・沖縄,福岡県,中学,福岡市立舞鶴中学校
九州・沖縄,福岡県,中学,福岡市立警固中学校
九州・沖縄,福岡県,中学,福岡市立当仁中学校
九州・沖縄,福岡県,中学,福岡市立友泉中学校
九州・沖縄,福岡県,中学,福岡市立平尾中学校
九州・沖縄,福岡県,中学,福岡市立春吉中学校
九州・沖縄,福岡県,中学,福岡市立高宮中学校
九州・沖縄,福岡県,中学,福岡市立三宅中学校
九州・沖縄,福岡県,中学,福岡市立花畑中学校
九州・沖縄,福岡県,中学,福岡市立筑紫丘中学校
九州・沖縄,福岡県,中学,福岡市立曰佐中学校
九州・沖縄,福岡県,中学,福岡市立長丘中学校
九州・沖縄,福岡県,中学,福岡市立老司中学校
九州・沖縄,福岡県,中学,福岡市立柏原中学校
九州・沖縄,福岡県,中学,福岡市立宮竹中学校
九州・沖縄,福岡県,中学,福岡市立横手中学校
九州・沖縄,福岡県,中学,福岡市立野間中学校
九州・沖縄,福岡県,中学,福岡市立姪浜中学校
九州・沖縄,福岡県,中学,福岡市立玄洋中学校
九州・沖縄,福岡県,中学,福岡市立能古中学校
九州・沖縄,福岡県,中学,福岡市立元岡中学校
九州・沖縄,福岡県,中学,福岡市立北崎中学校
九州・沖縄,福岡県,中学,福岡市立小呂中学校
九州・沖縄,福岡県,中学,福岡市立玄界中学校
九州・沖縄,福岡県,中学,福岡市立壱岐中学校
九州・沖縄,福岡県,中学,福岡市立西陵中学校
九州・沖縄,福岡県,中学,福岡市立内浜中学校
九州・沖縄,福岡県,中学,福岡市立壱岐丘中学校
九州・沖縄,福岡県,中学,福岡市立下山門中学校
九州・沖縄,福岡県,中学,福岡市立城西中学校
九州・沖縄,福岡県,中学,福岡市立城南中学校
九州・沖縄,福岡県,中学,福岡市立梅林中学校
九州・沖縄,福岡県,中学,福岡市立長尾中学校
九州・沖縄,福岡県,中学,福岡市立片江中学校
九州・沖縄,福岡県,中学,福岡市立百道中学校
九州・沖縄,福岡県,中学,福岡市立西福岡中学校
九州・沖縄,福岡県,中学,福岡市立高取中学校
九州・沖縄,福岡県,中学,福岡市立金武中学校
九州・沖縄,福岡県,中学,福岡市立原中学校
九州・沖縄,福岡県,中学,福岡市立原北中学校
九州・沖縄,福岡県,中学,福岡市立田隈中学校
九州・沖縄,福岡県,中学,福岡市立次郎丸中学校
九州・沖縄,福岡県,中学,福岡市立原中央中学校
九州・沖縄,福岡県,中学,福岡市立早良中学校
九州・沖縄,福岡県,中学,福岡市立福岡きぼう中学校
九州・沖縄,福岡県,中学,福岡市立百道松原中学校
九州・沖縄,福岡県,中学,福岡市立周船寺中学校
九州・沖縄,福岡県,中学,大牟田市立松原中学校
九州・沖縄,福岡県,中学,大牟田市立白光中学校
九州・沖縄,福岡県,中学,大牟田市立甘木中学校
九州・沖縄,福岡県,中学,大牟田市立宮原中学校
九州・沖縄,福岡県,中学,大牟田市立宅峰中学校
九州・沖縄,福岡県,中学,大牟田市立宅峰中学校ほしぞら分校
九州・沖縄,福岡県,中学,大牟田市立御木中学校
九州・沖縄,福岡県,中学,大牟田市立白銀中学校
九州・沖縄,福岡県,中学,久留米市立城南中学校
九州・沖縄,福岡県,中学,久留米市立江南中学校
九州・沖縄,福岡県,中学,久留米市立櫛原中学校
九州・沖縄,福岡県,中学,久留米市立牟田山中学校
九州・沖縄,福岡県,中学,久留米市立諏訪中学校
九州・沖縄,福岡県,中学,久留米市立良山中学校
九州・沖縄,福岡県,中学,久留米市立明星中学校
九州・沖縄,福岡県,中学,久留米市立宮ノ陣中学校
九州・沖縄,福岡県,中学,久留米市立荒木中学校
九州・沖縄,福岡県,中学,久留米市立筑邦西中学校
九州・沖縄,福岡県,中学,久留米市立屏水中学校
九州・沖縄,福岡県,中学,久留米市立青陵中学校
九州・沖縄,福岡県,中学,久留米市立高牟礼中学校
九州・沖縄,福岡県,中学,久留米市立田主丸中学校
九州・沖縄,福岡県,中学,久留米市立北野中学校
九州・沖縄,福岡県,中学,久留米市立三潴中学校
九州・沖縄,福岡県,中学,久留米市立城島中学校
九州・沖縄,福岡県,中学,直方市立直方第一中学校
九州・沖縄,福岡県,中学,直方市立直方第二中学校
九州・沖縄,福岡県,中学,直方市立直方第三中学校
九州・沖縄,福岡県,中学,直方市立植木中学校
九州・沖縄,福岡県,中学,飯塚市立飯塚第一中学校
九州・沖縄,福岡県,中学,飯塚市立飯塚第二中学校
九州・沖縄,福岡県,中学,飯塚市立二瀬中学校
九州・沖縄,福岡県,中学,飯塚市立幸袋中学校
九州・沖縄,福岡県,中学,飯塚市立飯塚鎮西中学校
九州・沖縄,福岡県,中学,飯塚市立庄内中学校
九州・沖縄,福岡県,中学,飯塚市立頴田中学校
九州・沖縄,福岡県,中学,飯塚市立穂波東中学校
九州・沖縄,福岡県,中学,飯塚市立穂波西中学校
九州・沖縄,福岡県,中学,飯塚市立筑穂中学校
九州・沖縄,福岡県,中学,福岡県立嘉穂高等学校附属中学校
九州・沖縄,福岡県,中学,田川市立猪位金中学校
九州・沖縄,福岡県,中学,田川市立田川東中学校
九州・沖縄,福岡県,中学,田川市立田川西中学校
九州・沖縄,福岡県,中学,柳川市立柳城中学校
九州・沖縄,福岡県,中学,柳川市立昭代中学校
九州・沖縄,福岡県,中学,柳川市立蒲池中学校
九州・沖縄,福岡県,中学,柳川市立柳南中学校
九州・沖縄,福岡県,中学,柳川市立大和中学校
九州・沖縄,福岡県,中学,柳川市立三橋中学校
九州・沖縄,福岡県,中学,八女市立福島中学校
九州・沖縄,福岡県,中学,八女市立南中学校
九州・沖縄,福岡県,中学,八女市立西中学校
九州・沖縄,福岡県,中学,八女市立立花中学校
九州・沖縄,福岡県,中学,八女市立筑南中学校
九州・沖縄,福岡県,中学,八女市立黒木中学校
九州・沖縄,福岡県,中学,八女市立星野中学校
九州・沖縄,福岡県,中学,筑後市立羽犬塚中学校
九州・沖縄,福岡県,中学,筑後市立筑後北中学校
九州・沖縄,福岡県,中学,筑後市立筑後中学校
九州・沖縄,福岡県,中学,大川市立大川桐英中学校
九州・沖縄,福岡県,中学,大川市立大川桐薫中学校
九州・沖縄,福岡県,中学,行橋市立行橋中学校
九州・沖縄,福岡県,中学,行橋市立中京中学校
九州・沖縄,福岡県,中学,行橋市立泉中学校
九州・沖縄,福岡県,中学,行橋市立今元中学校
九州・沖縄,福岡県,中学,行橋市立仲津中学校
九州・沖縄,福岡県,中学,行橋市立長峡中学校
九州・沖縄,福岡県,中学,豊前市立八屋中学校
九州・沖縄,福岡県,中学,豊前市立角田中学校
九州・沖縄,福岡県,中学,豊前市立千束中学校
九州・沖縄,福岡県,中学,中間市立中間中学校
九州・沖縄,福岡県,中学,中間市立中間北中学校
九州・沖縄,福岡県,中学,中間市立中間東中学校
九州・沖縄,福岡県,中学,中間市立中間南中学校
九州・沖縄,福岡県,中学,小郡市立宝城中学校
九州・沖縄,福岡県,中学,小郡市立大原中学校
九州・沖縄,福岡県,中学,小郡市立立石中学校
九州・沖縄,福岡県,中学,小郡市立小郡中学校
九州・沖縄,福岡県,中学,小郡市立三国中学校
九州・沖縄,福岡県,中学,筑紫野市立二日市中学校
九州・沖縄,福岡県,中学,筑紫野市立筑山中学校
九州・沖縄,福岡県,中学,筑紫野市立筑紫野中学校
九州・沖縄,福岡県,中学,筑紫野市立天拝中学校
九州・沖縄,福岡県,中学,筑紫野市立筑紫野南中学校
九州・沖縄,福岡県,中学,春日市立春日野中学校
九州・沖縄,福岡県,中学,春日市立春日中学校
九州・沖縄,福岡県,中学,春日市立春日東中学校
九州・沖縄,福岡県,中学,春日市立春日西中学校
九州・沖縄,福岡県,中学,春日市立春日南中学校
九州・沖縄,福岡県,中学,春日市立春日北中学校
九州・沖縄,福岡県,中学,大野城市立大野中学校
九州・沖縄,福岡県,中学,大野城市立大野東中学校
九州・沖縄,福岡県,中学,大野城市立大利中学校
九州・沖縄,福岡県,中学,大野城市立平野中学校
九州・沖縄,福岡県,中学,大野城市立御陵中学校
九州・沖縄,福岡県,中学,大野城市立みずほ中学校
九州・沖縄,福岡県,中学,宗像市立城山中学校
九州・沖縄,福岡県,中学,宗像市立中央中学校
九州・沖縄,福岡県,中学,宗像市立日の里中学校
九州・沖縄,福岡県,中学,宗像市立自由ヶ丘中学校
九州・沖縄,福岡県,中学,宗像市立河東中学校
九州・沖縄,福岡県,中学,宗像市立玄海中学校
九州・沖縄,福岡県,中学,福岡県立宗像中学校
九州・沖縄,福岡県,中学,太宰府市立太宰府東中学校
九州・沖縄,福岡県,中学,太宰府市立学業院中学校
九州・沖縄,福岡県,中学,太宰府市立太宰府中学校
九州・沖縄,福岡県,中学,太宰府市立太宰府西中学校
九州・沖縄,福岡県,中学,古賀市立古賀中学校
九州・沖縄,福岡県,中学,古賀市立古賀北中学校
九州・沖縄,福岡県,中学,古賀市立古賀東中学校
九州・沖縄,福岡県,中学,福津市立福間中学校
九州・沖縄,福岡県,中学,福津市立福間東中学校
九州・沖縄,福岡県,中学,福津市立津屋崎中学校
九州・沖縄,福岡県,中学,うきは市立浮羽中学校
九州・沖縄,福岡県,中学,うきは市立吉井中学校
九州・沖縄,福岡県,中学,宮若市立宮若東中学校
九州・沖縄,福岡県,中学,宮若市立宮若西中学校
九州・沖縄,福岡県,中学,嘉麻市立山田中学校
九州・沖縄,福岡県,中学,嘉麻市立嘉穂中学校
九州・沖縄,福岡県,中学,朝倉市立十文字中学校
九州・沖縄,福岡県,中学,朝倉市立南陵中学校
九州・沖縄,福岡県,中学,朝倉市立秋月中学校
九州・沖縄,福岡県,中学,朝倉市立甘木中学校
九州・沖縄,福岡県,中学,朝倉市立杷木中学校
九州・沖縄,福岡県,中学,朝倉市立比良松中学校
九州・沖縄,福岡県,中学,みやま市立山川中学校
九州・沖縄,福岡県,中学,みやま市立高田中学校
九州・沖縄,福岡県,中学,みやま市立みやま中学校
九州・沖縄,福岡県,中学,糸島市立前原中学校
九州・沖縄,福岡県,中学,糸島市立前原東中学校
九州・沖縄,福岡県,中学,糸島市立前原西中学校
九州・沖縄,福岡県,中学,糸島市立二丈中学校
九州・沖縄,福岡県,中学,糸島市立福吉中学校
九州・沖縄,福岡県,中学,糸島市立志摩中学校
九州・沖縄,福岡県,中学,糸島市立志摩中学校姫島分校
九州・沖縄,福岡県,中学,那珂川市立那珂川中学校
九州・沖縄,福岡県,中学,那珂川市立那珂川中学校後野分校
九州・沖縄,福岡県,中学,那珂川市立那珂川南中学校
九州・沖縄,福岡県,中学,那珂川市立那珂川北中学校
九州・沖縄,福岡県,中学,宇美町立宇美中学校
九州・沖縄,福岡県,中学,宇美町立宇美東中学校
九州・沖縄,福岡県,中学,宇美町立宇美南中学校
九州・沖縄,福岡県,中学,宇美町立宇美南中学校ハピネス分校
九州・沖縄,福岡県,中学,篠栗町立篠栗中学校
九州・沖縄,福岡県,中学,篠栗町立篠栗北中学校
九州・沖縄,福岡県,中学,志免町立志免中学校
九州・沖縄,福岡県,中学,志免町立志免東中学校
九州・沖縄,福岡県,中学,須恵町立須恵中学校
九州・沖縄,福岡県,中学,須恵町立須恵東中学校
九州・沖縄,福岡県,中学,新宮町立新宮中学校
九州・沖縄,福岡県,中学,新宮町立新宮中学校相島分校
九州・沖縄,福岡県,中学,新宮東中学校
九州・沖縄,福岡県,中学,久山町立久山中学校
九州・沖縄,福岡県,中学,粕屋町立粕屋中学校
九州・沖縄,福岡県,中学,粕屋町立粕屋東中学校
九州・沖縄,福岡県,中学,芦屋町立芦屋中学校
九州・沖縄,福岡県,中学,水巻町立水巻中学校
九州・沖縄,福岡県,中学,水巻町立水巻南中学校
九州・沖縄,福岡県,中学,岡垣町立岡垣中学校
九州・沖縄,福岡県,中学,岡垣町立岡垣東中学校
九州・沖縄,福岡県,中学,遠賀町立遠賀中学校
九州・沖縄,福岡県,中学,遠賀町立遠賀南中学校
九州・沖縄,福岡県,中学,小竹町立小竹中学校
九州・沖縄,福岡県,中学,鞍手町立鞍手中学校
九州・沖縄,福岡県,中学,桂川町立桂川中学校
九州・沖縄,福岡県,中学,筑前町立三輪中学校
九州・沖縄,福岡県,中学,筑前町立夜須中学校
九州・沖縄,福岡県,中学,東峰村立東峰中学校
九州・沖縄,福岡県,中学,大刀洗町立大刀洗中学校
九州・沖縄,福岡県,中学,大木町立大木中学校
九州・沖縄,福岡県,中学,広川町立広川中学校
九州・沖縄,福岡県,中学,添田町立添田中学校
九州・沖縄,福岡県,中学,糸田町立糸田中学校
九州・沖縄,福岡県,中学,川崎町立川崎中学校
九州・沖縄,福岡県,中学,大任町立大任中学校
九州・沖縄,福岡県,中学,赤村立赤中学校
九州・沖縄,福岡県,中学,福智町立赤池中学校
九州・沖縄,福岡県,中学,福智町立方城中学校
九州・沖縄,福岡県,中学,苅田町立苅田中学校
九州・沖縄,福岡県,中学,苅田町立新津中学校
九州・沖縄,福岡県,中学,みやこ町立勝山中学校
九州・沖縄,福岡県,中学,みやこ町立豊津中学校
九州・沖縄,福岡県,中学,みやこ町立犀川中学校
九州・沖縄,福岡県,中学,みやこ町立伊良原中学校
九州・沖縄,福岡県,中学,福岡県立育徳館中学校
九州・沖縄,福岡県,中学,吉富町外一市中学校組合立吉富中学校
九州・沖縄,福岡県,中学,上毛町立上毛中学校
九州・沖縄,福岡県,中学,築上町立築城中学校
九州・沖縄,福岡県,中学,築上町立椎田中学校
九州・沖縄,福岡県,中学,敬愛中学校
九州・沖縄,福岡県,中学,明治学園中学校
九州・沖縄,福岡県,中学,西南女学院中学校
九州・沖縄,福岡県,中学,照曜館中学校
九州・沖縄,福岡県,中学,小倉日新館中学校
九州・沖縄,福岡県,中学,北九州子どもの村中学校
九州・沖縄,福岡県,中学,九州国際大学付属中学校
九州・沖縄,福岡県,中学,折尾愛真中学校
九州・沖縄,福岡県,中学,博多女子中学校
九州・沖縄,福岡県,中学,隆徳館中学校
九州・沖縄,福岡県,中学,東福岡自彊館中学校
九州・沖縄,福岡県,中学,筑紫女学園中学校
九州・沖縄,福岡県,中学,福岡雙葉中学校
九州・沖縄,福岡県,中学,上智福岡中学校
九州・沖縄,福岡県,中学,福岡大学附属大濠中学校
九州・沖縄,福岡県,中学,福岡女学院中学校
九州・沖縄,福岡県,中学,中村学園三陽中学校
九州・沖縄,福岡県,中学,福岡舞鶴誠和中学校
九州・沖縄,福岡県,中学,中村学園中学校
九州・沖縄,福岡県,中学,西南学院中学校
九州・沖縄,福岡県,中学,明光学園中学校
九州・沖縄,福岡県,中学,大牟田中学校
九州・沖縄,福岡県,中学,久留米大学附設中学校
九州・沖縄,福岡県,中学,久留米信愛中学校
九州・沖縄,福岡県,中学,飯塚日新館中学校
九州・沖縄,福岡県,中学,八女学院中学校
九州・沖縄,福岡県,中学,筑陽学園中学校
九州・沖縄,福岡県,高校,福岡県立門司大翔館高等学校
九州・沖縄,福岡県,高校,福岡県立門司学園高等学校
九州・沖縄,福岡県,高校,福岡県立若松高等学校
九州・沖縄,福岡県,高校,福岡県立若松商業高等学校
九州・沖縄,福岡県,高校,福岡県立戸畑高等学校
九州・沖縄,福岡県,高校,福岡県立ひびき高等学校
九州・沖縄,福岡県,高校,福岡県立戸畑工業高等学校
九州・沖縄,福岡県,高校,北九州市立高等学校
九州・沖縄,福岡県,高校,福岡県立小倉高等学校
九州・沖縄,福岡県,高校,福岡県立小倉工業高等学校
九州・沖縄,福岡県,高校,福岡県立小倉西高等学校
九州・沖縄,福岡県,高校,福岡県立小倉南高等学校
九州・沖縄,福岡県,高校,福岡県立小倉商業高等学校
九州・沖縄,福岡県,高校,福岡県立北九州高等学校
九州・沖縄,福岡県,高校,福岡県立小倉東高等学校
九州・沖縄,福岡県,高校,福岡県立八幡高等学校
九州・沖縄,福岡県,高校,福岡県立八幡中央高等学校
九州・沖縄,福岡県,高校,福岡県立八幡工業高等学校
九州・沖縄,福岡県,高校,福岡県立八幡南高等学校
九州・沖縄,福岡県,高校,福岡県立東筑高等学校
九州・沖縄,福岡県,高校,福岡県立折尾高等学校
九州・沖縄,福岡県,高校,福岡県立北筑高等学校
九州・沖縄,福岡県,高校,福岡県立香椎高等学校
九州・沖縄,福岡県,高校,福岡県立香椎工業高等学校
九州・沖縄,福岡県,高校,福岡県立香住丘高等学校
九州・沖縄,福岡県,高校,福岡県立福岡高等学校
九州・沖縄,福岡県,高校,福岡県立博多青松高等学校
九州・沖縄,福岡県,高校,福岡県立福岡中央高等学校
九州・沖縄,福岡県,高校,福岡県立筑紫丘高等学校
九州・沖縄,福岡県,高校,福岡県立柏陵高等学校
九州・沖縄,福岡県,高校,福岡市立福翔高等学校
九州・沖縄,福岡県,高校,福岡県立筑前高等学校
九州・沖縄,福岡県,高校,福岡県立玄洋高等学校
九州・沖縄,福岡県,高校,福岡市立福岡女子高等学校
九州・沖縄,福岡県,高校,福岡市立福岡西陵高等学校
九州・沖縄,福岡県,高校,福岡県立城南高等学校
九州・沖縄,福岡県,高校,福岡市立博多工業高等学校
九州・沖縄,福岡県,高校,福岡県立修猷館高等学校
九州・沖縄,福岡県,高校,福岡県立福岡工業高等学校
九州・沖縄,福岡県,高校,福岡県立福岡講倫館高等学校
九州・沖縄,福岡県,高校,福岡県立早良高等学校
九州・沖縄,福岡県,高校,福岡県立三池高等学校
九州・沖縄,福岡県,高校,福岡県立三池工業高等学校
九州・沖縄,福岡県,高校,福岡県立大牟田北高等学校
九州・沖縄,福岡県,高校,福岡県立ありあけ新世高等学校
九州・沖縄,福岡県,高校,福岡県立久留米筑水高等学校
九州・沖縄,福岡県,高校,福岡県立明善高等学校
九州・沖縄,福岡県,高校,福岡県立久留米高等学校
九州・沖縄,福岡県,高校,福岡県立三潴高等学校
九州・沖縄,福岡県,高校,福岡県立浮羽工業高等学校
九州・沖縄,福岡県,高校,久留米市立南筑高等学校
九州・沖縄,福岡県,高校,久留米市立久留米商業高等学校
九州・沖縄,福岡県,高校,福岡県立鞍手高等学校
九州・沖縄,福岡県,高校,福岡県立直方高等学校
九州・沖縄,福岡県,高校,福岡県立筑豊高等学校
九州・沖縄,福岡県,高校,福岡県立嘉穂高等学校
九州・沖縄,福岡県,高校,福岡県立嘉穂東高等学校
九州・沖縄,福岡県,高校,福岡県立東鷹高等学校
九州・沖縄,福岡県,高校,福岡県立西田川高等学校
九州・沖縄,福岡県,高校,福岡県立田川科学技術高等学校
九州・沖縄,福岡県,高校,福岡県立伝習館高等学校
九州・沖縄,福岡県,高校,福岡県立福島高等学校
九州・沖縄,福岡県,高校,福岡県立八女農業高等学校
九州・沖縄,福岡県,高校,福岡県立八女高等学校
九州・沖縄,福岡県,高校,福岡県立八女工業高等学校
九州・沖縄,福岡県,高校,福岡県立大川樟風高等学校
九州・沖縄,福岡県,高校,福岡県立京都高等学校
九州・沖縄,福岡県,高校,福岡県立行橋高等学校
九州・沖縄,福岡県,高校,福岡県立青豊高等学校
九州・沖縄,福岡県,高校,福岡県立中間高等学校
九州・沖縄,福岡県,高校,福岡県立三井高等学校
九州・沖縄,福岡県,高校,福岡県立小郡高等学校
九州・沖縄,福岡県,高校,福岡県立筑紫高等学校
九州・沖縄,福岡県,高校,福岡県立武蔵台高等学校
九州・沖縄,福岡県,高校,福岡県立春日高等学校
九州・沖縄,福岡県,高校,福岡県立筑紫中央高等学校
九州・沖縄,福岡県,高校,福岡県立宗像高等学校
九州・沖縄,福岡県,高校,福岡県立福岡農業高等学校
九州・沖縄,福岡県,高校,福岡県立太宰府高等学校
九州・沖縄,福岡県,高校,福岡県立玄界高等学校
九州・沖縄,福岡県,高校,福岡県公立古賀竟成館高等学校
九州・沖縄,福岡県,高校,福岡県立水産高等学校
九州・沖縄,福岡県,高校,福岡県立光陵高等学校
九州・沖縄,福岡県,高校,福岡県立浮羽究真館高等学校
九州・沖縄,福岡県,高校,福岡県立鞍手竜徳高等学校
九州・沖縄,福岡県,高校,福岡県立稲築志耕館高等学校
九州・沖縄,福岡県,高校,福岡県立嘉穂総合高等学校嘉麻市立大隈城山校
九州・沖縄,福岡県,高校,福岡県立朝倉高等学校
九州・沖縄,福岡県,高校,福岡県立朝倉東高等学校
九州・沖縄,福岡県,高校,福岡県立朝倉光陽高等学校
九州・沖縄,福岡県,高校,福岡県立山門高等学校
九州・沖縄,福岡県,高校,福岡県立糸島高等学校
九州・沖縄,福岡県,高校,福岡県立糸島農業高等学校
九州・沖縄,福岡県,高校,福岡県立宇美商業高等学校
九州・沖縄,福岡県,高校,福岡県立須恵高等学校
九州・沖縄,福岡県,高校,福岡県立新宮高等学校
九州・沖縄,福岡県,高校,福岡県立福岡魁誠高等学校
九州・沖縄,福岡県,高校,福岡県立遠賀高等学校
九州・沖縄,福岡県,高校,福岡県立嘉穂総合高等学校
九州・沖縄,福岡県,高校,福岡県立田川高等学校
九州・沖縄,福岡県,高校,福岡県立苅田工業高等学校
九州・沖縄,福岡県,高校,福岡県立育徳館高等学校
九州・沖縄,福岡県,高校,福岡県立築上西高等学校
九州・沖縄,福岡県,高校,豊国学園高等学校
九州・沖縄,福岡県,高校,敬愛高等学校
九州・沖縄,福岡県,高校,高稜高等学校
九州・沖縄,福岡県,高校,明治学園高等学校
九州・沖縄,福岡県,高校,西南女学院高等学校
九州・沖縄,福岡県,高校,美萩野女子高等学校
九州・沖縄,福岡県,高校,東筑紫学園高等学校
九州・沖縄,福岡県,高校,真颯館高等学校
九州・沖縄,福岡県,高校,慶成高等学校
九州・沖縄,福岡県,高校,常磐高等学校
九州・沖縄,福岡県,高校,九州国際大学付属高等学校
九州・沖縄,福岡県,高校,折尾愛真高等学校
九州・沖縄,福岡県,高校,星琳高等学校
九州・沖縄,福岡県,高校,自由ケ丘高等学校
九州・沖縄,福岡県,高校,仰星学園高等学校
九州・沖縄,福岡県,高校,博多高等学校
九州・沖縄,福岡県,高校,博多女子高等学校
九州・沖縄,福岡県,高校,立花高等学校
九州・沖縄,福岡県,高校,福岡工業大学附属城東高等学校
九州・沖縄,福岡県,高校,九州産業大学付属九州高等学校
九州・沖縄,福岡県,高校,精華女子高等学校
九州・沖縄,福岡県,高校,東福岡高等学校
九州・沖縄,福岡県,高校,沖学園高等学校
九州・沖縄,福岡県,高校,上智福岡高等学校
九州・沖縄,福岡県,高校,筑紫女学園高等学校
九州・沖縄,福岡県,高校,福岡大学附属若葉高等学校
九州・沖縄,福岡県,高校,福岡雙葉高等学校
九州・沖縄,福岡県,高校,福岡大学附属大濠高等学校
九州・沖縄,福岡県,高校,つくば開成福岡高等学校
九州・沖縄,福岡県,高校,福岡女学院高等学校
九州・沖縄,福岡県,高校,福岡第一高等学校
九州・沖縄,福岡県,高校,純真高等学校
九州・沖縄,福岡県,高校,第一薬科大学付属高等学校
九州・沖縄,福岡県,高校,福岡海星女子学院高等学校
九州・沖縄,福岡県,高校,福岡舞鶴高等学校
九州・沖縄,福岡県,高校,中村学園三陽高等学校
九州・沖縄,福岡県,高校,中村学園高等学校
九州・沖縄,福岡県,高校,西南学院高等学校
九州・沖縄,福岡県,高校,福岡芸術高等学校
九州・沖縄,福岡県,高校,大牟田高等学校
九州・沖縄,福岡県,高校,誠修高等学校
九州・沖縄,福岡県,高校,明光学園高等学校
九州・沖縄,福岡県,高校,久留米学園高等学校
九州・沖縄,福岡県,高校,久留米大学附設高等学校
九州・沖縄,福岡県,高校,久留米信愛高等学校
九州・沖縄,福岡県,高校,祐誠高等学校
九州・沖縄,福岡県,高校,学校法人大和学園大和青藍高等学校
九州・沖縄,福岡県,高校,近畿大学附属福岡高等学校
九州・沖縄,福岡県,高校,飯塚高等学校
九州・沖縄,福岡県,高校,福智高等学校
九州・沖縄,福岡県,高校,柳川高等学校
九州・沖縄,福岡県,高校,福岡キャリアｉ高等学校
九州・沖縄,福岡県,高校,八女学院高等学校
九州・沖縄,福岡県,高校,西日本短期大学附属高等学校
九州・沖縄,福岡県,高校,希望が丘高等学校
九州・沖縄,福岡県,高校,九州産業大学付属九州産業高等学校
九州・沖縄,福岡県,高校,福岡常葉高等学校
九州・沖縄,福岡県,高校,東海大学付属福岡高等学校
九州・沖縄,福岡県,高校,筑陽学園高等学校
九州・沖縄,福岡県,高校,筑紫台高等学校
九州・沖縄,福岡県,高校,福岡女子商業高等学校
九州・沖縄,福岡県,高校,川崎特区明蓬館高等学校
九州・沖縄,福岡県,中等教育学校,福岡県立輝翔館中等教育学校
九州・沖縄,福岡県,#N/A,リンデンホールスクール中高学部
九州・沖縄,佐賀県,中学,佐賀大学教育学部附属中学校
九州・沖縄,佐賀県,中学,佐賀市立成章中学校
九州・沖縄,佐賀県,中学,佐賀市立城南中学校
九州・沖縄,佐賀県,中学,佐賀市立昭栄中学校
九州・沖縄,佐賀県,中学,佐賀市立城東中学校
九州・沖縄,佐賀県,中学,佐賀市立城西中学校
九州・沖縄,佐賀県,中学,佐賀市立城北中学校
九州・沖縄,佐賀県,中学,佐賀市立金泉中学校
九州・沖縄,佐賀県,中学,佐賀市立芙蓉中学校
九州・沖縄,佐賀県,中学,佐賀市立鍋島中学校
九州・沖縄,佐賀県,中学,佐賀市立諸富中学校
九州・沖縄,佐賀県,中学,佐賀市立川副中学校
九州・沖縄,佐賀県,中学,佐賀市立東与賀中学校
九州・沖縄,佐賀県,中学,佐賀市立思斉中学校
九州・沖縄,佐賀県,中学,佐賀市立大和中学校
九州・沖縄,佐賀県,中学,佐賀市立松梅中学校
九州・沖縄,佐賀県,中学,佐賀市立富士中学校
九州・沖縄,佐賀県,中学,佐賀市立北山中学校
九州・沖縄,佐賀県,中学,佐賀市立三瀬中学校
九州・沖縄,佐賀県,中学,唐津市立第一中学校
九州・沖縄,佐賀県,中学,唐津市立佐志中学校
九州・沖縄,佐賀県,中学,唐津市立第五中学校
九州・沖縄,佐賀県,中学,唐津市立鏡中学校
九州・沖縄,佐賀県,中学,唐津市立鬼塚中学校
九州・沖縄,佐賀県,中学,唐津市立湊中学校
九州・沖縄,佐賀県,中学,唐津市立西唐津中学校
九州・沖縄,佐賀県,中学,唐津市立浜玉中学校
九州・沖縄,佐賀県,中学,唐津市立七山中学校
九州・沖縄,佐賀県,中学,唐津市立厳木中学校
九州・沖縄,佐賀県,中学,唐津市立相知中学校
九州・沖縄,佐賀県,中学,唐津市立北波多中学校
九州・沖縄,佐賀県,中学,唐津市立肥前中学校
九州・沖縄,佐賀県,中学,唐津市立馬渡中学校
九州・沖縄,佐賀県,中学,唐津市立加唐中学校
九州・沖縄,佐賀県,中学,唐津市立小川中学校
九州・沖縄,佐賀県,中学,唐津市立浜玉中学校虹の松原分校
九州・沖縄,佐賀県,中学,唐津市立高峰中学校
九州・沖縄,佐賀県,中学,唐津市立海青中学校
九州・沖縄,佐賀県,中学,鳥栖市立鳥栖中学校
九州・沖縄,佐賀県,中学,鳥栖市立田代中学校
九州・沖縄,佐賀県,中学,鳥栖市立基里中学校
九州・沖縄,佐賀県,中学,鳥栖市立鳥栖西中学校
九州・沖縄,佐賀県,中学,伊万里市立伊万里中学校
九州・沖縄,佐賀県,中学,伊万里市立国見中学校
九州・沖縄,佐賀県,中学,伊万里市立山代中学校
九州・沖縄,佐賀県,中学,伊万里市立啓成中学校
九州・沖縄,佐賀県,中学,伊万里市立青嶺中学校
九州・沖縄,佐賀県,中学,武雄市立武雄中学校
九州・沖縄,佐賀県,中学,武雄市立川登中学校
九州・沖縄,佐賀県,中学,武雄市立武雄北中学校
九州・沖縄,佐賀県,中学,武雄市立山内中学校
九州・沖縄,佐賀県,中学,武雄市立北方中学校
九州・沖縄,佐賀県,中学,鹿島市立東部中学校
九州・沖縄,佐賀県,中学,鹿島市立西部中学校
九州・沖縄,佐賀県,中学,小城市立小城中学校
九州・沖縄,佐賀県,中学,小城市立三日月中学校
九州・沖縄,佐賀県,中学,小城市立牛津中学校
九州・沖縄,佐賀県,中学,小城市立芦刈中学校
九州・沖縄,佐賀県,中学,嬉野市立塩田中学校
九州・沖縄,佐賀県,中学,嬉野市立嬉野中学校
九州・沖縄,佐賀県,中学,嬉野市立大野原中学校
九州・沖縄,佐賀県,中学,嬉野市立吉田中学校
九州・沖縄,佐賀県,中学,神埼市立神埼中学校
九州・沖縄,佐賀県,中学,神埼市立千代田中学校
九州・沖縄,佐賀県,中学,神埼市立脊振中学校
九州・沖縄,佐賀県,中学,吉野ヶ里町立三田川中学校
九州・沖縄,佐賀県,中学,吉野ヶ里町立東脊振中学校
九州・沖縄,佐賀県,中学,基山町立基山中学校
九州・沖縄,佐賀県,中学,上峰町立上峰中学校
九州・沖縄,佐賀県,中学,みやき町立中原中学校
九州・沖縄,佐賀県,中学,みやき町立北茂安中学校
九州・沖縄,佐賀県,中学,みやき町立三根中学校
九州・沖縄,佐賀県,中学,有田町立有田中学校
九州・沖縄,佐賀県,中学,有田町立西有田中学校
九州・沖縄,佐賀県,中学,江北町立江北中学校
九州・沖縄,佐賀県,中学,白石町立白石中学校
九州・沖縄,佐賀県,中学,太良町立多良中学校
九州・沖縄,佐賀県,中学,太良町立大浦中学校
九州・沖縄,佐賀県,中学,佐賀県立致遠館中学校
九州・沖縄,佐賀県,中学,佐賀県立唐津東中学校
九州・沖縄,佐賀県,中学,佐賀県立武雄青陵中学校
九州・沖縄,佐賀県,中学,佐賀県立香楠中学校
九州・沖縄,佐賀県,中学,佐賀県立彩志学舎中学校
九州・沖縄,佐賀県,中学,佐賀清和中学校
九州・沖縄,佐賀県,中学,龍谷中学校
九州・沖縄,佐賀県,中学,弘学館中学校
九州・沖縄,佐賀県,中学,成穎中学校
九州・沖縄,佐賀県,中学,早稲田佐賀中学校
九州・沖縄,佐賀県,中学,東明館中学校
九州・沖縄,佐賀県,高校,佐賀県立佐賀西高等学校
九州・沖縄,佐賀県,高校,佐賀県立佐賀東高等学校
九州・沖縄,佐賀県,高校,佐賀県立佐賀北高等学校
九州・沖縄,佐賀県,高校,佐賀県立唐津東高等学校
九州・沖縄,佐賀県,高校,佐賀県立唐津西高等学校
九州・沖縄,佐賀県,高校,佐賀県立伊万里高等学校
九州・沖縄,佐賀県,高校,佐賀県立小城高等学校
九州・沖縄,佐賀県,高校,佐賀県立牛津高等学校
九州・沖縄,佐賀県,高校,佐賀県立鳥栖高等学校
九州・沖縄,佐賀県,高校,佐賀県立三養基高等学校
九州・沖縄,佐賀県,高校,佐賀県立神埼高等学校
九州・沖縄,佐賀県,高校,佐賀県立厳木高等学校
九州・沖縄,佐賀県,高校,佐賀県立高志館高等学校
九州・沖縄,佐賀県,高校,佐賀県立神埼清明高等学校
九州・沖縄,佐賀県,高校,佐賀県立佐賀農業高等学校
九州・沖縄,佐賀県,高校,佐賀県立唐津南高等学校
九州・沖縄,佐賀県,高校,佐賀県立佐賀工業高等学校
九州・沖縄,佐賀県,高校,佐賀県立鳥栖工業高等学校
九州・沖縄,佐賀県,高校,佐賀県立多久高等学校
九州・沖縄,佐賀県,高校,佐賀県立有田工業高等学校
九州・沖縄,佐賀県,高校,佐賀県立唐津工業高等学校
九州・沖縄,佐賀県,高校,佐賀県立佐賀商業高等学校
九州・沖縄,佐賀県,高校,佐賀県立唐津商業高等学校
九州・沖縄,佐賀県,高校,佐賀県立鳥栖商業高等学校
九州・沖縄,佐賀県,高校,佐賀県立太良高等学校
九州・沖縄,佐賀県,高校,佐賀県立致遠館高等学校
九州・沖縄,佐賀県,高校,佐賀県立鹿島高等学校
九州・沖縄,佐賀県,高校,佐賀県立鹿島高等学校大手門学舎
九州・沖縄,佐賀県,高校,佐賀県立嬉野高等学校
九州・沖縄,佐賀県,高校,佐賀県立嬉野高等学校嬉野校舎
九州・沖縄,佐賀県,高校,佐賀県立白石高等学校
九州・沖縄,佐賀県,高校,佐賀県立白石高等学校商業科キャンパス
九州・沖縄,佐賀県,高校,佐賀県立伊万里実業高等学校
九州・沖縄,佐賀県,高校,佐賀県立唐津青翔高等学校
九州・沖縄,佐賀県,高校,佐賀県立武雄高等学校
九州・沖縄,佐賀県,高校,龍谷高等学校
九州・沖縄,佐賀県,高校,佐賀清和高等学校
九州・沖縄,佐賀県,高校,佐賀女子短期大学付属佐賀女子高等学校
九州・沖縄,佐賀県,高校,佐賀学園高等学校
九州・沖縄,佐賀県,高校,北陵高等学校
九州・沖縄,佐賀県,高校,敬徳高等学校
九州・沖縄,佐賀県,高校,弘学館高等学校
九州・沖縄,佐賀県,高校,東明館高等学校
九州・沖縄,佐賀県,高校,早稲田佐賀高等学校
九州・沖縄,長崎県,中学,長崎大学教育学部附属中学校
九州・沖縄,長崎県,中学,長崎市立日見中学校
九州・沖縄,長崎県,中学,長崎市立桜馬場中学校
九州・沖縄,長崎県,中学,長崎市立片淵中学校
九州・沖縄,長崎県,中学,長崎市立長崎中学校
九州・沖縄,長崎県,中学,長崎市立小島中学校
九州・沖縄,長崎県,中学,長崎市立大浦中学校
九州・沖縄,長崎県,中学,長崎市立梅香崎中学校
九州・沖縄,長崎県,中学,長崎市立戸町中学校
九州・沖縄,長崎県,中学,長崎市立土井首中学校
九州・沖縄,長崎県,中学,長崎市立深堀中学校
九州・沖縄,長崎県,中学,長崎市立福田中学校
九州・沖縄,長崎県,中学,長崎市立西泊中学校
九州・沖縄,長崎県,中学,長崎市立丸尾中学校
九州・沖縄,長崎県,中学,長崎市立淵中学校
九州・沖縄,長崎県,中学,長崎市立緑が丘中学校
九州・沖縄,長崎県,中学,長崎市立岩屋中学校
九州・沖縄,長崎県,中学,長崎市立西浦上中学校
九州・沖縄,長崎県,中学,長崎市立山里中学校
九州・沖縄,長崎県,中学,長崎市立茂木中学校
九州・沖縄,長崎県,中学,長崎市立日吉中学校
九州・沖縄,長崎県,中学,長崎市立東長崎中学校
九州・沖縄,長崎県,中学,長崎市立滑石中学校
九州・沖縄,長崎県,中学,佐世保市立宮中学校
九州・沖縄,長崎県,中学,佐世保市立三川内中学校
九州・沖縄,長崎県,中学,佐世保市立早岐中学校
九州・沖縄,長崎県,中学,佐世保市立東明中学校
九州・沖縄,長崎県,中学,佐世保市立日宇中学校
九州・沖縄,長崎県,中学,佐世保市立福石中学校
九州・沖縄,長崎県,中学,佐世保市立山澄中学校
九州・沖縄,長崎県,中学,佐世保市立清水中学校
九州・沖縄,長崎県,中学,佐世保市立光海中学校
九州・沖縄,長崎県,中学,佐世保市立愛宕中学校
九州・沖縄,長崎県,中学,佐世保市立相浦中学校
九州・沖縄,長崎県,中学,佐世保市立中里中学校
九州・沖縄,長崎県,中学,佐世保市立大野中学校
九州・沖縄,長崎県,中学,佐世保市立柚木中学校
九州・沖縄,長崎県,中学,島原市立第一中学校
九州・沖縄,長崎県,中学,島原市立第二中学校
九州・沖縄,長崎県,中学,島原市立第三中学校
九州・沖縄,長崎県,中学,島原市立三会中学校
九州・沖縄,長崎県,中学,諫早市立諫早中学校
九州・沖縄,長崎県,中学,諫早市立北諫早中学校
九州・沖縄,長崎県,中学,諫早市立小野中学校
九州・沖縄,長崎県,中学,諫早市立有喜中学校
九州・沖縄,長崎県,中学,諫早市立西諫早中学校
九州・沖縄,長崎県,中学,諫早市立長田中学校
九州・沖縄,長崎県,中学,大村市立玖島中学校
九州・沖縄,長崎県,中学,大村市立西大村中学校
九州・沖縄,長崎県,中学,大村市立萱瀬中学校
九州・沖縄,長崎県,中学,大村市立郡中学校
九州・沖縄,長崎県,中学,五島市立福江中学校
九州・沖縄,長崎県,中学,五島市立翁頭中学校
九州・沖縄,長崎県,中学,五島市立福江中学校椛島分校
九州・沖縄,長崎県,中学,五島市立久賀中学校
九州・沖縄,長崎県,中学,平戸市立平戸中学校
九州・沖縄,長崎県,中学,平戸市立度島中学校
九州・沖縄,長崎県,中学,平戸市立中野中学校
九州・沖縄,長崎県,中学,平戸市立中部中学校
九州・沖縄,長崎県,中学,平戸市立南部中学校
九州・沖縄,長崎県,中学,松浦市立御厨中学校
九州・沖縄,長崎県,中学,松浦市立青島中学校
九州・沖縄,長崎県,中学,松浦市立志佐中学校
九州・沖縄,長崎県,中学,松浦市立調川中学校
九州・沖縄,長崎県,中学,松浦市立今福中学校
九州・沖縄,長崎県,中学,長崎市立香焼中学校
九州・沖縄,長崎県,中学,長崎市立伊王島中学校
九州・沖縄,長崎県,中学,長崎市立高島中学校
九州・沖縄,長崎県,中学,長崎市立野母崎中学校
九州・沖縄,長崎県,中学,長崎市立三和中学校
九州・沖縄,長崎県,中学,諫早市立喜々津中学校
九州・沖縄,長崎県,中学,諫早市立琴海中学校
九州・沖縄,長崎県,中学,長与町立長与中学校
九州・沖縄,長崎県,中学,時津町立時津中学校
九州・沖縄,長崎県,中学,長崎市立琴海中学校
九州・沖縄,長崎県,中学,西海市立西彼中学校
九州・沖縄,長崎県,中学,西海市立江島中学校
九州・沖縄,長崎県,中学,西海市立平島中学校
九州・沖縄,長崎県,中学,西海市立大瀬戸中学校
九州・沖縄,長崎県,中学,長崎市立池島中学校
九州・沖縄,長崎県,中学,長崎市立三重中学校
九州・沖縄,長崎県,中学,川棚町立川棚中学校
九州・沖縄,長崎県,中学,波佐見町立波佐見中学校
九州・沖縄,長崎県,中学,諫早市立森山中学校
九州・沖縄,長崎県,中学,諫早市立飯盛中学校
九州・沖縄,長崎県,中学,諫早市立高来中学校
九州・沖縄,長崎県,中学,諫早市立小長井中学校
九州・沖縄,長崎県,中学,島原市立有明中学校
九州・沖縄,長崎県,中学,雲仙市立国見中学校
九州・沖縄,長崎県,中学,雲仙市立瑞穂中学校
九州・沖縄,長崎県,中学,雲仙市立吾妻中学校
九州・沖縄,長崎県,中学,雲仙市立愛野中学校
九州・沖縄,長崎県,中学,雲仙市立千々石中学校
九州・沖縄,長崎県,中学,雲仙市立小浜中学校
九州・沖縄,長崎県,中学,雲仙市立南串中学校
九州・沖縄,長崎県,中学,南島原市立加津佐中学校
九州・沖縄,長崎県,中学,南島原市立口之津中学校
九州・沖縄,長崎県,中学,南島原市立南有馬中学校
九州・沖縄,長崎県,中学,南島原市立北有馬中学校
九州・沖縄,長崎県,中学,南島原市立西有家中学校
九州・沖縄,長崎県,中学,南島原市立有家中学校
九州・沖縄,長崎県,中学,南島原市立布津中学校
九州・沖縄,長崎県,中学,南島原市立深江中学校
九州・沖縄,長崎県,中学,平戸市立大島中学校
九州・沖縄,長崎県,中学,平戸市立生月中学校
九州・沖縄,長崎県,中学,小値賀町立小値賀中学校
九州・沖縄,長崎県,中学,佐世保市立宇久中学校
九州・沖縄,長崎県,中学,平戸市立田平中学校
九州・沖縄,長崎県,中学,松浦市立福島中学校
九州・沖縄,長崎県,中学,松浦市立鷹島中学校
九州・沖縄,長崎県,中学,佐世保市立江迎中学校
九州・沖縄,長崎県,中学,佐世保市立鹿町中学校
九州・沖縄,長崎県,中学,佐世保市立小佐々中学校
九州・沖縄,長崎県,中学,佐々町立佐々中学校
九州・沖縄,長崎県,中学,佐世保市立吉井中学校
九州・沖縄,長崎県,中学,佐世保市立世知原中学校
九州・沖縄,長崎県,中学,五島市立富江中学校
九州・沖縄,長崎県,中学,五島市立三井楽中学校
九州・沖縄,長崎県,中学,五島市立嵯峨島中学校
九州・沖縄,長崎県,中学,五島市立岐宿中学校
九州・沖縄,長崎県,中学,五島市立奈留中学校
九州・沖縄,長崎県,中学,新上五島町立若松中学校
九州・沖縄,長崎県,中学,新上五島町立魚目中学校
九州・沖縄,長崎県,中学,新上五島町立有川中学校
九州・沖縄,長崎県,中学,壱岐市立石田中学校
九州・沖縄,長崎県,中学,対馬市立厳原中学校
九州・沖縄,長崎県,中学,対馬市立久田中学校
九州・沖縄,長崎県,中学,対馬市立大船越中学校
九州・沖縄,長崎県,中学,対馬市立鶏知中学校
九州・沖縄,長崎県,中学,対馬市立豊玉中学校
九州・沖縄,長崎県,中学,対馬市立西部中学校
九州・沖縄,長崎県,中学,対馬市立東部中学校
九州・沖縄,長崎県,中学,対馬市立佐須奈中学校
九州・沖縄,長崎県,中学,対馬市立仁田中学校
九州・沖縄,長崎県,中学,対馬市立比田勝中学校
九州・沖縄,長崎県,中学,長崎市立横尾中学校
九州・沖縄,長崎県,中学,長与町立長与第二中学校
九州・沖縄,長崎県,中学,長崎市立小江原中学校
九州・沖縄,長崎県,中学,佐世保市立崎辺中学校
九州・沖縄,長崎県,中学,諫早市立明峰中学校
九州・沖縄,長崎県,中学,新上五島町立上五島中学校
九州・沖縄,長崎県,中学,大村市立大村中学校
九州・沖縄,長崎県,中学,長崎市立橘中学校
九州・沖縄,長崎県,中学,諫早市立真城中学校
九州・沖縄,長崎県,中学,大村市立桜が原中学校
九州・沖縄,長崎県,中学,長崎市立三川中学校
九州・沖縄,長崎県,中学,佐世保市立広田中学校
九州・沖縄,長崎県,中学,長崎市立小ヶ倉中学校
九州・沖縄,長崎県,中学,時津町立鳴北中学校
九州・沖縄,長崎県,中学,佐世保市立日野中学校
九州・沖縄,長崎県,中学,長崎市立土井首中学校開成分校
九州・沖縄,長崎県,中学,五島市立玉之浦中学校
九州・沖縄,長崎県,中学,長崎県立長崎東中学校
九州・沖縄,長崎県,中学,長崎県立佐世保北中学校
九州・沖縄,長崎県,中学,長崎県立諫早高等学校附属中学校
九州・沖縄,長崎県,中学,壱岐市立郷ノ浦中学校
九州・沖縄,長崎県,中学,壱岐市立勝本中学校
九州・沖縄,長崎県,中学,壱岐市立芦辺中学校
九州・沖縄,長崎県,中学,佐世保市立祗園中学校
九州・沖縄,長崎県,中学,西海市立西海中学校
九州・沖縄,長崎県,中学,西海市立大崎中学校
九州・沖縄,長崎県,中学,長崎市立外海中学校
九州・沖縄,長崎県,中学,東彼杵町立東彼杵中学校
九州・沖縄,長崎県,中学,海星中学校
九州・沖縄,長崎県,中学,長崎南山中学校
九州・沖縄,長崎県,中学,活水中学校
九州・沖縄,長崎県,中学,長崎女子商業中学校
九州・沖縄,長崎県,中学,聖母の騎士中学校
九州・沖縄,長崎県,中学,純心中学校
九州・沖縄,長崎県,中学,聖マリア学院中学校
九州・沖縄,長崎県,中学,聖和女子学院中学校
九州・沖縄,長崎県,中学,青雲中学校
九州・沖縄,長崎県,中学,長崎精道中学校
九州・沖縄,長崎県,中学,精道三川台中学校
九州・沖縄,長崎県,中学,創成館中学校
九州・沖縄,長崎県,中学,長崎日本大学中学校
九州・沖縄,長崎県,高校,長崎玉成高等学校附属中学部
九州・沖縄,長崎県,中学,九州文化学園中学校
九州・沖縄,長崎県,中学,ながさき東そのぎ子どもの村中学校
九州・沖縄,長崎県,高校,長崎県立長崎東高等学校
九州・沖縄,長崎県,高校,長崎県立長崎西高等学校
九州・沖縄,長崎県,高校,長崎県立長崎南高等学校
九州・沖縄,長崎県,高校,長崎県立長崎北高等学校
九州・沖縄,長崎県,高校,長崎県立佐世保南高等学校
九州・沖縄,長崎県,高校,長崎県立佐世保北高等学校
九州・沖縄,長崎県,高校,長崎県立島原高等学校
九州・沖縄,長崎県,高校,長崎県立諫早高等学校
九州・沖縄,長崎県,高校,長崎県立大村高等学校
九州・沖縄,長崎県,高校,長崎県立五島高等学校
九州・沖縄,長崎県,高校,長崎県立奈留高等学校
九州・沖縄,長崎県,高校,長崎県立猶興館高等学校
九州・沖縄,長崎県,高校,長崎県立平戸高等学校
九州・沖縄,長崎県,高校,長崎県立松浦高等学校
九州・沖縄,長崎県,高校,長崎県立大崎高等学校
九州・沖縄,長崎県,高校,長崎県立西彼杵高等学校
九州・沖縄,長崎県,高校,長崎県立川棚高等学校
九州・沖縄,長崎県,高校,長崎県立国見高等学校
九州・沖縄,長崎県,高校,長崎県立小浜高等学校
九州・沖縄,長崎県,高校,長崎県立口加高等学校
九州・沖縄,長崎県,高校,長崎県立北松西高等学校
九州・沖縄,長崎県,高校,長崎県立宇久高等学校
九州・沖縄,長崎県,高校,長崎県立清峰高等学校
九州・沖縄,長崎県,高校,長崎県立五島南高等学校
九州・沖縄,長崎県,高校,長崎県立上五島高等学校
九州・沖縄,長崎県,高校,長崎県立中五島高等学校
九州・沖縄,長崎県,高校,長崎県立壱岐高等学校
九州・沖縄,長崎県,高校,長崎県立対馬高等学校
九州・沖縄,長崎県,高校,長崎県立豊玉高等学校
九州・沖縄,長崎県,高校,長崎県立上対馬高等学校
九州・沖縄,長崎県,高校,長崎県立島原農業高等学校
九州・沖縄,長崎県,高校,長崎県立諫早農業高等学校
九州・沖縄,長崎県,高校,長崎県立大村城南高等学校
九州・沖縄,長崎県,高校,長崎県立西彼農業高等学校
九州・沖縄,長崎県,高校,長崎県立長崎明誠高等学校
九州・沖縄,長崎県,高校,長崎県立北松農業高等学校
九州・沖縄,長崎県,高校,長崎県立長崎工業高等学校
九州・沖縄,長崎県,高校,長崎県立佐世保工業高等学校
九州・沖縄,長崎県,高校,長崎県立島原工業高等学校
九州・沖縄,長崎県,高校,長崎県立大村工業高等学校
九州・沖縄,長崎県,高校,長崎県立鹿町工業高等学校
九州・沖縄,長崎県,高校,長崎県立佐世保商業高等学校
九州・沖縄,長崎県,高校,長崎県立佐世保東翔高等学校
九州・沖縄,長崎県,高校,長崎県立島原商業高等学校
九州・沖縄,長崎県,高校,長崎県立諫早商業高等学校
九州・沖縄,長崎県,高校,長崎県立壱岐商業高等学校
九州・沖縄,長崎県,高校,長崎県立長崎鶴洋高等学校
九州・沖縄,長崎県,高校,長崎県立波佐見高等学校
九州・沖縄,長崎県,高校,長崎県立佐世保西高等学校
九州・沖縄,長崎県,高校,長崎市立長崎商業高等学校
九州・沖縄,長崎県,高校,長崎県立佐世保中央高等学校
九州・沖縄,長崎県,高校,長崎県立五島海陽高等学校
九州・沖縄,長崎県,高校,長崎県立長崎北陽台高等学校
九州・沖縄,長崎県,高校,長崎県立諫早東高等学校
九州・沖縄,長崎県,高校,長崎県立西陵高等学校
九州・沖縄,長崎県,高校,長崎県立鳴滝高等学校
九州・沖縄,長崎県,高校,長崎県立島原翔南高等学校
九州・沖縄,長崎県,高校,海星高等学校
九州・沖縄,長崎県,高校,長崎南山高等学校
九州・沖縄,長崎県,高校,活水高等学校
九州・沖縄,長崎県,高校,鶴鳴高等学校
九州・沖縄,長崎県,高校,長崎玉成高等学校
九州・沖縄,長崎県,高校,長崎女子商業高等学校
九州・沖縄,長崎県,高校,聖母の騎士高等学校
九州・沖縄,長崎県,高校,瓊浦高等学校
九州・沖縄,長崎県,高校,純心女子高等学校
九州・沖縄,長崎県,高校,創成館高等学校
九州・沖縄,長崎県,高校,長崎総合科学大学附属高等学校
九州・沖縄,長崎県,高校,西海学園高等学校
九州・沖縄,長崎県,高校,久田学園佐世保女子高等学校
九州・沖縄,長崎県,高校,聖和女子学院高等学校
九州・沖縄,長崎県,高校,九州文化学園高等学校
九州・沖縄,長崎県,高校,佐世保実業高等学校
九州・沖縄,長崎県,高校,島原中央高等学校
九州・沖縄,長崎県,高校,鎮西学院高等学校
九州・沖縄,長崎県,高校,長崎日本大学高等学校
九州・沖縄,長崎県,高校,向陽高等学校
九州・沖縄,長崎県,高校,青雲高等学校
九州・沖縄,長崎県,高校,精道三川台高等学校
九州・沖縄,長崎県,高校,こころ未来高等学校
九州・沖縄,長崎県,高校,こころ咲良高等学校
九州・沖縄,熊本県,中学,熊本大学教育学部附属中学校
九州・沖縄,熊本県,中学,熊本市立出水中学校
九州・沖縄,熊本県,中学,熊本市立白川中学校
九州・沖縄,熊本県,中学,熊本市立藤園中学校
九州・沖縄,熊本県,中学,熊本市立花陵中学校
九州・沖縄,熊本県,中学,熊本市立城南中学校
九州・沖縄,熊本県,中学,熊本市立京陵中学校
九州・沖縄,熊本県,中学,熊本市立江南中学校
九州・沖縄,熊本県,中学,熊本市立江原中学校
九州・沖縄,熊本県,中学,熊本市立竜南中学校
九州・沖縄,熊本県,中学,熊本市立桜山中学校
九州・沖縄,熊本県,中学,熊本市立西山中学校
九州・沖縄,熊本県,中学,熊本市立湖東中学校
九州・沖縄,熊本県,中学,熊本市立託麻中学校
九州・沖縄,熊本県,中学,熊本市立三和中学校
九州・沖縄,熊本県,中学,熊本市立城西中学校
九州・沖縄,熊本県,中学,熊本市立帯山中学校
九州・沖縄,熊本県,中学,熊本市立錦ケ丘中学校
九州・沖縄,熊本県,中学,熊本市立東野中学校
九州・沖縄,熊本県,中学,八代市立第一中学校
九州・沖縄,熊本県,中学,八代市立第二中学校
九州・沖縄,熊本県,中学,八代市立第三中学校
九州・沖縄,熊本県,中学,八代市立第四中学校
九州・沖縄,熊本県,中学,八代市立第五中学校
九州・沖縄,熊本県,中学,八代市立第六中学校
九州・沖縄,熊本県,中学,八代市立第七中学校
九州・沖縄,熊本県,中学,八代市立第八中学校
九州・沖縄,熊本県,中学,八代市立日奈久中学校
九州・沖縄,熊本県,中学,八代市立二見中学校
九州・沖縄,熊本県,中学,人吉市立第一中学校
九州・沖縄,熊本県,中学,人吉市立第二中学校
九州・沖縄,熊本県,中学,人吉市立第三中学校
九州・沖縄,熊本県,中学,荒尾市立荒尾第三中学校
九州・沖縄,熊本県,中学,荒尾市立荒尾第四中学校
九州・沖縄,熊本県,中学,玉名市立玉名中学校
九州・沖縄,熊本県,中学,玉名市立有明中学校
九州・沖縄,熊本県,中学,玉名市立玉南中学校
九州・沖縄,熊本県,中学,玉名市立玉陵中学校
九州・沖縄,熊本県,中学,山鹿市立山鹿中学校
九州・沖縄,熊本県,中学,宇土市立鶴城中学校
九州・沖縄,熊本県,中学,宇土市立住吉中学校
九州・沖縄,熊本県,中学,宇土市立網田中学校
九州・沖縄,熊本県,中学,菊池市立菊池北中学校
九州・沖縄,熊本県,中学,菊池市立菊池南中学校
九州・沖縄,熊本県,中学,水俣市立水俣第一中学校浜分校
九州・沖縄,熊本県,中学,熊本市立西原中学校
九州・沖縄,熊本県,中学,熊本市立芳野中学校
九州・沖縄,熊本県,中学,熊本市立河内中学校
九州・沖縄,熊本県,中学,熊本市立飽田中学校
九州・沖縄,熊本県,中学,熊本市立天明中学校
九州・沖縄,熊本県,中学,熊本市立二岡中学校
九州・沖縄,熊本県,中学,熊本市立北部中学校
九州・沖縄,熊本県,中学,熊本市立東部中学校
九州・沖縄,熊本県,中学,宇城市立三角中学校
九州・沖縄,熊本県,中学,宇城市立不知火中学校
九州・沖縄,熊本県,中学,熊本市立下益城城南中学校
九州・沖縄,熊本県,中学,宇城市立小川中学校
九州・沖縄,熊本県,中学,熊本市立富合中学校
九州・沖縄,熊本県,中学,宇城市立豊野中学校
九州・沖縄,熊本県,中学,玉名市立天水中学校
九州・沖縄,熊本県,中学,和水町立菊水中学校
九州・沖縄,熊本県,中学,玉東町立玉東中学校
九州・沖縄,熊本県,中学,熊本市立鹿南中学校
九州・沖縄,熊本県,中学,熊本市立五霊中学校
九州・沖縄,熊本県,中学,山鹿市立米野岳中学校
九州・沖縄,熊本県,中学,大津町立大津中学校
九州・沖縄,熊本県,中学,菊池市立泗水中学校
九州・沖縄,熊本県,中学,菊池市立七城中学校
九州・沖縄,熊本県,中学,菊池市立旭志中学校
九州・沖縄,熊本県,中学,合志市立合志中学校
九州・沖縄,熊本県,中学,合志市立西合志中学校
九州・沖縄,熊本県,中学,菊陽町立菊陽中学校
九州・沖縄,熊本県,中学,阿蘇市立一の宮中学校
九州・沖縄,熊本県,中学,小国町立小国中学校
九州・沖縄,熊本県,中学,高森町立高森中学校
九州・沖縄,熊本県,中学,阿蘇市立波野中学校
九州・沖縄,熊本県,中学,南小国町立南小国中学校
九州・沖縄,熊本県,中学,西原村立西原中学校
九州・沖縄,熊本県,中学,御船町立御船中学校
九州・沖縄,熊本県,中学,益城町立木山中学校
九州・沖縄,熊本県,中学,甲佐町立甲佐中学校
九州・沖縄,熊本県,中学,嘉島町立嘉島中学校
九州・沖縄,熊本県,中学,益城町立益城中学校
九州・沖縄,熊本県,中学,八代市立千丁中学校
九州・沖縄,熊本県,中学,氷川町立竜北中学校
九州・沖縄,熊本県,中学,八代市立泉中学校
九州・沖縄,熊本県,中学,氷川町及び八代市中学校組合立氷川中学校
九州・沖縄,熊本県,中学,芦北町立田浦中学校
九州・沖縄,熊本県,中学,芦北町立佐敷中学校
九州・沖縄,熊本県,中学,芦北町立湯浦中学校
九州・沖縄,熊本県,中学,津奈木町立津奈木中学校
九州・沖縄,熊本県,中学,多良木町立多良木中学校
九州・沖縄,熊本県,中学,湯前町立湯前中学校
九州・沖縄,熊本県,中学,錦町立錦中学校
九州・沖縄,熊本県,中学,山江村立山江中学校
九州・沖縄,熊本県,中学,上天草市立大矢野中学校
九州・沖縄,熊本県,中学,上天草市立湯島中学校
九州・沖縄,熊本県,中学,上天草市立姫戸中学校
九州・沖縄,熊本県,中学,天草市立倉岳中学校
九州・沖縄,熊本県,中学,天草市立栖本中学校
九州・沖縄,熊本県,中学,八代市立東陽中学校
九州・沖縄,熊本県,中学,宇城市立松橋中学校
九州・沖縄,熊本県,中学,美里町立中央中学校
九州・沖縄,熊本県,中学,山鹿市立菊鹿中学校
九州・沖縄,熊本県,中学,山鹿市立鹿本中学校
九州・沖縄,熊本県,中学,八代市立鏡中学校
九州・沖縄,熊本県,中学,和水町立三加和中学校
九州・沖縄,熊本県,中学,山鹿市立鹿北中学校
九州・沖縄,熊本県,中学,山都町立清和中学校
九州・沖縄,熊本県,中学,天草市立新和中学校
九州・沖縄,熊本県,中学,玉名市立岱明中学校
九州・沖縄,熊本県,中学,熊本市立楠中学校
九州・沖縄,熊本県,中学,八代市立坂本中学校
九州・沖縄,熊本県,中学,山都町立蘇陽中学校
九州・沖縄,熊本県,中学,合志市立西合志南中学校
九州・沖縄,熊本県,中学,熊本市立武蔵中学校
九州・沖縄,熊本県,中学,菊陽町立武蔵ケ丘中学校
九州・沖縄,熊本県,中学,熊本市立東町中学校
九州・沖縄,熊本県,中学,美里町立砥用中学校
九州・沖縄,熊本県,中学,熊本市立出水南中学校
九州・沖縄,熊本県,中学,南関町立南関中学校
九州・沖縄,熊本県,中学,熊本市立植木北中学校
九州・沖縄,熊本県,中学,熊本市立清水中学校
九州・沖縄,熊本県,中学,熊本市立井芹中学校
九州・沖縄,熊本県,中学,山都町立矢部中学校
九州・沖縄,熊本県,中学,天草市立本渡東中学校
九州・沖縄,熊本県,中学,熊本市立長嶺中学校
九州・沖縄,熊本県,中学,熊本市立力合中学校
九州・沖縄,熊本県,中学,熊本市立龍田中学校
九州・沖縄,熊本県,中学,熊本市立日吉中学校
九州・沖縄,熊本県,中学,熊本市立桜木中学校
九州・沖縄,熊本県,中学,天草市立稜南中学校
九州・沖縄,熊本県,中学,大津町立大津北中学校
九州・沖縄,熊本県,中学,天草市立天草中学校
九州・沖縄,熊本県,中学,天草市立河浦中学校
九州・沖縄,熊本県,中学,相良村立相良中学校
九州・沖縄,熊本県,中学,天草市立有明中学校
九州・沖縄,熊本県,中学,天草市立牛深中学校
九州・沖縄,熊本県,中学,天草市立牛深東中学校
九州・沖縄,熊本県,中学,熊本県立宇土中学校
九州・沖縄,熊本県,中学,熊本県立八代中学校
九州・沖縄,熊本県,中学,荒尾市立荒尾海陽中学校
九州・沖縄,熊本県,中学,天草市立本渡中学校
九州・沖縄,熊本県,中学,熊本県立玉名高等学校附属中学校
九州・沖縄,熊本県,中学,水俣市立水俣第一中学校
九州・沖縄,熊本県,中学,水俣市立水俣第二中学校
九州・沖縄,熊本県,中学,水俣市立袋中学校
九州・沖縄,熊本県,中学,水俣市立緑東中学校
九州・沖縄,熊本県,中学,上天草市立龍ヶ岳中学校
九州・沖縄,熊本県,中学,熊本市立京陵中学校清水が丘分校
九州・沖縄,熊本県,中学,阿蘇市立阿蘇中学校
九州・沖縄,熊本県,中学,あさぎり町立あさぎり中学校
九州・沖縄,熊本県,中学,天草市立御所浦中学校
九州・沖縄,熊本県,中学,天草市立五和中学校
九州・沖縄,熊本県,中学,上天草市立松島中学校
九州・沖縄,熊本県,中学,苓北町立苓北中学校
九州・沖縄,熊本県,中学,南阿蘇村立南阿蘇中学校
九州・沖縄,熊本県,中学,合志市立合志楓の森中学校
九州・沖縄,熊本県,中学,長洲町立長洲中学校
九州・沖縄,熊本県,中学,熊本県立ゆうあい中学校
九州・沖縄,熊本県,中学,九州学院中学校
九州・沖縄,熊本県,中学,尚絅中学校
九州・沖縄,熊本県,中学,ルーテル学院中学校
九州・沖縄,熊本県,中学,熊本信愛女学院中学校
九州・沖縄,熊本県,中学,真和中学校
九州・沖縄,熊本県,中学,熊本マリスト学園中学校
九州・沖縄,熊本県,中学,文徳中学校
九州・沖縄,熊本県,中学,熊本学園大学付属中学校
九州・沖縄,熊本県,高校,熊本県立済々黌高等学校
九州・沖縄,熊本県,高校,熊本県立熊本高等学校
九州・沖縄,熊本県,高校,熊本県立第一高等学校
九州・沖縄,熊本県,高校,熊本県立第二高等学校
九州・沖縄,熊本県,高校,熊本県立熊本商業高等学校
九州・沖縄,熊本県,高校,熊本県立熊本工業高等学校
九州・沖縄,熊本県,高校,熊本県立熊本農業高等学校
九州・沖縄,熊本県,高校,熊本市立必由館高等学校
九州・沖縄,熊本県,高校,熊本市立千原台高等学校
九州・沖縄,熊本県,高校,熊本県立八代高等学校
九州・沖縄,熊本県,高校,熊本県立八代東高等学校
九州・沖縄,熊本県,高校,熊本県立八代工業高等学校
九州・沖縄,熊本県,高校,熊本県立人吉高等学校
九州・沖縄,熊本県,高校,熊本県立球磨工業高等学校
九州・沖縄,熊本県,高校,熊本県立玉名高等学校
九州・沖縄,熊本県,高校,熊本県立北稜高等学校
九州・沖縄,熊本県,高校,熊本県立天草高等学校
九州・沖縄,熊本県,高校,熊本県立天草高等学校倉岳校
九州・沖縄,熊本県,高校,熊本県立天草工業高等学校
九州・沖縄,熊本県,高校,熊本県立菊池高等学校
九州・沖縄,熊本県,高校,熊本県立宇土高等学校
九州・沖縄,熊本県,高校,熊本県立鹿本高等学校
九州・沖縄,熊本県,高校,熊本県立松橋高等学校
九州・沖縄,熊本県,高校,熊本県立玉名工業高等学校
九州・沖縄,熊本県,高校,熊本県立鹿本農業高等学校
九州・沖縄,熊本県,高校,熊本県立菊池農業高等学校
九州・沖縄,熊本県,高校,熊本県立大津高等学校
九州・沖縄,熊本県,高校,熊本県立翔陽高等学校
九州・沖縄,熊本県,高校,熊本県立小国高等学校
九州・沖縄,熊本県,高校,熊本県立高森高等学校
九州・沖縄,熊本県,高校,熊本県立御船高等学校
九州・沖縄,熊本県,高校,熊本県立甲佐高等学校
九州・沖縄,熊本県,高校,熊本県立八代農業高等学校
九州・沖縄,熊本県,高校,熊本県立八代農業高等学校泉分校
九州・沖縄,熊本県,高校,熊本県立芦北高等学校
九州・沖縄,熊本県,高校,熊本県立鹿本商工高等学校
九州・沖縄,熊本県,高校,熊本県立人吉高等学校五木分校
九州・沖縄,熊本県,高校,熊本県立小川工業高等学校
九州・沖縄,熊本県,高校,熊本県立熊本西高等学校
九州・沖縄,熊本県,高校,熊本県立湧心館高等学校
九州・沖縄,熊本県,高校,熊本県立熊本北高等学校
九州・沖縄,熊本県,高校,熊本県立東稜高等学校
九州・沖縄,熊本県,高校,熊本県立阿蘇中央高等学校
九州・沖縄,熊本県,高校,熊本県立上天草高等学校
九州・沖縄,熊本県,高校,熊本県立矢部高等学校
九州・沖縄,熊本県,高校,熊本県立八代清流高等学校
九州・沖縄,熊本県,高校,熊本県立水俣高等学校
九州・沖縄,熊本県,高校,熊本県立岱志高等学校
九州・沖縄,熊本県,高校,熊本県立天草拓心高等学校
九州・沖縄,熊本県,高校,熊本県立牛深高等学校
九州・沖縄,熊本県,高校,熊本県立球磨中央高等学校
九州・沖縄,熊本県,高校,熊本県立南稜高等学校
九州・沖縄,熊本県,高校,九州学院高等学校
九州・沖縄,熊本県,高校,鎮西高等学校
九州・沖縄,熊本県,高校,真和高等学校
九州・沖縄,熊本県,高校,開新高等学校
九州・沖縄,熊本県,高校,熊本学園大学付属高等学校
九州・沖縄,熊本県,高校,東海大学付属熊本星翔高等学校
九州・沖縄,熊本県,高校,尚絅高等学校
九州・沖縄,熊本県,高校,慶誠高等学校
九州・沖縄,熊本県,高校,熊本国府高等学校
九州・沖縄,熊本県,高校,熊本マリスト学園高等学校
九州・沖縄,熊本県,高校,ルーテル学院高等学校
九州・沖縄,熊本県,高校,熊本信愛女学院高等学校
九州・沖縄,熊本県,高校,熊本中央高等学校
九州・沖縄,熊本県,高校,文徳高等学校
九州・沖縄,熊本県,高校,八代白百合学園高等学校
九州・沖縄,熊本県,高校,秀岳館高等学校
九州・沖縄,熊本県,高校,有明高等学校
九州・沖縄,熊本県,高校,玉名女子高等学校
九州・沖縄,熊本県,高校,菊池女子高等学校
九州・沖縄,熊本県,高校,専修大学熊本玉名高等学校
九州・沖縄,熊本県,高校,城北高等学校
九州・沖縄,熊本県,高校,勇志国際高等学校
九州・沖縄,熊本県,高校,一ツ葉高等学校
九州・沖縄,熊本県,高校,くまもと清陵高等学校
九州・沖縄,熊本県,高校,やまと高等学校
九州・沖縄,大分県,中学,大分大学教育学部附属中学校
九州・沖縄,大分県,中学,大分市立上野ヶ丘中学校
九州・沖縄,大分県,中学,大分市立王子中学校
九州・沖縄,大分県,中学,大分市立南大分中学校
九州・沖縄,大分県,中学,大分市立滝尾中学校
九州・沖縄,大分県,中学,大分市立城東中学校
九州・沖縄,大分県,中学,大分市立鶴崎中学校
九州・沖縄,大分県,中学,大分市立大東中学校
九州・沖縄,大分県,中学,大分市立戸次中学校
九州・沖縄,大分県,中学,大分市立吉野中学校
九州・沖縄,大分県,中学,大分市立竹中中学校
九州・沖縄,大分県,中学,大分市立判田中学校
九州・沖縄,大分県,中学,大分市立稙田中学校
九州・沖縄,大分県,中学,大分市立賀来中学校
九州・沖縄,大分県,中学,大分市立大在中学校
九州・沖縄,大分県,中学,大分市立坂ノ市中学校
九州・沖縄,大分県,中学,大分市立明野中学校
九州・沖縄,大分県,中学,別府市立青山中学校
九州・沖縄,大分県,中学,別府市立中部中学校
九州・沖縄,大分県,中学,別府市立北部中学校
九州・沖縄,大分県,中学,別府市立朝日中学校
九州・沖縄,大分県,中学,別府市立東山中学校
九州・沖縄,大分県,中学,中津市立豊陽中学校
九州・沖縄,大分県,中学,中津市立緑ヶ丘中学校
九州・沖縄,大分県,中学,中津市立中津中学校
九州・沖縄,大分県,中学,中津市立城北中学校
九州・沖縄,大分県,中学,中津市立東中津中学校
九州・沖縄,大分県,中学,中津市立今津中学校
九州・沖縄,大分県,中学,日田市立東部中学校
九州・沖縄,大分県,中学,日田市立三隈中学校
九州・沖縄,大分県,中学,日田市立南部中学校
九州・沖縄,大分県,中学,日田市立北部中学校
九州・沖縄,大分県,中学,日田市立戸山中学校
九州・沖縄,大分県,中学,日田市立東有田中学校
九州・沖縄,大分県,中学,日田市立大明中学校
九州・沖縄,大分県,中学,佐伯市立鶴谷中学校
九州・沖縄,大分県,中学,佐伯市立佐伯城南中学校
九州・沖縄,大分県,中学,佐伯市立彦陽中学校
九州・沖縄,大分県,中学,臼杵市立北中学校
九州・沖縄,大分県,中学,臼杵市立南中学校
九州・沖縄,大分県,中学,臼杵市立西中学校
九州・沖縄,大分県,中学,臼杵市立東中学校
九州・沖縄,大分県,中学,津久見市立保戸島中学校
九州・沖縄,大分県,中学,津久見市立無垢島中学校
九州・沖縄,大分県,中学,竹田市立竹田中学校
九州・沖縄,大分県,中学,豊後高田市立高田中学校
九州・沖縄,大分県,中学,豊後高田市立河内中学校
九州・沖縄,大分県,中学,豊後高田市立都甲中学校
九州・沖縄,大分県,中学,豊後高田市立田染中学校
九州・沖縄,大分県,中学,杵築市立宗近中学校
九州・沖縄,大分県,中学,杵築市立杵築中学校
九州・沖縄,大分県,中学,宇佐市立北部中学校
九州・沖縄,大分県,中学,宇佐市立西部中学校
九州・沖縄,大分県,中学,宇佐市立長洲中学校
九州・沖縄,大分県,中学,宇佐市立宇佐中学校
九州・沖縄,大分県,中学,宇佐市立駅川中学校
九州・沖縄,大分県,中学,豊後高田市立真玉中学校
九州・沖縄,大分県,中学,豊後高田市立香々地中学校
九州・沖縄,大分県,中学,国東市立国見中学校
九州・沖縄,大分県,中学,姫島村立姫島中学校
九州・沖縄,大分県,中学,国東市立安岐中学校
九州・沖縄,大分県,中学,日出町立日出中学校
九州・沖縄,大分県,中学,日出町立大神中学校
九州・沖縄,大分県,中学,大分市立野津原中学校
九州・沖縄,大分県,中学,由布市立挾間中学校
九州・沖縄,大分県,中学,由布市立庄内中学校
九州・沖縄,大分県,中学,由布市立湯布院中学校
九州・沖縄,大分県,中学,大分市立神崎中学校
九州・沖縄,大分県,中学,大分市立佐賀関中学校
九州・沖縄,大分県,中学,佐伯市立東雲中学校
九州・沖縄,大分県,中学,佐伯市立昭和中学校
九州・沖縄,大分県,中学,佐伯市立直川中学校
九州・沖縄,大分県,中学,臼杵市立野津中学校
九州・沖縄,大分県,中学,豊後大野市立三重中学校
九州・沖縄,大分県,中学,豊後大野市立清川中学校
九州・沖縄,大分県,中学,豊後大野市立朝地中学校
九州・沖縄,大分県,中学,豊後大野市立大野中学校
九州・沖縄,大分県,中学,豊後大野市立千歳中学校
九州・沖縄,大分県,中学,豊後大野市立犬飼中学校
九州・沖縄,大分県,中学,竹田市立緑ヶ丘中学校
九州・沖縄,大分県,中学,竹田市立直入中学校
九州・沖縄,大分県,中学,日田市立前津江中学校
九州・沖縄,大分県,中学,日田市立大山中学校
九州・沖縄,大分県,中学,日田市立東渓中学校
九州・沖縄,大分県,中学,日田市立五馬中学校
九州・沖縄,大分県,中学,中津市立三光中学校
九州・沖縄,大分県,中学,中津市立本耶馬渓中学校
九州・沖縄,大分県,中学,中津市立耶馬溪中学校
九州・沖縄,大分県,中学,中津市立山国中学校
九州・沖縄,大分県,中学,宇佐市立院内中学校
九州・沖縄,大分県,中学,大分市立稙田東中学校
九州・沖縄,大分県,中学,大分市立城南中学校
九州・沖縄,大分県,中学,大分市立稙田西中学校
九州・沖縄,大分県,中学,日田市立津江中学校
九州・沖縄,大分県,中学,大分市立原川中学校
九州・沖縄,大分県,中学,大分市立稙田南中学校
九州・沖縄,大分県,中学,別府市立鶴見台中学校
九州・沖縄,大分県,中学,大分市立大分西中学校
九州・沖縄,大分県,中学,佐伯市立佐伯南中学校
九州・沖縄,大分県,中学,佐伯市立鶴見中学校
九州・沖縄,大分県,中学,大分市立東陽中学校
九州・沖縄,大分県,中学,佐伯市立米水津中学校
九州・沖縄,大分県,中学,豊後大野市立緒方中学校
九州・沖縄,大分県,中学,佐伯市立本匠中学校
九州・沖縄,大分県,中学,佐伯市立蒲江翔南中学校
九州・沖縄,大分県,中学,佐伯市立宇目緑豊中学校
九州・沖縄,大分県,中学,竹田市立竹田南部中学校
九州・沖縄,大分県,中学,大分県立大分豊府中学校
九州・沖縄,大分県,中学,宇佐市立安心院中学校
九州・沖縄,大分県,中学,杵築市立山香中学校
九州・沖縄,大分県,中学,国東市立国東中学校
九州・沖縄,大分県,中学,大分市立竹中中学校二豊学園分校
九州・沖縄,大分県,中学,九重町立ここのえ緑陽中学校
九州・沖縄,大分県,中学,大分市立稙田東中学校はばたき分校
九州・沖縄,大分県,中学,玖珠町立くす星翔中学校
九州・沖縄,大分県,中学,別府市立別府西中学校
九州・沖縄,大分県,中学,津久見市立津久見中学校
九州・沖縄,大分県,中学,大分県立学びヶ丘中学校
九州・沖縄,大分県,中学,向陽中学校
九州・沖縄,大分県,中学,岩田中学校
九州・沖縄,大分県,中学,明豊中学校
九州・沖縄,大分県,中学,大分中学校
九州・沖縄,大分県,高校,大分県立大分上野丘高等学校
九州・沖縄,大分県,高校,大分県立大分舞鶴高等学校
九州・沖縄,大分県,高校,大分県立大分工業高等学校
九州・沖縄,大分県,高校,大分県立大分商業高等学校
九州・沖縄,大分県,高校,大分県立大分西高等学校
九州・沖縄,大分県,高校,大分県立大分鶴崎高等学校
九州・沖縄,大分県,高校,大分県立鶴崎工業高等学校
九州・沖縄,大分県,高校,大分県立大分東高等学校
九州・沖縄,大分県,高校,大分県立大分雄城台高等学校
九州・沖縄,大分県,高校,大分県立別府鶴見丘高等学校
九州・沖縄,大分県,高校,大分県立芸術緑丘高等学校
九州・沖縄,大分県,高校,大分県立中津南高等学校
九州・沖縄,大分県,高校,大分県立中津北高等学校
九州・沖縄,大分県,高校,大分県立日田高等学校
九州・沖縄,大分県,高校,大分県立日田林工高等学校
九州・沖縄,大分県,高校,大分県立日田三隈高等学校
九州・沖縄,大分県,高校,大分県立佐伯鶴城高等学校
九州・沖縄,大分県,高校,大分県立臼杵高等学校
九州・沖縄,大分県,高校,大分県立竹田高等学校
九州・沖縄,大分県,高校,大分県立高田高等学校
九州・沖縄,大分県,高校,大分県立杵築高等学校
九州・沖縄,大分県,高校,大分県立宇佐産業科学高等学校
九州・沖縄,大分県,高校,大分県立由布高等学校
九州・沖縄,大分県,高校,大分県立安心院高等学校
九州・沖縄,大分県,高校,大分県立大分南高等学校
九州・沖縄,大分県,高校,大分県立大分豊府高等学校
九州・沖縄,大分県,高校,大分県立情報科学高等学校
九州・沖縄,大分県,高校,大分県立三重総合高等学校
九州・沖縄,大分県,高校,大分県立宇佐高等学校
九州・沖縄,大分県,高校,大分県立中津南高等学校耶馬溪校
九州・沖縄,大分県,高校,大分県立国東高等学校
九州・沖縄,大分県,高校,大分県立中津東高等学校
九州・沖縄,大分県,高校,大分県立爽風館高等学校
九州・沖縄,大分県,高校,大分県立津久見高等学校
九州・沖縄,大分県,高校,大分県立日出総合高等学校
九州・沖縄,大分県,高校,大分県立佐伯豊南高等学校
九州・沖縄,大分県,高校,大分県立別府翔青高等学校
九州・沖縄,大分県,高校,大分県立玖珠美山高等学校
九州・沖縄,大分県,高校,大分県立海洋科学高等学校
九州・沖縄,大分県,高校,大分県立久住高原農業高等学校
九州・沖縄,大分県,高校,岩田高等学校
九州・沖縄,大分県,高校,福徳学院高等学校
九州・沖縄,大分県,高校,大分高等学校
九州・沖縄,大分県,高校,楊志館高等学校
九州・沖縄,大分県,高校,大分東明高等学校
九州・沖縄,大分県,高校,大分国際情報高等学校
九州・沖縄,大分県,高校,別府溝部学園高等学校
九州・沖縄,大分県,高校,東九州龍谷高等学校
九州・沖縄,大分県,高校,昭和学園高等学校
九州・沖縄,大分県,高校,藤蔭高等学校
九州・沖縄,大分県,高校,日本文理大学附属高等学校
九州・沖縄,大分県,高校,稲葉学園高等学校
九州・沖縄,大分県,高校,柳ヶ浦高等学校
九州・沖縄,大分県,高校,明豊高等学校
九州・沖縄,大分県,高校,府内高等学校
九州・沖縄,宮崎県,中学,宮崎大学教育学部附属中学校
九州・沖縄,宮崎県,中学,宮崎市立宮崎東中学校
九州・沖縄,宮崎県,中学,宮崎市立宮崎中学校
九州・沖縄,宮崎県,中学,宮崎市立宮崎西中学校
九州・沖縄,宮崎県,中学,宮崎市立大淀中学校
九州・沖縄,宮崎県,中学,宮崎市立大宮中学校
九州・沖縄,宮崎県,中学,宮崎市立檍中学校
九州・沖縄,宮崎県,中学,宮崎市立赤江中学校
九州・沖縄,宮崎県,中学,宮崎市立木花中学校
九州・沖縄,宮崎県,中学,宮崎市立青島中学校
九州・沖縄,宮崎県,中学,宮崎市立宮崎北中学校
九州・沖縄,宮崎県,中学,宮崎市立住吉中学校
九州・沖縄,宮崎県,中学,宮崎市立生目中学校
九州・沖縄,宮崎県,中学,宮崎市立本郷中学校
九州・沖縄,宮崎県,中学,宮崎市立大塚中学校
九州・沖縄,宮崎県,中学,宮崎市立東大宮中学校
九州・沖縄,宮崎県,中学,宮崎市立生目南中学校
九州・沖縄,宮崎県,中学,宮崎市立赤江東中学校
九州・沖縄,宮崎県,中学,宮崎市立生目台中学校
九州・沖縄,宮崎県,中学,宮崎市立清武中学校
九州・沖縄,宮崎県,中学,宮崎市立加納中学校
九州・沖縄,宮崎県,中学,宮崎市立田野中学校
九州・沖縄,宮崎県,中学,宮崎市立佐土原中学校
九州・沖縄,宮崎県,中学,宮崎市立広瀬中学校
九州・沖縄,宮崎県,中学,宮崎市立久峰中学校
九州・沖縄,宮崎県,中学,宮崎市立高岡中学校
九州・沖縄,宮崎県,中学,宮崎市立ひなた中学校
九州・沖縄,宮崎県,中学,宮崎県立宮崎西高等学校附属中学校
九州・沖縄,宮崎県,中学,都城市立姫城中学校
九州・沖縄,宮崎県,中学,都城市立小松原中学校
九州・沖縄,宮崎県,中学,都城市立妻ケ丘中学校
九州・沖縄,宮崎県,中学,都城市立五十市中学校
九州・沖縄,宮崎県,中学,都城市立祝吉中学校
九州・沖縄,宮崎県,中学,都城市立沖水中学校
九州・沖縄,宮崎県,中学,都城市立志和池中学校
九州・沖縄,宮崎県,中学,都城市立庄内中学校
九州・沖縄,宮崎県,中学,都城市立西岳中学校
九州・沖縄,宮崎県,中学,都城市立夏尾中学校
九州・沖縄,宮崎県,中学,都城市立中郷中学校
九州・沖縄,宮崎県,中学,都城市立西中学校
九州・沖縄,宮崎県,中学,都城市立白雲中学校
九州・沖縄,宮崎県,中学,都城市立山之口中学校
九州・沖縄,宮崎県,中学,都城市立高城中学校
九州・沖縄,宮崎県,中学,都城市立有水中学校
九州・沖縄,宮崎県,中学,都城市立山田中学校
九州・沖縄,宮崎県,中学,都城市立高崎中学校
九州・沖縄,宮崎県,中学,都城市立笛水中学校
九州・沖縄,宮崎県,中学,都城市立あやめ野中学校
九州・沖縄,宮崎県,中学,宮崎県立都城泉ヶ丘高等学校附属中学校
九州・沖縄,宮崎県,中学,延岡市立延岡中学校
九州・沖縄,宮崎県,中学,延岡市立恒富中学校
九州・沖縄,宮崎県,中学,延岡市立岡富中学校
九州・沖縄,宮崎県,中学,延岡市立旭中学校
九州・沖縄,宮崎県,中学,延岡市立西階中学校
九州・沖縄,宮崎県,中学,延岡市立南中学校
九州・沖縄,宮崎県,中学,延岡市立東海中学校
九州・沖縄,宮崎県,中学,延岡市立土々呂中学校
九州・沖縄,宮崎県,中学,延岡市立黒岩中学校
九州・沖縄,宮崎県,中学,延岡市立南方中学校
九州・沖縄,宮崎県,中学,延岡市立南浦中学校
九州・沖縄,宮崎県,中学,延岡市立北方学園中学校
九州・沖縄,宮崎県,中学,延岡市立北川中学校
九州・沖縄,宮崎県,中学,延岡市立北浦中学校
九州・沖縄,宮崎県,中学,延岡市立三川内中学校
九州・沖縄,宮崎県,中学,日南市立飫肥中学校
九州・沖縄,宮崎県,中学,日南市立油津中学校
九州・沖縄,宮崎県,中学,日南市立吾田中学校
九州・沖縄,宮崎県,中学,日南市立東郷中学校
九州・沖縄,宮崎県,中学,日南市立細田中学校
九州・沖縄,宮崎県,中学,日南市立鵜戸中学校
九州・沖縄,宮崎県,中学,日南市立北郷中学校
九州・沖縄,宮崎県,中学,日南市立南郷中学校
九州・沖縄,宮崎県,中学,日南市立榎原中学校
九州・沖縄,宮崎県,中学,小林市立小林中学校
九州・沖縄,宮崎県,中学,小林市立細野中学校
九州・沖縄,宮崎県,中学,小林市立西小林中学校
九州・沖縄,宮崎県,中学,小林市立永久津中学校
九州・沖縄,宮崎県,中学,小林市立東方中学校
九州・沖縄,宮崎県,中学,小林市立三松中学校
九州・沖縄,宮崎県,中学,小林市立野尻中学校
九州・沖縄,宮崎県,中学,小林市立紙屋中学校
九州・沖縄,宮崎県,中学,小林市立須木中学校
九州・沖縄,宮崎県,中学,日向市立富島中学校
九州・沖縄,宮崎県,中学,日向市立岩脇中学校
九州・沖縄,宮崎県,中学,日向市立美々津中学校
九州・沖縄,宮崎県,中学,日向市立日向中学校
九州・沖縄,宮崎県,中学,日向市立財光寺中学校
九州・沖縄,宮崎県,中学,日向市立大王谷中学校
九州・沖縄,宮崎県,中学,日向市立東郷中学校
九州・沖縄,宮崎県,中学,日向市立東郷中学校若竹分校
九州・沖縄,宮崎県,中学,串間市立串間中学校
九州・沖縄,宮崎県,中学,西都市立銀鏡中学校
九州・沖縄,宮崎県,中学,西都市立西都中学校
九州・沖縄,宮崎県,中学,えびの市立飯野中学校
九州・沖縄,宮崎県,中学,えびの市立上江中学校
九州・沖縄,宮崎県,中学,えびの市立加久藤中学校
九州・沖縄,宮崎県,中学,えびの市立真幸中学校
九州・沖縄,宮崎県,中学,三股町立三股中学校
九州・沖縄,宮崎県,中学,高原町立高原中学校
九州・沖縄,宮崎県,中学,国富町立本庄中学校
九州・沖縄,宮崎県,中学,国富町立八代中学校
九州・沖縄,宮崎県,中学,国富町立木脇中学校
九州・沖縄,宮崎県,中学,綾町立綾中学校
九州・沖縄,宮崎県,中学,高鍋町立高鍋東中学校
九州・沖縄,宮崎県,中学,高鍋町立高鍋西中学校
九州・沖縄,宮崎県,中学,新富町立富田中学校
九州・沖縄,宮崎県,中学,新富町立新田中学校
九州・沖縄,宮崎県,中学,新富町立上新田中学校
九州・沖縄,宮崎県,中学,西米良村立西米良中学校
九州・沖縄,宮崎県,中学,川南町立唐瀬原中学校
九州・沖縄,宮崎県,中学,川南町立国光原中学校
九州・沖縄,宮崎県,中学,都農町立都農中学校
九州・沖縄,宮崎県,中学,門川町立門川中学校
九州・沖縄,宮崎県,中学,諸塚村立諸塚中学校
九州・沖縄,宮崎県,中学,椎葉村立椎葉中学校
九州・沖縄,宮崎県,中学,高千穂町立高千穂中学校
九州・沖縄,宮崎県,中学,日之影町立日之影中学校
九州・沖縄,宮崎県,中学,五ヶ瀬町立五ヶ瀬中学校
九州・沖縄,宮崎県,中学,日向学院中学校
九州・沖縄,宮崎県,中学,宮崎日本大学中学校
九州・沖縄,宮崎県,中学,私立宮崎第一中学校
九州・沖縄,宮崎県,中学,鵬翔中学校
九州・沖縄,宮崎県,中学,日章学園中学校
九州・沖縄,宮崎県,中学,宮崎学園中学校
九州・沖縄,宮崎県,中学,尚学館中学校
九州・沖縄,宮崎県,中学,聖心ウルスラ学園聡明中学校
九州・沖縄,宮崎県,中学,日南学園中学校
九州・沖縄,宮崎県,高校,宮崎県立宮崎大宮高等学校
九州・沖縄,宮崎県,高校,宮崎県立宮崎工業高等学校
九州・沖縄,宮崎県,高校,宮崎県立宮崎商業高等学校
九州・沖縄,宮崎県,高校,宮崎県立宮崎農業高等学校
九州・沖縄,宮崎県,高校,宮崎県立宮崎南高等学校
九州・沖縄,宮崎県,高校,宮崎県立宮崎西高等学校
九州・沖縄,宮崎県,高校,宮崎県立宮崎北高等学校
九州・沖縄,宮崎県,高校,宮崎県立宮崎東高等学校
九州・沖縄,宮崎県,高校,宮崎県立佐土原高等学校
九州・沖縄,宮崎県,高校,宮崎県立宮崎海洋高等学校
九州・沖縄,宮崎県,高校,宮崎県立都城泉ヶ丘高等学校
九州・沖縄,宮崎県,高校,宮崎県立都城農業高等学校
九州・沖縄,宮崎県,高校,宮崎県立都城商業高等学校
九州・沖縄,宮崎県,高校,宮崎県立都城工業高等学校
九州・沖縄,宮崎県,高校,宮崎県立都城西高等学校
九州・沖縄,宮崎県,高校,宮崎県立高城高等学校
九州・沖縄,宮崎県,高校,宮崎県立延岡高等学校
九州・沖縄,宮崎県,高校,宮崎県立延岡工業高等学校
九州・沖縄,宮崎県,高校,宮崎県立延岡商業高等学校
九州・沖縄,宮崎県,高校,宮崎県立延岡星雲高等学校
九州・沖縄,宮崎県,高校,宮崎県立延岡青朋高等学校
九州・沖縄,宮崎県,高校,宮崎県立日南高等学校
九州・沖縄,宮崎県,高校,宮崎県立日南振徳高等学校
九州・沖縄,宮崎県,高校,宮崎県立小林高等学校
九州・沖縄,宮崎県,高校,宮崎県立小林秀峰高等学校
九州・沖縄,宮崎県,高校,宮崎県立富島高等学校
九州・沖縄,宮崎県,高校,宮崎県立日向工業高等学校
九州・沖縄,宮崎県,高校,宮崎県立日向高等学校
九州・沖縄,宮崎県,高校,宮崎県立福島高等学校
九州・沖縄,宮崎県,高校,宮崎県立妻高等学校
九州・沖縄,宮崎県,高校,宮崎県立飯野高等学校
九州・沖縄,宮崎県,高校,宮崎県立本庄高等学校
九州・沖縄,宮崎県,高校,宮崎県立高鍋高等学校
九州・沖縄,宮崎県,高校,宮崎県立高鍋農業高等学校
九州・沖縄,宮崎県,高校,宮崎県立門川高等学校
九州・沖縄,宮崎県,高校,宮崎県立高千穂高等学校
九州・沖縄,宮崎県,高校,日向学院高等学校
九州・沖縄,宮崎県,高校,宮崎学園高等学校
九州・沖縄,宮崎県,高校,宮崎日本大学高等学校
九州・沖縄,宮崎県,高校,宮崎第一高等学校
九州・沖縄,宮崎県,高校,日章学園高等学校
九州・沖縄,宮崎県,高校,鵬翔高等学校
九州・沖縄,宮崎県,高校,都城高等学校
九州・沖縄,宮崎県,高校,都城聖ドミニコ学園高等学校
九州・沖縄,宮崎県,高校,聖心ウルスラ学園高等学校
九州・沖縄,宮崎県,高校,延岡学園高等学校
九州・沖縄,宮崎県,高校,日南学園高等学校
九州・沖縄,宮崎県,高校,小林西高等学校
九州・沖縄,宮崎県,高校,日章学園九州国際高等学校
九州・沖縄,宮崎県,高校,櫻美学園高等学校
九州・沖縄,宮崎県,中等教育学校,宮崎県立五ヶ瀬中等教育学校
九州・沖縄,鹿児島県,中学,鹿児島大学教育学部附属中学校
九州・沖縄,鹿児島県,中学,鹿児島市立吉野中学校
九州・沖縄,鹿児島県,中学,鹿児島市立清水中学校
九州・沖縄,鹿児島県,中学,鹿児島市立長田中学校
九州・沖縄,鹿児島県,中学,鹿児島市立甲東中学校
九州・沖縄,鹿児島県,中学,鹿児島市立城西中学校
九州・沖縄,鹿児島県,中学,鹿児島市立武中学校
九州・沖縄,鹿児島県,中学,鹿児島市立甲南中学校
九州・沖縄,鹿児島県,中学,鹿児島市立天保山中学校
九州・沖縄,鹿児島県,中学,鹿児島市立鴨池中学校
九州・沖縄,鹿児島県,中学,鹿児島市立南中学校
九州・沖縄,鹿児島県,中学,鹿児島市立紫原中学校
九州・沖縄,鹿児島県,中学,鹿児島市立伊敷中学校
九州・沖縄,鹿児島県,中学,鹿児島市立河頭中学校
九州・沖縄,鹿児島県,中学,鹿児島市立谷山中学校
九州・沖縄,鹿児島県,中学,鹿児島市立和田中学校
九州・沖縄,鹿児島県,中学,鹿児島市立福平中学校
九州・沖縄,鹿児島県,中学,鹿児島市立錫山中学校
九州・沖縄,鹿児島県,中学,鹿児島市立谷山北中学校
九州・沖縄,鹿児島県,中学,指宿市立北指宿中学校
九州・沖縄,鹿児島県,中学,指宿市立南指宿中学校
九州・沖縄,鹿児島県,中学,指宿市立西指宿中学校
九州・沖縄,鹿児島県,中学,枕崎市立枕崎中学校
九州・沖縄,鹿児島県,中学,枕崎市立桜山中学校
九州・沖縄,鹿児島県,中学,枕崎市立別府中学校
九州・沖縄,鹿児島県,中学,南さつま市立加世田中学校
九州・沖縄,鹿児島県,中学,南さつま市立万世中学校
九州・沖縄,鹿児島県,中学,薩摩川内市立川内北中学校
九州・沖縄,鹿児島県,中学,薩摩川内市立川内南中学校
九州・沖縄,鹿児島県,中学,薩摩川内市立水引中学校
九州・沖縄,鹿児島県,中学,阿久根市立阿久根中学校
九州・沖縄,鹿児島県,中学,阿久根市立鶴川内中学校
九州・沖縄,鹿児島県,中学,阿久根市立三笠中学校
九州・沖縄,鹿児島県,中学,出水市立出水中学校
九州・沖縄,鹿児島県,中学,出水市立米ノ津中学校
九州・沖縄,鹿児島県,中学,出水市立大川内中学校
九州・沖縄,鹿児島県,中学,霧島市立国分中学校
九州・沖縄,鹿児島県,中学,霧島市立木原中学校
九州・沖縄,鹿児島県,中学,霧島市立国分南中学校
九州・沖縄,鹿児島県,中学,鹿屋市立鹿屋中学校
九州・沖縄,鹿児島県,中学,鹿屋市立第一鹿屋中学校
九州・沖縄,鹿児島県,中学,鹿屋市立田崎中学校
九州・沖縄,鹿児島県,中学,鹿屋市立大姶良中学校
九州・沖縄,鹿児島県,中学,鹿屋市立花岡中学校
九州・沖縄,鹿児島県,中学,鹿屋市立高隈中学校
九州・沖縄,鹿児島県,中学,奄美市立名瀬中学校
九州・沖縄,鹿児島県,中学,奄美市立金久中学校
九州・沖縄,鹿児島県,中学,奄美市立朝日中学校
九州・沖縄,鹿児島県,中学,奄美市立小宿中学校
九州・沖縄,鹿児島県,中学,奄美市立大川中学校
九州・沖縄,鹿児島県,中学,奄美市立芦花部中学校
九州・沖縄,鹿児島県,中学,奄美市立崎原中学校
九州・沖縄,鹿児島県,中学,鹿児島市立吉田北中学校
九州・沖縄,鹿児島県,中学,鹿児島市立吉田南中学校
九州・沖縄,鹿児島県,中学,鹿児島市立喜入中学校
九州・沖縄,鹿児島県,中学,指宿市立山川中学校
九州・沖縄,鹿児島県,中学,指宿市立開聞中学校
九州・沖縄,鹿児島県,中学,南九州市立頴娃中学校
九州・沖縄,鹿児島県,中学,いちき串木野市立市来中学校
九州・沖縄,鹿児島県,中学,日置市立東市来中学校
九州・沖縄,鹿児島県,中学,日置市立伊集院中学校
九州・沖縄,鹿児島県,中学,日置市立伊集院北中学校
九州・沖縄,鹿児島県,中学,日置市立土橋中学校
九州・沖縄,鹿児島県,中学,鹿児島市立松元中学校
九州・沖縄,鹿児島県,中学,鹿児島市立郡山中学校
九州・沖縄,鹿児島県,中学,日置市立吹上中学校
九州・沖縄,鹿児島県,中学,薩摩川内市立樋脇中学校
九州・沖縄,鹿児島県,中学,薩摩川内市立入来中学校
九州・沖縄,鹿児島県,中学,さつま町立宮之城中学校
九州・沖縄,鹿児島県,中学,薩摩川内市立祁答院中学校
九州・沖縄,鹿児島県,中学,薩摩川内市立里中学校
九州・沖縄,鹿児島県,中学,薩摩川内市立海星中学校
九州・沖縄,鹿児島県,中学,出水市立高尾野中学校
九州・沖縄,鹿児島県,中学,出水市立江内中学校
九州・沖縄,鹿児島県,中学,出水市立野田中学校
九州・沖縄,鹿児島県,中学,長島町立鷹巣中学校
九州・沖縄,鹿児島県,中学,長島町立川床中学校
九州・沖縄,鹿児島県,中学,長島町立獅子島中学校
九州・沖縄,鹿児島県,中学,長島町立長島中学校
九州・沖縄,鹿児島県,中学,長島町立平尾中学校
九州・沖縄,鹿児島県,中学,伊佐市立菱刈中学校
九州・沖縄,鹿児島県,中学,姶良市立帖佐中学校
九州・沖縄,鹿児島県,中学,姶良市立重富中学校
九州・沖縄,鹿児島県,中学,姶良市立山田中学校
九州・沖縄,鹿児島県,中学,姶良市立蒲生中学校
九州・沖縄,鹿児島県,中学,霧島市立溝辺中学校
九州・沖縄,鹿児島県,中学,霧島市立陵南中学校
九州・沖縄,鹿児島県,中学,霧島市立横川中学校
九州・沖縄,鹿児島県,中学,湧水町立栗野中学校
九州・沖縄,鹿児島県,中学,湧水町立吉松中学校
九州・沖縄,鹿児島県,中学,霧島市立牧園中学校
九州・沖縄,鹿児島県,中学,霧島市立霧島中学校
九州・沖縄,鹿児島県,中学,霧島市立隼人中学校
九州・沖縄,鹿児島県,中学,霧島市立日当山中学校
九州・沖縄,鹿児島県,中学,霧島市立牧之原中学校
九州・沖縄,鹿児島県,中学,曽於市立財部中学校
九州・沖縄,鹿児島県,中学,曽於市立末吉中学校
九州・沖縄,鹿児島県,中学,志布志市立松山中学校
九州・沖縄,鹿児島県,中学,志布志市立志布志中学校
九州・沖縄,鹿児島県,中学,志布志市立有明中学校
九州・沖縄,鹿児島県,中学,志布志市立宇都中学校
九州・沖縄,鹿児島県,中学,志布志市立伊崎田中学校
九州・沖縄,鹿児島県,中学,大崎町立大崎中学校
九州・沖縄,鹿児島県,中学,鹿屋市立串良中学校
九州・沖縄,鹿児島県,中学,鹿屋市立細山田中学校
九州・沖縄,鹿児島県,中学,鹿屋市立上小原中学校
九州・沖縄,鹿児島県,中学,東串良町立東串良中学校
九州・沖縄,鹿児島県,中学,肝付町立内之浦中学校
九州・沖縄,鹿児島県,中学,肝付町立高山中学校
九州・沖縄,鹿児島県,中学,肝付町立波野中学校
九州・沖縄,鹿児島県,中学,肝付町立国見中学校
九州・沖縄,鹿児島県,中学,鹿屋市立吾平中学校
九州・沖縄,鹿児島県,中学,錦江町立田代中学校
九州・沖縄,鹿児島県,中学,屋久島町立金岳中学校
九州・沖縄,鹿児島県,中学,屋久島町立安房中学校
九州・沖縄,鹿児島県,中学,宇検村立田検中学校
九州・沖縄,鹿児島県,中学,宇検村立久志中学校
九州・沖縄,鹿児島県,中学,宇検村立名柄中学校
九州・沖縄,鹿児島県,中学,宇検村立阿室中学校
九州・沖縄,鹿児島県,中学,奄美市立住用中学校
九州・沖縄,鹿児島県,中学,奄美市立市中学校
九州・沖縄,鹿児島県,中学,奄美市立東城中学校
九州・沖縄,鹿児島県,中学,瀬戸内町立篠川中学校
九州・沖縄,鹿児島県,中学,瀬戸内町立薩川中学校
九州・沖縄,鹿児島県,中学,瀬戸内町立諸鈍中学校
九州・沖縄,鹿児島県,中学,瀬戸内町立伊子茂中学校
九州・沖縄,鹿児島県,中学,瀬戸内町立池地中学校
九州・沖縄,鹿児島県,中学,瀬戸内町立与路中学校
九州・沖縄,鹿児島県,中学,瀬戸内町立古仁屋中学校
九州・沖縄,鹿児島県,中学,瀬戸内町立阿木名中学校
九州・沖縄,鹿児島県,中学,瀬戸内町立油井中学校
九州・沖縄,鹿児島県,中学,龍郷町立龍南中学校
九州・沖縄,鹿児島県,中学,龍郷町立龍北中学校
九州・沖縄,鹿児島県,中学,龍郷町立赤徳中学校
九州・沖縄,鹿児島県,中学,奄美市立赤木名中学校
九州・沖縄,鹿児島県,中学,奄美市立笠利中学校
九州・沖縄,鹿児島県,中学,徳之島町立亀津中学校
九州・沖縄,鹿児島県,中学,徳之島町立井之川中学校
九州・沖縄,鹿児島県,中学,徳之島町立尾母中学校
九州・沖縄,鹿児島県,中学,徳之島町立東天城中学校
九州・沖縄,鹿児島県,中学,徳之島町立山中学校
九州・沖縄,鹿児島県,中学,徳之島町立手々中学校
九州・沖縄,鹿児島県,中学,天城町立天城中学校
九州・沖縄,鹿児島県,中学,天城町立北中学校
九州・沖縄,鹿児島県,中学,伊仙町立伊仙中学校
九州・沖縄,鹿児島県,中学,伊仙町立面縄中学校
九州・沖縄,鹿児島県,中学,伊仙町立犬田布中学校
九州・沖縄,鹿児島県,中学,和泊町立和泊中学校
九州・沖縄,鹿児島県,中学,和泊町立城ケ丘中学校
九州・沖縄,鹿児島県,中学,知名町立知名中学校
九州・沖縄,鹿児島県,中学,知名町立田皆中学校
九州・沖縄,鹿児島県,中学,与論町立与論中学校
九州・沖縄,鹿児島県,中学,鹿児島市立緑丘中学校
九州・沖縄,鹿児島県,中学,鹿児島市立明和中学校
九州・沖縄,鹿児島県,中学,鹿児島市立坂元中学校
九州・沖縄,鹿児島県,中学,鹿児島市立西紫原中学校
九州・沖縄,鹿児島県,中学,鹿児島市立桜丘中学校
九州・沖縄,鹿児島県,中学,鹿児島市立東谷山中学校
九州・沖縄,鹿児島県,中学,南九州市立知覧中学校
九州・沖縄,鹿児島県,中学,姶良市立加治木中学校
九州・沖縄,鹿児島県,中学,鹿児島市立星峯中学校
九州・沖縄,鹿児島県,中学,薩摩川内市立川内中央中学校
九州・沖縄,鹿児島県,中学,屋久島町立岳南中学校
九州・沖縄,鹿児島県,中学,鹿児島市立吉野東中学校
九州・沖縄,鹿児島県,中学,南九州市立川辺中学校
九州・沖縄,鹿児島県,中学,鹿児島市立西陵中学校
九州・沖縄,鹿児島県,中学,鹿屋市立鹿屋東中学校
九州・沖縄,鹿児島県,中学,鹿児島市立武岡中学校
九州・沖縄,鹿児島県,中学,出水市立米ノ津中学校桂島分校
九州・沖縄,鹿児島県,中学,鹿児島市立皇徳寺中学校
九州・沖縄,鹿児島県,中学,鹿児島市立鹿児島玉龍中学校
九州・沖縄,鹿児島県,中学,錦江町立錦江中学校
九州・沖縄,鹿児島県,中学,霧島市立牧之原中学校若駒分校
九州・沖縄,鹿児島県,中学,西之表市立種子島中学校
九州・沖縄,鹿児島県,中学,薩摩川内市立平成中学校
九州・沖縄,鹿児島県,中学,南大隅町立第一佐多中学校
九州・沖縄,鹿児島県,中学,鹿児島市立伊敷台中学校
九州・沖縄,鹿児島県,中学,枕崎市立立神中学校
九州・沖縄,鹿児島県,中学,南種子町立南種子中学校
九州・沖縄,鹿児島県,中学,南大隅町立根占中学校
九州・沖縄,鹿児島県,中学,霧島市立舞鶴中学校
九州・沖縄,鹿児島県,中学,中種子町立中種子中学校
九州・沖縄,鹿児島県,中学,曽於市立大隅中学校
九州・沖縄,鹿児島県,中学,垂水市立垂水中央中学校
九州・沖縄,鹿児島県,中学,鹿屋市立輝北中学校
九州・沖縄,鹿児島県,中学,屋久島町立中央中学校
九州・沖縄,鹿児島県,中学,大和村立大和中学校
九州・沖縄,鹿児島県,中学,喜界町立喜界中学校
九州・沖縄,鹿児島県,中学,南さつま市立大笠中学校
九州・沖縄,鹿児島県,中学,鹿児島県立楠隼中学校
九州・沖縄,鹿児島県,中学,伊佐市立大口中央中学校
九州・沖縄,鹿児島県,中学,鹿児島県立いろは中学校
九州・沖縄,鹿児島県,中学,串木野中学校
九州・沖縄,鹿児島県,中学,ラサール中学校
九州・沖縄,鹿児島県,中学,鹿児島純心女子中学校
九州・沖縄,鹿児島県,中学,大口明光学園中学校
九州・沖縄,鹿児島県,中学,鹿児島修学館中学校
九州・沖縄,鹿児島県,中学,川島学園れいめい中学校
九州・沖縄,鹿児島県,中学,池田学園池田中学校
九州・沖縄,鹿児島県,#N/A,志學館中等部
九州・沖縄,鹿児島県,中学,鹿児島育英館中学校
九州・沖縄,鹿児島県,#N/A,神村学園中等部
九州・沖縄,鹿児島県,中学,鹿児島第一中学校
九州・沖縄,鹿児島県,高校,鹿児島県立鶴丸高等学校
九州・沖縄,鹿児島県,高校,鹿児島県立甲南高等学校
九州・沖縄,鹿児島県,高校,鹿児島県立鹿児島中央高等学校
九州・沖縄,鹿児島県,高校,鹿児島県立鹿児島東高等学校
九州・沖縄,鹿児島県,高校,鹿児島県立鹿児島工業高等学校
九州・沖縄,鹿児島県,高校,鹿児島県立鹿児島南高等学校
九州・沖縄,鹿児島県,高校,鹿児島県立指宿高等学校
九州・沖縄,鹿児島県,高校,鹿児島県立山川高等学校
九州・沖縄,鹿児島県,高校,鹿児島県立頴娃高等学校
九州・沖縄,鹿児島県,高校,鹿児島県立枕崎高等学校
九州・沖縄,鹿児島県,高校,鹿児島県立鹿児島水産高等学校
九州・沖縄,鹿児島県,高校,鹿児島県立加世田高等学校
九州・沖縄,鹿児島県,高校,鹿児島県立加世田常潤高等学校
九州・沖縄,鹿児島県,高校,鹿児島県立川辺高等学校
九州・沖縄,鹿児島県,高校,鹿児島県立薩南工業高等学校
九州・沖縄,鹿児島県,高校,鹿児島県立吹上高等学校
九州・沖縄,鹿児島県,高校,鹿児島県立伊集院高等学校
九州・沖縄,鹿児島県,高校,鹿児島県立市来農芸高等学校
九州・沖縄,鹿児島県,高校,鹿児島県立串木野高等学校
九州・沖縄,鹿児島県,高校,鹿児島県立川内高等学校
九州・沖縄,鹿児島県,高校,鹿児島県立川内商工高等学校
九州・沖縄,鹿児島県,高校,鹿児島県立野田女子高等学校
九州・沖縄,鹿児島県,高校,鹿児島県立出水高等学校
九州・沖縄,鹿児島県,高校,鹿児島県立出水工業高等学校
九州・沖縄,鹿児島県,高校,鹿児島県立大口高等学校
九州・沖縄,鹿児島県,高校,鹿児島県立伊佐農林高等学校
九州・沖縄,鹿児島県,高校,鹿児島県立蒲生高等学校
九州・沖縄,鹿児島県,高校,鹿児島県立加治木高等学校
九州・沖縄,鹿児島県,高校,鹿児島県立加治木工業高等学校
九州・沖縄,鹿児島県,高校,鹿児島県立隼人工業高等学校
九州・沖縄,鹿児島県,高校,鹿児島県立国分高等学校
九州・沖縄,鹿児島県,高校,鹿児島県立志布志高等学校
九州・沖縄,鹿児島県,高校,鹿児島県立串良商業高等学校
九州・沖縄,鹿児島県,高校,鹿児島県立鹿屋高等学校
九州・沖縄,鹿児島県,高校,鹿児島県立鹿屋農業高等学校
九州・沖縄,鹿児島県,高校,鹿児島県立鹿屋工業高等学校
九州・沖縄,鹿児島県,高校,鹿児島県立垂水高等学校
九州・沖縄,鹿児島県,高校,鹿児島県立南大隅高等学校
九州・沖縄,鹿児島県,高校,鹿児島県立屋久島高等学校
九州・沖縄,鹿児島県,高校,鹿児島県立大島高等学校
九州・沖縄,鹿児島県,高校,鹿児島県立与論高等学校
九州・沖縄,鹿児島県,高校,鹿児島県立奄美高等学校
九州・沖縄,鹿児島県,高校,鹿児島県立大島北高等学校
九州・沖縄,鹿児島県,高校,鹿児島県立古仁屋高等学校
九州・沖縄,鹿児島県,高校,鹿児島県立喜界高等学校
九州・沖縄,鹿児島県,高校,鹿児島県立沖永良部高等学校
九州・沖縄,鹿児島県,高校,鹿児島市立鹿児島玉龍高等学校
九州・沖縄,鹿児島県,高校,鹿児島市立鹿児島商業高等学校
九州・沖縄,鹿児島県,高校,鹿児島市立鹿児島女子高等学校
九州・沖縄,鹿児島県,高校,指宿市立指宿商業高等学校
九州・沖縄,鹿児島県,高校,出水市立出水商業高等学校
九州・沖縄,鹿児島県,高校,霧島市立国分中央高等学校
九州・沖縄,鹿児島県,高校,鹿屋市立鹿屋女子高等学校
九州・沖縄,鹿児島県,高校,鹿児島県立錦江湾高等学校
九州・沖縄,鹿児島県,高校,鹿児島県立松陽高等学校
九州・沖縄,鹿児島県,高校,鹿児島県立種子島高等学校
九州・沖縄,鹿児島県,高校,鹿児島県立徳之島高等学校
九州・沖縄,鹿児島県,高校,鹿児島県立川薩清修館高等学校
九州・沖縄,鹿児島県,高校,鹿児島県立霧島高等学校
九州・沖縄,鹿児島県,高校,鹿児島県立種子島中央高等学校
九州・沖縄,鹿児島県,高校,鹿児島県立福山高等学校
九州・沖縄,鹿児島県,高校,鹿児島県立武岡台高等学校
九州・沖縄,鹿児島県,高校,鹿児島県立開陽高等学校
九州・沖縄,鹿児島県,高校,鹿児島県立薩摩中央高等学校
九州・沖縄,鹿児島県,高校,鹿児島県立鶴翔高等学校
九州・沖縄,鹿児島県,高校,鹿児島県立明桜館高等学校
九州・沖縄,鹿児島県,高校,鹿児島県立曽於高等学校
九州・沖縄,鹿児島県,高校,鹿児島県立楠隼高等学校
九州・沖縄,鹿児島県,高校,鹿児島実業高等学校
九州・沖縄,鹿児島県,高校,れいめい高等学校
九州・沖縄,鹿児島県,高校,樟南高等学校
九州・沖縄,鹿児島県,高校,樟南第二高等学校
九州・沖縄,鹿児島県,高校,鹿児島城西高等学校
九州・沖縄,鹿児島県,高校,鹿児島高等学校
九州・沖縄,鹿児島県,高校,鹿児島純心女子高等学校
九州・沖縄,鹿児島県,高校,鹿児島情報高等学校
九州・沖縄,鹿児島県,高校,ラ・サール高等学校
九州・沖縄,鹿児島県,高校,龍桜高等学校
九州・沖縄,鹿児島県,高校,鳳凰高等学校
九州・沖縄,鹿児島県,#N/A,神村学園高等部
九州・沖縄,鹿児島県,高校,出水中央高等学校
九州・沖縄,鹿児島県,高校,大口明光学園高等学校
九州・沖縄,鹿児島県,高校,鹿児島第一高等学校
九州・沖縄,鹿児島県,高校,鹿屋中央高等学校
九州・沖縄,鹿児島県,高校,尚志館高等学校
九州・沖縄,鹿児島県,高校,志學館高等部高等学校
九州・沖縄,鹿児島県,高校,池田高等学校
九州・沖縄,鹿児島県,高校,鹿児島育英館高等学校
九州・沖縄,鹿児島県,高校,鹿児島修学館高等学校
九州・沖縄,鹿児島県,高校,屋久島おおぞら高等学校
九州・沖縄,沖縄県,中学,琉球大学教育学部附属中学校
九州・沖縄,沖縄県,中学,那覇市立小禄中学校
九州・沖縄,沖縄県,中学,那覇市立首里中学校
九州・沖縄,沖縄県,中学,那覇市立那覇中学校
九州・沖縄,沖縄県,中学,那覇市立真和志中学校
九州・沖縄,沖縄県,中学,那覇市立安岡中学校
九州・沖縄,沖縄県,中学,那覇市立上山中学校
九州・沖縄,沖縄県,中学,那覇市立寄宮中学校
九州・沖縄,沖縄県,中学,那覇市立神原中学校
九州・沖縄,沖縄県,中学,那覇市立松島中学校
九州・沖縄,沖縄県,中学,那覇市立古蔵中学校
九州・沖縄,沖縄県,中学,那覇市立石田中学校
九州・沖縄,沖縄県,中学,那覇市立城北中学校
九州・沖縄,沖縄県,中学,那覇市立鏡原中学校
九州・沖縄,沖縄県,中学,那覇市立松城中学校
九州・沖縄,沖縄県,中学,那覇市立仲井真中学校
九州・沖縄,沖縄県,中学,那覇市立金城中学校
九州・沖縄,沖縄県,中学,那覇市立石嶺中学校
九州・沖縄,沖縄県,中学,那覇市立城北中学校若夏分校
九州・沖縄,沖縄県,中学,宜野湾市立普天間中学校
九州・沖縄,沖縄県,中学,宜野湾市立嘉数中学校
九州・沖縄,沖縄県,中学,宜野湾市立真志喜中学校
九州・沖縄,沖縄県,中学,宜野湾市立宜野湾中学校
九州・沖縄,沖縄県,中学,石垣市立石垣中学校
九州・沖縄,沖縄県,中学,石垣市立大浜中学校
九州・沖縄,沖縄県,中学,石垣市立川平中学校
九州・沖縄,沖縄県,中学,石垣市立白保中学校
九州・沖縄,沖縄県,中学,石垣市立名蔵中学校
九州・沖縄,沖縄県,中学,石垣市立崎枝中学校
九州・沖縄,沖縄県,中学,石垣市立伊原間中学校
九州・沖縄,沖縄県,中学,石垣市立石垣第二中学校
九州・沖縄,沖縄県,中学,石垣市立富野中学校
九州・沖縄,沖縄県,中学,浦添市立浦添中学校
九州・沖縄,沖縄県,中学,浦添市立仲西中学校
九州・沖縄,沖縄県,中学,浦添市立神森中学校
九州・沖縄,沖縄県,中学,浦添市立港川中学校
九州・沖縄,沖縄県,中学,浦添市立浦西中学校
九州・沖縄,沖縄県,中学,名護市立久志中学校
九州・沖縄,沖縄県,中学,名護市立久辺中学校
九州・沖縄,沖縄県,中学,名護市立名護中学校
九州・沖縄,沖縄県,中学,名護市立羽地中学校
九州・沖縄,沖縄県,中学,名護市立屋我地中学校
九州・沖縄,沖縄県,中学,名護市立屋部中学校
九州・沖縄,沖縄県,中学,名護市立東江中学校
九州・沖縄,沖縄県,中学,名護市立大宮中学校
九州・沖縄,沖縄県,中学,沖縄県立名護高等学校附属桜中学校
九州・沖縄,沖縄県,中学,糸満市立兼城中学校
九州・沖縄,沖縄県,中学,糸満市立高嶺中学校
九州・沖縄,沖縄県,中学,糸満市立三和中学校
九州・沖縄,沖縄県,中学,糸満市立糸満中学校
九州・沖縄,沖縄県,中学,糸満市立西崎中学校
九州・沖縄,沖縄県,中学,糸満市立潮平中学校
九州・沖縄,沖縄県,中学,糸満市立三和中学校大度分校
九州・沖縄,沖縄県,中学,沖縄市立コザ中学校
九州・沖縄,沖縄県,中学,沖縄市立美東中学校
九州・沖縄,沖縄県,中学,沖縄市立美里中学校
九州・沖縄,沖縄県,中学,沖縄市立越来中学校
九州・沖縄,沖縄県,中学,沖縄市立山内中学校
九州・沖縄,沖縄県,中学,沖縄市立安慶田中学校
九州・沖縄,沖縄県,中学,沖縄市立宮里中学校
九州・沖縄,沖縄県,中学,沖縄市立沖縄東中学校
九州・沖縄,沖縄県,中学,沖縄県立球陽中学校
九州・沖縄,沖縄県,中学,豊見城市立豊見城中学校
九州・沖縄,沖縄県,中学,豊見城市立長嶺中学校
九州・沖縄,沖縄県,中学,豊見城市立伊良波中学校
九州・沖縄,沖縄県,中学,豊見城市立豊崎中学校
九州・沖縄,沖縄県,中学,うるま市立津堅中学校
九州・沖縄,沖縄県,中学,うるま市立具志川中学校
九州・沖縄,沖縄県,中学,うるま市立石川中学校
九州・沖縄,沖縄県,中学,うるま市立与勝中学校
九州・沖縄,沖縄県,中学,うるま市立高江洲中学校
九州・沖縄,沖縄県,中学,うるま市立あげな中学校
九州・沖縄,沖縄県,中学,うるま市立与勝第二中学校
九州・沖縄,沖縄県,中学,うるま市立具志川東中学校
九州・沖縄,沖縄県,中学,うるま市立伊波中学校
九州・沖縄,沖縄県,中学,沖縄県立与勝緑が丘中学校
九州・沖縄,沖縄県,中学,うるま市立彩橋中学校
九州・沖縄,沖縄県,中学,宮古島市立上野中学校
九州・沖縄,沖縄県,中学,宮古島市立鏡原中学校
九州・沖縄,沖縄県,中学,宮古島市立北中学校
九州・沖縄,沖縄県,中学,宮古島市立下地中学校
九州・沖縄,沖縄県,中学,宮古島市立平良中学校
九州・沖縄,沖縄県,中学,宮古島市立池間中学校
九州・沖縄,沖縄県,中学,宮古島市立西辺中学校
九州・沖縄,沖縄県,中学,宮古島市立狩俣中学校
九州・沖縄,沖縄県,中学,宮古島市立久松中学校
九州・沖縄,沖縄県,中学,宮古島市立伊良部島中学校
九州・沖縄,沖縄県,中学,宮古島市立城東中学校
九州・沖縄,沖縄県,中学,南城市立久高中学校
九州・沖縄,沖縄県,中学,南城市立大里中学校
九州・沖縄,沖縄県,中学,南城市立佐敷中学校
九州・沖縄,沖縄県,中学,南城市立玉城中学校
九州・沖縄,沖縄県,中学,南城市立知念中学校
九州・沖縄,沖縄県,中学,国頭村立国頭中学校
九州・沖縄,沖縄県,中学,大宜味村立大宜味中学校
九州・沖縄,沖縄県,中学,東村立東中学校
九州・沖縄,沖縄県,中学,今帰仁村立今帰仁中学校
九州・沖縄,沖縄県,中学,本部町立伊豆味中学校
九州・沖縄,沖縄県,中学,本部町立水納中学校
九州・沖縄,沖縄県,中学,本部町立上本部中学校
九州・沖縄,沖縄県,中学,本部町立本部中学校
九州・沖縄,沖縄県,中学,恩納村立うんな中学校
九州・沖縄,沖縄県,中学,宜野座村立宜野座中学校
九州・沖縄,沖縄県,中学,金武町立金武中学校
九州・沖縄,沖縄県,中学,伊江村立伊江中学校
九州・沖縄,沖縄県,中学,読谷村立古堅中学校
九州・沖縄,沖縄県,中学,読谷村立読谷中学校
九州・沖縄,沖縄県,中学,嘉手納町立嘉手納中学校
九州・沖縄,沖縄県,中学,北谷町立北谷中学校
九州・沖縄,沖縄県,中学,北谷町立桑江中学校
九州・沖縄,沖縄県,中学,北中城村立北中城中学校
九州・沖縄,沖縄県,中学,中城村立中城中学校
九州・沖縄,沖縄県,中学,西原町立西原中学校
九州・沖縄,沖縄県,中学,西原町立西原東中学校
九州・沖縄,沖縄県,中学,与那原町立与那原中学校
九州・沖縄,沖縄県,中学,南風原町立南風原中学校
九州・沖縄,沖縄県,中学,南風原町立南星中学校
九州・沖縄,沖縄県,中学,沖縄県立開邦中学校
九州・沖縄,沖縄県,中学,渡嘉敷村立渡嘉敷中学校
九州・沖縄,沖縄県,中学,座間味村立座間味中学校
九州・沖縄,沖縄県,中学,座間味村立阿嘉中学校
九州・沖縄,沖縄県,中学,座間味村立慶留間中学校
九州・沖縄,沖縄県,中学,粟国村立粟国中学校
九州・沖縄,沖縄県,中学,渡名喜村立渡名喜中学校
九州・沖縄,沖縄県,中学,南大東村立南大東中学校
九州・沖縄,沖縄県,中学,北大東村立北大東中学校
九州・沖縄,沖縄県,中学,伊平屋村立野甫中学校
九州・沖縄,沖縄県,中学,伊平屋村立伊平屋中学校
九州・沖縄,沖縄県,中学,伊是名村立伊是名中学校
九州・沖縄,沖縄県,中学,久米島町立久米島西中学校
九州・沖縄,沖縄県,中学,久米島町立球美中学校
九州・沖縄,沖縄県,中学,八重瀬町立具志頭中学校
九州・沖縄,沖縄県,中学,八重瀬町立東風平中学校
九州・沖縄,沖縄県,中学,多良間村立多良間中学校
九州・沖縄,沖縄県,中学,竹富町立西表中学校
九州・沖縄,沖縄県,中学,竹富町立波照間中学校
九州・沖縄,沖縄県,中学,竹富町立船浮中学校
九州・沖縄,沖縄県,中学,竹富町立大原中学校
九州・沖縄,沖縄県,中学,竹富町立黒島中学校
九州・沖縄,沖縄県,中学,竹富町立小浜中学校
九州・沖縄,沖縄県,中学,竹富町立竹富中学校
九州・沖縄,沖縄県,中学,竹富町立鳩間中学校
九州・沖縄,沖縄県,中学,竹富町立船浦中学校
九州・沖縄,沖縄県,中学,与那国町立与那国中学校
九州・沖縄,沖縄県,中学,与那国町立久部良中学校
九州・沖縄,沖縄県,中学,興南中学校
九州・沖縄,沖縄県,中学,沖縄尚学高等学校附属中学校
九州・沖縄,沖縄県,中学,沖縄カトリック中学校
九州・沖縄,沖縄県,中学,昭和薬科大学附属中学校
九州・沖縄,沖縄県,中学,沖縄三育中学校
九州・沖縄,沖縄県,中学,沖縄アミークスインターナショナル中学校
九州・沖縄,沖縄県,中学,珊瑚舎スコーレ東表中学校
九州・沖縄,沖縄県,高校,沖縄県立首里高等学校
九州・沖縄,沖縄県,高校,沖縄県立沖縄工業高等学校
九州・沖縄,沖縄県,高校,沖縄県立那覇商業高等学校
九州・沖縄,沖縄県,高校,沖縄県立那覇高等学校
九州・沖縄,沖縄県,高校,沖縄県立小禄高等学校
九州・沖縄,沖縄県,高校,沖縄県立真和志高等学校
九州・沖縄,沖縄県,高校,沖縄県立泊高等学校
九州・沖縄,沖縄県,高校,沖縄県立首里東高等学校
九州・沖縄,沖縄県,高校,沖縄県立那覇西高等学校
九州・沖縄,沖縄県,高校,沖縄県立那覇国際高等学校
九州・沖縄,沖縄県,高校,沖縄県立普天間高等学校
九州・沖縄,沖縄県,高校,沖縄県立中部商業高等学校
九州・沖縄,沖縄県,高校,沖縄県立宜野湾高等学校
九州・沖縄,沖縄県,高校,沖縄県立八重山農林高等学校
九州・沖縄,沖縄県,高校,沖縄県立八重山高等学校
九州・沖縄,沖縄県,高校,沖縄県立八重山商工高等学校
九州・沖縄,沖縄県,高校,沖縄県立浦添高等学校
九州・沖縄,沖縄県,高校,沖縄県立那覇工業高等学校
九州・沖縄,沖縄県,高校,沖縄県立浦添商業高等学校
九州・沖縄,沖縄県,高校,沖縄県立陽明高等学校
九州・沖縄,沖縄県,高校,沖縄県立浦添工業高等学校
九州・沖縄,沖縄県,高校,沖縄県立名護高等学校
九州・沖縄,沖縄県,高校,沖縄県立北部農林高等学校
九州・沖縄,沖縄県,高校,沖縄県立名護商工高等学校
九州・沖縄,沖縄県,高校,沖縄県立沖縄水産高等学校
九州・沖縄,沖縄県,高校,沖縄県立糸満高等学校
九州・沖縄,沖縄県,高校,沖縄県立コザ高等学校
九州・沖縄,沖縄県,高校,沖縄県立美来工科高等学校
九州・沖縄,沖縄県,高校,沖縄県立美里工業高等学校
九州・沖縄,沖縄県,高校,沖縄県立美里高等学校
九州・沖縄,沖縄県,高校,沖縄県立球陽高等学校
九州・沖縄,沖縄県,高校,沖縄県立南部農林高等学校
九州・沖縄,沖縄県,高校,沖縄県立豊見城高等学校
九州・沖縄,沖縄県,高校,沖縄県立豊見城南高等学校
九州・沖縄,沖縄県,高校,沖縄県立石川高等学校
九州・沖縄,沖縄県,高校,沖縄県立前原高等学校
九州・沖縄,沖縄県,高校,沖縄県立中部農林高等学校
九州・沖縄,沖縄県,高校,沖縄県立具志川商業高等学校
九州・沖縄,沖縄県,高校,沖縄県立与勝高等学校
九州・沖縄,沖縄県,高校,沖縄県立具志川高等学校
九州・沖縄,沖縄県,高校,沖縄県立宮古高等学校
九州・沖縄,沖縄県,高校,沖縄県立宮古工業高等学校
九州・沖縄,沖縄県,高校,沖縄県立宮古総合実業高等学校
九州・沖縄,沖縄県,高校,沖縄県立辺土名高等学校
九州・沖縄,沖縄県,高校,沖縄県立北山高等学校
九州・沖縄,沖縄県,高校,沖縄県立本部高等学校
九州・沖縄,沖縄県,高校,沖縄県立宜野座高等学校
九州・沖縄,沖縄県,高校,沖縄県立読谷高等学校
九州・沖縄,沖縄県,高校,沖縄県立嘉手納高等学校
九州・沖縄,沖縄県,高校,沖縄県立北谷高等学校
九州・沖縄,沖縄県,高校,沖縄県立北中城高等学校
九州・沖縄,沖縄県,高校,沖縄県立西原高等学校
九州・沖縄,沖縄県,高校,沖縄県立知念高等学校
九州・沖縄,沖縄県,高校,沖縄県立南風原高等学校
九州・沖縄,沖縄県,高校,沖縄県立開邦高等学校
九州・沖縄,沖縄県,高校,沖縄県立久米島高等学校
九州・沖縄,沖縄県,高校,沖縄県立南部工業高等学校
九州・沖縄,沖縄県,高校,沖縄県立南部商業高等学校
九州・沖縄,沖縄県,高校,沖縄県立向陽高等学校
九州・沖縄,沖縄県,高校,沖縄尚学高等学校
九州・沖縄,沖縄県,高校,興南高等学校
九州・沖縄,沖縄県,高校,つくば開成国際高等学校
九州・沖縄,沖縄県,高校,沖縄カトリック高等学校
九州・沖縄,沖縄県,高校,瑞穂ＭＳＣ高等学校
九州・沖縄,沖縄県,高校,昭和薬科大学附属高等学校
九州・沖縄,沖縄県,高校,ヒューマンキャンパス高等学校
九州・沖縄,沖縄県,#N/A,エナジックスポーツ高等学院
九州・沖縄,沖縄県,高校,仙台育英学園沖縄高等学校
九州・沖縄,沖縄県,高校,Ｎ高等学校
九州・沖縄,沖縄県,高校,沖縄中央高等学校
九州・沖縄,沖縄県,高校,八洲学園大学国際高等学校
北海道,北海道,大学,北海道大学
北海道,北海道,大学,北海道教育大学
北海道,北海道,大学,室蘭工業大学
北海道,北海道,大学,小樽商科大学
北海道,北海道,大学,帯広畜産大学
北海道,北海道,大学,北見工業大学
北海道,北海道,大学,旭川医科大学
北海道,北海道,大学,札幌医科大学
北海道,北海道,大学,公立はこだて未来大学
北海道,北海道,大学,釧路公立大学
北海道,北海道,大学,名寄市立大学
北海道,北海道,大学,札幌市立大学
北海道,北海道,大学,公立千歳科学技術大学
北海道,北海道,大学,旭川市立大学
北海道,北海道,大学,札幌大学
北海道,北海道,大学,札幌学院大学
北海道,北海道,大学,函館大学
北海道,北海道,大学,藤女子大学
北海道,北海道,大学,北星学園大学
北海道,北海道,大学,北海学園大学
北海道,北海道,大学,北海道科学大学
北海道,北海道,大学,酪農学園大学
北海道,北海道,大学,北海道医療大学
北海道,北海道,大学,北海商科大学
北海道,北海道,大学,星槎道都大学
北海道,北海道,大学,北海道情報大学
北海道,北海道,大学,札幌国際大学
北海道,北海道,大学,北翔大学
北海道,北海道,大学,北洋大学
北海道,北海道,大学,日本赤十字北海道看護大学
北海道,北海道,大学,北海道文教大学
北海道,北海道,大学,天使大学
北海道,北海道,大学,育英館大学
北海道,北海道,大学,札幌大谷大学
北海道,北海道,大学,札幌保健医療大学
北海道,北海道,大学,日本医療大学
北海道,北海道,大学,北海道千歳リハビリテーション大学
北海道,北海道,大学,北海道武蔵女子大学
北海道,北海道,大学,旭川市立大学短期大学部
北海道,北海道,大学,帯広大谷短期大学
北海道,北海道,大学,釧路短期大学
北海道,北海道,大学,光塩学園短期大学
北海道,北海道,大学,札幌大谷大学短期大学部
北海道,北海道,大学,函館大谷短期大学
北海道,北海道,大学,函館短期大学
北海道,北海道,大学,北星学園大学短期大学部
北海道,北海道,大学,北翔大学短期大学部
北海道,北海道,大学,拓殖大学北海道短期大学
北海道,北海道,大学,北海道武蔵女子短期大学
北海道,北海道,大学,札幌国際大学短期大学部
北海道,北海道,大学,國學院大學北海道短期大学部
北海道,北海道,高等専門学校,函館工業高等専門学校
北海道,北海道,高等専門学校,苫小牧工業高等専門学校
北海道,北海道,高等専門学校,釧路工業高等専門学校
北海道,北海道,高等専門学校,旭川工業高等専門学校
東北,青森県,大学,弘前大学
東北,青森県,大学,青森公立大学
東北,青森県,大学,青森県立保健大学
東北,青森県,大学,青森大学
東北,青森県,大学,柴田学園大学
東北,青森県,大学,弘前学院大学
東北,青森県,大学,八戸工業大学
東北,青森県,大学,八戸学院大学
東北,青森県,大学,青森中央学院大学
東北,青森県,大学,弘前医療福祉大学
東北,青森県,大学,青森明の星短期大学
東北,青森県,大学,柴田学園大学短期大学部
東北,青森県,大学,青森中央短期大学
東北,青森県,大学,八戸学院大学短期大学部
東北,青森県,大学,弘前医療福祉大学短期大学部
東北,青森県,高等専門学校,八戸工業高等専門学校
東北,岩手県,大学,岩手大学
東北,岩手県,大学,岩手県立大学
東北,岩手県,大学,岩手医科大学
東北,岩手県,大学,富士大学
東北,岩手県,大学,盛岡大学
東北,岩手県,大学,岩手保健医療大学
東北,岩手県,大学,岩手県立大学盛岡短期大学部
東北,岩手県,大学,岩手県立大学宮古短期大学部
東北,岩手県,大学,修紅短期大学
東北,岩手県,大学,盛岡大学短期大学部
東北,岩手県,高等専門学校,一関工業高等専門学校
東北,宮城県,大学,東北大学
東北,宮城県,大学,宮城教育大学
東北,宮城県,大学,宮城大学
東北,宮城県,大学,仙台大学
東北,宮城県,大学,東北学院大学
東北,宮城県,大学,東北工業大学
東北,宮城県,大学,東北福祉大学
東北,宮城県,大学,東北医科薬科大学
東北,宮城県,大学,東北生活文化大学
東北,宮城県,大学,宮城学院女子大学
東北,宮城県,大学,石巻専修大学
東北,宮城県,大学,仙台白百合女子大学
東北,宮城県,大学,東北文化学園大学
東北,宮城県,大学,尚絅学院大学
東北,宮城県,大学,仙台青葉学院大学
東北,宮城県,大学,宮城誠真短期大学
東北,宮城県,大学,聖和学園短期大学
東北,宮城県,大学,東北生活文化大学短期大学部
東北,宮城県,大学,仙台青葉学院短期大学
東北,宮城県,大学,仙台赤門短期大学
東北,宮城県,高等専門学校,仙台高等専門学校
東北,秋田県,大学,秋田大学
東北,秋田県,大学,秋田県立大学
東北,秋田県,大学,国際教養大学
東北,秋田県,大学,秋田公立美術大学
東北,秋田県,大学,ノースアジア大学
東北,秋田県,大学,秋田看護福祉大学
東北,秋田県,大学,日本赤十字東北看護大学
東北,秋田県,大学,秋田栄養短期大学
東北,秋田県,大学,聖園学園短期大学
東北,秋田県,大学,聖霊女子短期大学
東北,秋田県,大学,日本赤十字東北看護大学介護福祉短期大学部
東北,秋田県,高等専門学校,秋田工業高等専門学校
東北,山形県,大学,山形大学
東北,山形県,大学,東北公益文科大学
東北,山形県,大学,山形県立保健医療大学
東北,山形県,大学,山形県立米沢栄養大学
東北,山形県,大学,東北農林専門職大学
東北,山形県,大学,東北芸術工科大学
東北,山形県,大学,東北文教大学
東北,山形県,大学,電動モビリティシステム専門職大学
東北,山形県,大学,山形県立米沢女子短期大学
東北,山形県,大学,羽陽学園短期大学
東北,山形県,大学,東北文教大学短期大学部
東北,山形県,高等専門学校,鶴岡工業高等専門学校
東北,福島県,大学,福島大学
東北,福島県,大学,福島県立医科大学
東北,福島県,大学,会津大学
東北,福島県,大学,郡山女子大学
東北,福島県,大学,奥羽大学
東北,福島県,大学,医療創生大学
東北,福島県,大学,東日本国際大学
東北,福島県,大学,福島学院大学
東北,福島県,大学,会津大学短期大学部
東北,福島県,大学,郡山女子大学短期大学部
東北,福島県,大学,桜の聖母短期大学
東北,福島県,大学,いわき短期大学
東北,福島県,大学,福島学院大学短期大学部
東北,福島県,高等専門学校,福島工業高等専門学校
関東,茨城県,大学,茨城大学
関東,茨城県,大学,筑波大学
関東,茨城県,大学,筑波技術大学
関東,茨城県,大学,茨城県立医療大学
関東,茨城県,大学,茨城キリスト教大学
関東,茨城県,大学,流通経済大学
関東,茨城県,大学,常磐大学
関東,茨城県,大学,つくば国際大学
関東,茨城県,大学,日本国際学園大学
関東,茨城県,大学,日本ウェルネススポーツ大学
関東,茨城県,大学,アール医療専門職大学
関東,茨城県,大学,茨城女子短期大学
関東,茨城県,大学,つくば国際短期大学
関東,茨城県,大学,常磐短期大学
関東,茨城県,高等専門学校,茨城工業高等専門学校
関東,栃木県,大学,宇都宮大学
関東,栃木県,大学,足利大学
関東,栃木県,大学,白鴎大学
関東,栃木県,大学,作新学院大学
関東,栃木県,大学,国際医療福祉大学
関東,栃木県,大学,宇都宮共和大学
関東,栃木県,大学,文星芸術大学
関東,栃木県,大学,自治医科大学
関東,栃木県,大学,獨協医科大学
関東,栃木県,大学,佐野日本大学短期大学
関東,栃木県,大学,宇都宮短期大学
関東,栃木県,大学,國學院大學栃木短期大学
関東,栃木県,大学,作新学院大学短期大学部
関東,栃木県,大学,那須短期大学
関東,栃木県,高等専門学校,小山工業高等専門学校
関東,群馬県,大学,群馬大学
関東,群馬県,大学,高崎経済大学
関東,群馬県,大学,前橋工科大学
関東,群馬県,大学,群馬県立女子大学
関東,群馬県,大学,群馬県立県民健康科学大学
関東,群馬県,大学,育英大学
関東,群馬県,大学,ぐんま未来大学
関東,群馬県,大学,群馬パース大学
関東,群馬県,大学,群馬医療福祉大学
関東,群馬県,大学,高崎健康福祉大学
関東,群馬県,大学,高崎商科大学
関東,群馬県,大学,上武大学
関東,群馬県,大学,関東学園大学
関東,群馬県,大学,共愛学園前橋国際大学
関東,群馬県,大学,東京福祉大学
関東,群馬県,大学,東京福祉大学短期大学部
関東,群馬県,大学,群馬医療福祉大学短期大学部
関東,群馬県,大学,高崎商科大学短期大学部
関東,群馬県,大学,新島学園短期大学
関東,群馬県,大学,ぐんま未来大学短期大学部
関東,群馬県,大学,共愛学園前橋国際大学短期大学部
関東,群馬県,大学,育英短期大学
関東,群馬県,高等専門学校,群馬工業高等専門学校
関東,埼玉県,大学,埼玉大学
関東,埼玉県,大学,埼玉県立大学
関東,埼玉県,大学,日本医療科学大学
関東,埼玉県,大学,日本薬科大学
関東,埼玉県,大学,武蔵野学院大学
関東,埼玉県,大学,浦和大学
関東,埼玉県,大学,ものつくり大学
関東,埼玉県,大学,共栄大学
関東,埼玉県,大学,埼玉学園大学
関東,埼玉県,大学,尚美学園大学
関東,埼玉県,大学,人間総合科学大学
関東,埼玉県,大学,西武文理大学
関東,埼玉県,大学,十文字学園女子大学
関東,埼玉県,大学,平成国際大学
関東,埼玉県,大学,城西大学
関東,埼玉県,大学,東邦音楽大学
関東,埼玉県,大学,獨協大学
関東,埼玉県,大学,日本工業大学
関東,埼玉県,大学,明海大学
関東,埼玉県,大学,埼玉医科大学
関東,埼玉県,大学,埼玉工業大学
関東,埼玉県,大学,駿河台大学
関東,埼玉県,大学,聖学院大学
関東,埼玉県,大学,日本栄養大学
関東,埼玉県,大学,東都大学
関東,埼玉県,大学,日本保健医療大学
関東,埼玉県,大学,文教大学
関東,埼玉県,大学,教育テック大学院大学
関東,埼玉県,大学,武蔵野短期大学
関東,埼玉県,大学,埼玉純真短期大学
関東,埼玉県,大学,城西短期大学
関東,埼玉県,大学,国際学院埼玉短期大学
関東,埼玉県,大学,秋草学園短期大学
関東,埼玉県,大学,川口短期大学
関東,埼玉県,大学,埼玉医科大学短期大学
関東,埼玉県,大学,埼玉女子短期大学
関東,埼玉県,大学,山村学園短期大学
関東,埼玉県,大学,武蔵丘短期大学
関東,埼玉県,大学,埼玉東萌短期大学
関東,千葉県,大学,千葉大学
関東,千葉県,大学,千葉県立保健医療大学
関東,千葉県,大学,放送大学
関東,千葉県,大学,千葉科学大学
関東,千葉県,大学,愛国学園大学
関東,千葉県,大学,開智国際大学
関東,千葉県,大学,清和大学
関東,千葉県,大学,城西国際大学
関東,千葉県,大学,淑徳大学
関東,千葉県,大学,敬愛大学
関東,千葉県,大学,千葉工業大学
関東,千葉県,大学,千葉商科大学
関東,千葉県,大学,中央学院大学
関東,千葉県,大学,麗澤大学
関東,千葉県,大学,和洋女子大学
関東,千葉県,大学,国際武道大学
関東,千葉県,大学,神田外語大学
関東,千葉県,大学,千葉経済大学
関東,千葉県,大学,秀明大学
関東,千葉県,大学,川村学園女子大学
関東,千葉県,大学,東京情報大学
関東,千葉県,大学,東京基督教大学
関東,千葉県,大学,聖徳大学
関東,千葉県,大学,江戸川大学
関東,千葉県,大学,ＳＢＣ東京医療大学
関東,千葉県,大学,植草学園大学
関東,千葉県,大学,三育学院大学
関東,千葉県,大学,亀田医療大学
関東,千葉県,大学,千葉明徳短期大学
関東,千葉県,大学,昭和学院短期大学
関東,千葉県,大学,聖徳大学短期大学部
関東,千葉県,大学,清和大学短期大学部
関東,千葉県,大学,敬愛短期大学
関東,千葉県,大学,千葉経済大学短期大学部
関東,千葉県,大学,東京経営短期大学
関東,千葉県,高等専門学校,木更津工業高等専門学校
関東,東京都,大学,東京大学
関東,東京都,大学,東京外国語大学
関東,東京都,大学,東京芸術大学
関東,東京都,大学,お茶の水女子大学
関東,東京都,大学,東京学芸大学
関東,東京都,大学,東京農工大学
関東,東京都,大学,電気通信大学
関東,東京都,大学,一橋大学
関東,東京都,大学,政策研究大学院大学
関東,東京都,大学,東京海洋大学
関東,東京都,大学,東京科学大学
関東,東京都,大学,東京都立大学
関東,東京都,大学,東京都立産業技術大学院大学
関東,東京都,大学,跡見学園女子大学
関東,東京都,大学,文京学院大学
関東,東京都,大学,目白大学
関東,東京都,大学,東京成徳大学
関東,東京都,大学,東洋学園大学
関東,東京都,大学,帝京平成大学
関東,東京都,大学,青山学院大学
関東,東京都,大学,上野学園大学
関東,東京都,大学,大妻女子大学
関東,東京都,大学,学習院大学
関東,東京都,大学,北里大学
関東,東京都,大学,共立女子大学
関東,東京都,大学,慶應義塾大学
関東,東京都,大学,工学院大学
関東,東京都,#N/A,國學院大學
関東,東京都,大学,国士舘大学
関東,東京都,大学,駒澤大学
関東,東京都,大学,実践女子大学
関東,東京都,大学,芝浦工業大学
関東,東京都,大学,順天堂大学
関東,東京都,大学,上智大学
関東,東京都,大学,昭和医科大学
関東,東京都,大学,昭和女子大学
関東,東京都,大学,昭和薬科大学
関東,東京都,大学,女子美術大学
関東,東京都,大学,杉野服飾大学
関東,東京都,大学,成城大学
関東,東京都,大学,聖心女子大学
関東,東京都,大学,清泉女子大学
関東,東京都,大学,聖路加国際大学
関東,東京都,大学,専修大学
関東,東京都,大学,大正大学
関東,東京都,大学,大東文化大学
関東,東京都,大学,高千穂大学
関東,東京都,大学,拓殖大学
関東,東京都,大学,多摩美術大学
関東,東京都,大学,中央大学
関東,東京都,大学,東海大学
関東,東京都,大学,東京医科大学
関東,東京都,大学,東京家政大学
関東,東京都,大学,東京家政学院大学
関東,東京都,大学,東京歯科大学
関東,東京都,大学,東京慈恵会医科大学
関東,東京都,大学,東京女子大学
関東,東京都,大学,東京女子医科大学
関東,東京都,大学,東京電機大学
関東,東京都,大学,東京農業大学
関東,東京都,大学,東京薬科大学
関東,東京都,大学,東京理科大学
関東,東京都,大学,東邦大学
関東,東京都,大学,東洋大学
関東,東京都,大学,東京音楽大学
関東,東京都,大学,二松学舎大学
関東,東京都,大学,日本大学
関東,東京都,大学,日本医科大学
関東,東京都,大学,日本歯科大学
関東,東京都,大学,日本社会事業大学
関東,東京都,大学,日本女子大学
関東,東京都,大学,日本女子体育大学
関東,東京都,大学,日本体育大学
関東,東京都,大学,ルーテル学院大学
関東,東京都,大学,文化学園大学
関東,東京都,大学,法政大学
関東,東京都,大学,星薬科大学
関東,東京都,大学,武蔵大学
関東,東京都,大学,東京都市大学
関東,東京都,大学,武蔵野音楽大学
関東,東京都,大学,明治大学
関東,東京都,大学,明治学院大学
関東,東京都,大学,明治薬科大学
関東,東京都,大学,立教大学
関東,東京都,大学,立正大学
関東,東京都,大学,早稲田大学
関東,東京都,大学,国際仏教学大学院大学
関東,東京都,大学,学習院女子大学
関東,東京都,大学,東京国際工科専門職大学
関東,東京都,大学,東京保健医療専門職大学
関東,東京都,大学,情報経営イノベーション専門職大学
関東,東京都,大学,大学院大学至善館
関東,東京都,大学,東京通信大学
関東,東京都,大学,国際ファッション専門職大学
関東,東京都,大学,駒沢女子大学
関東,東京都,大学,亜細亜大学
関東,東京都,大学,桜美林大学
関東,東京都,大学,国立音楽大学
関東,東京都,大学,国際基督教大学
関東,東京都,大学,白百合女子大学
関東,東京都,大学,成蹊大学
関東,東京都,大学,玉川大学
関東,東京都,大学,津田塾大学
関東,東京都,大学,帝京大学
関東,東京都,大学,東京経済大学
関東,東京都,大学,東京女子体育大学
関東,東京都,大学,東京神学大学
関東,東京都,大学,東京造形大学
関東,東京都,大学,桐朋学園大学
関東,東京都,大学,日本獣医生命科学大学
関東,東京都,大学,武蔵野大学
関東,東京都,大学,武蔵野美術大学
関東,東京都,大学,明星大学
関東,東京都,大学,和光大学
関東,東京都,大学,杏林大学
関東,東京都,大学,創価大学
関東,東京都,大学,日本文化大学
関東,東京都,大学,東京工科大学
関東,東京都,大学,日本赤十字看護大学
関東,東京都,大学,恵泉女学園大学
関東,東京都,大学,多摩大学
関東,東京都,大学,東京純心大学
関東,東京都,大学,嘉悦大学
関東,東京都,大学,東京富士大学
関東,東京都,大学,ＬＥＣ東京リーガルマインド大学院大学
関東,東京都,大学,デジタルハリウッド大学
関東,東京都,大学,白梅学園大学
関東,東京都,大学,東京医療保健大学
関東,東京都,大学,東京聖栄大学
関東,東京都,大学,ビジネス・ブレークスルー大学
関東,東京都,大学,グロービス経営大学院大学
関東,東京都,大学,文化ファッション大学院大学
関東,東京都,大学,大原大学院大学
関東,東京都,大学,東京未来大学
関東,東京都,大学,ハリウッド大学院大学
関東,東京都,大学,ＳＢＩ大学院大学
関東,東京都,大学,こども教育宝仙大学
関東,東京都,大学,東京有明医療大学
関東,東京都,大学,東京工芸大学
関東,東京都,大学,産業能率大学
関東,東京都,大学,ヤマザキ動物看護大学
関東,東京都,大学,東京医療学院大学
関東,東京都,大学,事業構想大学院大学
関東,東京都,大学,社会構想大学院大学
関東,東京都,大学,帝京科学大学
関東,東京都,大学,東京情報デザイン専門職大学
関東,東京都,大学,東京国際大学
関東,東京都,大学,東京経営大学
関東,東京都,大学,愛国学園短期大学
関東,東京都,大学,上野学園短期大学
関東,東京都,大学,大妻女子大学短期大学部
関東,東京都,大学,共立女子短期大学
関東,東京都,大学,国際短期大学
関東,東京都,大学,駒沢女子短期大学
関東,東京都,大学,自由が丘産能短期大学
関東,東京都,大学,実践女子大学短期大学部
関東,東京都,大学,日本栄養大学短期大学部
関東,東京都,大学,女子美術大学短期大学部
関東,東京都,大学,星美学園短期大学
関東,東京都,大学,帝京大学短期大学
関東,東京都,大学,帝京短期大学
関東,東京都,大学,戸板女子短期大学
関東,東京都,大学,東京家政大学短期大学部
関東,東京都,大学,東京交通短期大学
関東,東京都,大学,東京成徳短期大学
関東,東京都,大学,新渡戸文化短期大学
関東,東京都,大学,東京立正短期大学
関東,東京都,大学,東邦音楽短期大学
関東,東京都,大学,日本大学短期大学部
関東,東京都,大学,目白大学短期大学部
関東,東京都,大学,創価女子短期大学
関東,東京都,大学,白梅学園短期大学
関東,東京都,大学,東京女子体育短期大学
関東,東京都,大学,フェリシアこども短期大学
関東,東京都,大学,桐朋学園芸術短期大学
関東,東京都,大学,山野美容芸術短期大学
関東,東京都,大学,日本歯科大学東京短期大学
関東,東京都,大学,東京歯科大学短期大学
関東,東京都,大学,ヤマザキ動物看護専門職短期大学
関東,東京都,大学,有明教育芸術短期大学
関東,東京都,大学,貞静学園短期大学
関東,東京都,高等専門学校,東京工業高等専門学校
関東,東京都,高等専門学校,東京都立産業技術高等専門学校
関東,東京都,高等専門学校,サレジオ工業高等専門学校
関東,神奈川県,大学,横浜国立大学
関東,神奈川県,大学,総合研究大学院大学
関東,神奈川県,大学,横浜市立大学
関東,神奈川県,大学,神奈川県立保健福祉大学
関東,神奈川県,大学,川崎市立看護大学
関東,神奈川県,大学,星槎大学
関東,神奈川県,大学,神奈川大学
関東,神奈川県,大学,関東学院大学
関東,神奈川県,大学,鶴見大学
関東,神奈川県,大学,フェリス女学院大学
関東,神奈川県,大学,横浜商科大学
関東,神奈川県,大学,八洲学園大学
関東,神奈川県,大学,情報セキュリティ大学院大学
関東,神奈川県,大学,横浜薬科大学
関東,神奈川県,大学,麻布大学
関東,神奈川県,大学,神奈川歯科大学
関東,神奈川県,大学,鎌倉女子大学
関東,神奈川県,大学,湘南工科大学
関東,神奈川県,大学,相模女子大学
関東,神奈川県,大学,洗足学園音楽大学
関東,神奈川県,大学,聖マリアンナ医科大学
関東,神奈川県,大学,神奈川工科大学
関東,神奈川県,大学,昭和音楽大学
関東,神奈川県,大学,桐蔭横浜大学
関東,神奈川県,大学,東洋英和女学院大学
関東,神奈川県,大学,松蔭大学
関東,神奈川県,大学,田園調布学園大学
関東,神奈川県,大学,横浜美術大学
関東,神奈川県,大学,日本映画大学
関東,神奈川県,大学,横浜創英大学
関東,神奈川県,大学,湘南医療大学
関東,神奈川県,大学,湘南鎌倉医療大学
関東,神奈川県,大学,ビューティ＆ウェルネス専門職大学
関東,神奈川県,大学,グローバルＢｉｚ専門職大学
関東,神奈川県,大学,ＺＥＮ大学
関東,神奈川県,大学,和泉短期大学
関東,神奈川県,大学,鶴見大学短期大学部
関東,神奈川県,大学,横浜女子短期大学
関東,神奈川県,大学,昭和音楽大学短期大学部
関東,神奈川県,大学,上智大学短期大学部
関東,神奈川県,大学,小田原短期大学
関東,神奈川県,大学,鎌倉女子大学短期大学部
関東,神奈川県,大学,相模女子大学短期大学部
関東,神奈川県,大学,洗足こども短期大学
関東,神奈川県,大学,神奈川歯科大学短期大学部
関東,神奈川県,大学,湘北短期大学
中部,新潟県,大学,新潟大学
中部,新潟県,大学,長岡技術科学大学
中部,新潟県,大学,上越教育大学
中部,新潟県,大学,新潟県立看護大学
中部,新潟県,大学,新潟県立大学
中部,新潟県,大学,長岡造形大学
中部,新潟県,大学,三条市立大学
中部,新潟県,大学,長岡大学
中部,新潟県,大学,新潟医療福祉大学
中部,新潟県,大学,新潟青陵大学
中部,新潟県,大学,新潟工科大学
中部,新潟県,大学,新潟経営大学
中部,新潟県,大学,新潟国際情報大学
中部,新潟県,大学,敬和学園大学
中部,新潟県,大学,新潟薬科大学
中部,新潟県,大学,国際大学
中部,新潟県,大学,新潟産業大学
中部,新潟県,#N/A,開志創造⼤学
中部,新潟県,大学,新潟リハビリテーション大学
中部,新潟県,大学,新潟食料農業大学
中部,新潟県,大学,開志専門職大学
中部,新潟県,大学,長岡崇徳大学
中部,新潟県,大学,新潟青陵大学短期大学部
中部,新潟県,大学,新潟工業短期大学
中部,新潟県,大学,新潟中央短期大学
中部,新潟県,大学,日本歯科大学新潟短期大学
中部,新潟県,大学,明倫短期大学
中部,新潟県,高等専門学校,長岡工業高等専門学校
中部,富山県,大学,富山大学
中部,富山県,大学,富山県立大学
中部,富山県,大学,高岡法科大学
中部,富山県,大学,富山国際大学
中部,富山県,大学,桐朋学園大学院大学
中部,富山県,大学,富山短期大学
中部,富山県,大学,富山福祉短期大学
中部,富山県,高等専門学校,富山高等専門学校
中部,石川県,大学,金沢大学
中部,石川県,大学,北陸先端科学技術大学院大学
中部,石川県,大学,公立小松大学
中部,石川県,大学,石川県立大学
中部,石川県,大学,金沢美術工芸大学
中部,石川県,大学,石川県立看護大学
中部,石川県,大学,金沢星稜大学
中部,石川県,大学,金沢工業大学
中部,石川県,大学,金沢医科大学
中部,石川県,大学,北陸大学
中部,石川県,大学,金沢学院大学
中部,石川県,大学,金城大学
中部,石川県,大学,北陸学院大学
中部,石川県,大学,かなざわ食マネジメント専門職大学
中部,石川県,大学,金沢学院短期大学
中部,石川県,大学,金城大学短期大学部
中部,石川県,大学,金沢星稜大学女子短期大学部
中部,石川県,高等専門学校,石川工業高等専門学校
中部,石川県,高等専門学校,国際高等専門学校
中部,福井県,大学,福井大学
中部,福井県,大学,福井県立大学
中部,福井県,大学,敦賀市立看護大学
中部,福井県,大学,福井工業大学
中部,福井県,大学,仁愛大学
中部,福井県,大学,福井医療大学
中部,福井県,大学,仁愛女子短期大学
中部,福井県,高等専門学校,福井工業高等専門学校
中部,山梨県,大学,山梨大学
中部,山梨県,大学,都留文科大学
中部,山梨県,大学,山梨県立大学
中部,山梨県,大学,山梨学院大学
中部,山梨県,大学,身延山大学
中部,山梨県,大学,山梨英和大学
中部,山梨県,大学,健康科学大学
中部,山梨県,大学,大月短期大学
中部,山梨県,大学,山梨学院短期大学
中部,山梨県,大学,帝京学園短期大学
中部,長野県,大学,信州大学
中部,長野県,大学,公立諏訪東京理科大学
中部,長野県,大学,長野県立大学
中部,長野県,大学,長野県看護大学
中部,長野県,大学,長野大学
中部,長野県,大学,松本歯科大学
中部,長野県,大学,松本大学
中部,長野県,大学,清泉大学
中部,長野県,大学,佐久大学
中部,長野県,大学,長野保健医療大学
中部,長野県,大学,松本看護大学
中部,長野県,大学,飯田短期大学
中部,長野県,大学,長野短期大学
中部,長野県,大学,上田短期大学
中部,長野県,大学,松本大学松商短期大学部
中部,長野県,大学,松本短期大学
中部,長野県,大学,清泉大学短期大学部
中部,長野県,大学,信州豊南短期大学
中部,長野県,大学,佐久大学信州短期大学部
中部,長野県,高等専門学校,長野工業高等専門学校
中部,岐阜県,大学,岐阜大学
中部,岐阜県,大学,岐阜薬科大学
中部,岐阜県,大学,岐阜県立看護大学
中部,岐阜県,大学,情報科学芸術大学院大学
中部,岐阜県,大学,中京学院大学
中部,岐阜県,大学,岐阜協立大学
中部,岐阜県,大学,岐阜女子大学
中部,岐阜県,大学,朝日大学
中部,岐阜県,大学,岐阜聖徳学園大学
中部,岐阜県,大学,東海学院大学
中部,岐阜県,大学,中部学院大学
中部,岐阜県,大学,岐阜医療科学大学
中部,岐阜県,大学,岐阜保健大学
中部,岐阜県,大学,コー・イノベーション大学
中部,岐阜県,大学,岐阜市立女子短期大学
中部,岐阜県,大学,中部学院大学短期大学部
中部,岐阜県,大学,岐阜聖徳学園大学短期大学部
中部,岐阜県,大学,正眼短期大学
中部,岐阜県,大学,中京学院大学短期大学部
中部,岐阜県,大学,東海学院大学短期大学部
中部,岐阜県,大学,中日本自動車短期大学
中部,岐阜県,大学,大垣女子短期大学
中部,岐阜県,大学,高山自動車短期大学
中部,岐阜県,大学,平成医療短期大学
中部,岐阜県,高等専門学校,岐阜工業高等専門学校
中部,静岡県,大学,静岡大学
中部,静岡県,大学,浜松医科大学
中部,静岡県,大学,静岡県立農林環境専門職大学
中部,静岡県,大学,静岡県立大学
中部,静岡県,大学,静岡文化芸術大学
中部,静岡県,大学,静岡社会健康医学大学院大学
中部,静岡県,大学,光産業創成大学院大学
中部,静岡県,大学,静岡福祉大学
中部,静岡県,大学,浜松学院大学
中部,静岡県,大学,静岡英和学院大学
中部,静岡県,大学,常葉大学
中部,静岡県,大学,静岡理工科大学
中部,静岡県,大学,聖隷クリストファー大学
中部,静岡県,大学,静岡産業大学
中部,静岡県,大学,静岡県立農林環境専門職大学短期大学部
中部,静岡県,大学,静岡県立大学短期大学部
中部,静岡県,大学,静岡英和学院大学短期大学部
中部,静岡県,大学,常葉大学短期大学部
中部,静岡県,大学,浜松学院大学短期大学部
中部,静岡県,高等専門学校,沼津工業高等専門学校
中部,愛知県,大学,名古屋大学
中部,愛知県,大学,名古屋工業大学
中部,愛知県,大学,愛知教育大学
中部,愛知県,大学,豊橋技術科学大学
中部,愛知県,大学,名古屋市立大学
中部,愛知県,大学,愛知県立芸術大学
中部,愛知県,大学,愛知県立大学
中部,愛知県,大学,愛知工科大学
中部,愛知県,大学,名古屋産業大学
中部,愛知県,大学,人間環境大学
中部,愛知県,大学,名古屋文理大学
中部,愛知県,大学,愛知みずほ大学
中部,愛知県,大学,愛知学院大学
中部,愛知県,大学,愛知工業大学
中部,愛知県,大学,金城学院大学
中部,愛知県,大学,椙山女学園大学
中部,愛知県,大学,大同大学
中部,愛知県,大学,中京大学
中部,愛知県,大学,同朋大学
中部,愛知県,大学,名古屋学院大学
中部,愛知県,大学,名古屋商科大学
中部,愛知県,大学,名古屋葵大学
中部,愛知県,大学,南山大学
中部,愛知県,大学,日本福祉大学
中部,愛知県,大学,名城大学
中部,愛知県,大学,名古屋音楽大学
中部,愛知県,大学,豊田工業大学
中部,愛知県,大学,名古屋外国語大学
中部,愛知県,大学,名古屋造形大学
中部,愛知県,大学,愛知産業大学
中部,愛知県,大学,東海学園大学
中部,愛知県,大学,豊橋創造大学
中部,愛知県,大学,愛知東邦大学
中部,愛知県,大学,星城大学
中部,愛知県,大学,愛知文教大学
中部,愛知県,大学,桜花学園大学
中部,愛知県,大学,愛知大学
中部,愛知県,大学,愛知学泉大学
中部,愛知県,大学,至学館大学
中部,愛知県,大学,中部大学
中部,愛知県,大学,藤田医科大学
中部,愛知県,大学,名古屋芸術大学
中部,愛知県,大学,愛知医科大学
中部,愛知県,大学,愛知淑徳大学
中部,愛知県,大学,名古屋経済大学
中部,愛知県,大学,名古屋学芸大学
中部,愛知県,大学,日本赤十字豊田看護大学
中部,愛知県,大学,修文大学
中部,愛知県,大学,岡崎大学
中部,愛知県,大学,一宮研伸大学
中部,愛知県,大学,名古屋柳城女子大学
中部,愛知県,大学,名古屋国際工科専門職大学
中部,愛知県,大学,愛知医療学院大学
中部,愛知県,大学,豊橋創造大学短期大学部
中部,愛知県,大学,愛知学院大学短期大学部
中部,愛知県,大学,名古屋文理大学短期大学部
中部,愛知県,大学,名古屋女子大学短期大学部
中部,愛知県,大学,名古屋短期大学
中部,愛知県,大学,愛知みずほ短期大学
中部,愛知県,大学,名古屋柳城短期大学
中部,愛知県,大学,名古屋文化短期大学
中部,愛知県,大学,愛知産業大学短期大学
中部,愛知県,大学,愛知工科大学自動車短期大学
中部,愛知県,大学,愛知大学短期大学部
中部,愛知県,大学,愛知学泉大学短期大学部
中部,愛知県,大学,修文大学短期大学部
中部,愛知県,大学,愛知文教女子短期大学
中部,愛知県,大学,岡崎短期大学
中部,愛知県,大学,至学館大学短期大学部
中部,愛知県,大学,名古屋経営短期大学
中部,愛知県,大学,愛知医療学院短期大学
中部,愛知県,高等専門学校,豊田工業高等専門学校
近畿,三重県,大学,三重大学
近畿,三重県,大学,三重県立看護大学
近畿,三重県,大学,四日市大学
近畿,三重県,大学,皇學館大学
近畿,三重県,大学,鈴鹿医療科学大学
近畿,三重県,大学,鈴鹿大学
近畿,三重県,大学,四日市看護医療大学
近畿,三重県,大学,津市立三重短期大学
近畿,三重県,大学,鈴鹿大学短期大学部
近畿,三重県,大学,高田短期大学
近畿,三重県,大学,ユマニテク短期大学
近畿,三重県,高等専門学校,鈴鹿工業高等専門学校
近畿,三重県,高等専門学校,鳥羽商船高等専門学校
近畿,三重県,高等専門学校,近畿大学工業高等専門学校
近畿,滋賀県,大学,滋賀大学
近畿,滋賀県,大学,滋賀医科大学
近畿,滋賀県,大学,滋賀県立大学
近畿,滋賀県,大学,成安造形大学
近畿,滋賀県,大学,聖泉大学
近畿,滋賀県,大学,長浜バイオ大学
近畿,滋賀県,大学,びわこ成蹊スポーツ大学
近畿,滋賀県,大学,びわこ学院大学
近畿,滋賀県,大学,びわこリハビリテーション専門職大学
近畿,滋賀県,大学,滋賀文教短期大学
近畿,滋賀県,大学,滋賀短期大学
近畿,滋賀県,大学,びわこ学院大学短期大学部
近畿,京都府,大学,京都大学
近畿,京都府,大学,京都教育大学
近畿,京都府,大学,京都工芸繊維大学
近畿,京都府,大学,京都市立芸術大学
近畿,京都府,大学,京都府立大学
近畿,京都府,大学,京都府立医科大学
近畿,京都府,大学,福知山公立大学
近畿,京都府,大学,平安女学院大学
近畿,京都府,大学,大谷大学
近畿,京都府,大学,京都外国語大学
近畿,京都府,大学,京都産業大学
近畿,京都府,大学,京都女子大学
近畿,京都府,大学,京都薬科大学
近畿,京都府,大学,京都光華大学
近畿,京都府,大学,種智院大学
近畿,京都府,大学,京都橘大学
近畿,京都府,大学,同志社大学
近畿,京都府,大学,同志社女子大学
近畿,京都府,大学,京都ノートルダム女子大学
近畿,京都府,大学,花園大学
近畿,京都府,大学,佛教大学
近畿,京都府,大学,立命館大学
近畿,京都府,大学,龍谷大学
近畿,京都府,大学,京都先端科学大学
近畿,京都府,大学,京都精華大学
近畿,京都府,大学,明治国際医療大学
近畿,京都府,大学,京都芸術大学
近畿,京都府,大学,京都文教大学
近畿,京都府,大学,嵯峨美術大学
近畿,京都府,大学,京都情報大学院大学
近畿,京都府,大学,京都医療科学大学
近畿,京都府,大学,京都華頂大学
近畿,京都府,大学,京都美術工芸大学
近畿,京都府,大学,京都看護大学
近畿,京都府,大学,京都経済短期大学
近畿,京都府,大学,池坊短期大学
近畿,京都府,大学,華頂短期大学
近畿,京都府,大学,京都外国語短期大学
近畿,京都府,大学,京都光華大学短期大学部
近畿,京都府,大学,龍谷大学短期大学部
近畿,京都府,大学,京都文教短期大学
近畿,京都府,大学,京都西山短期大学
近畿,京都府,大学,嵯峨美術短期大学
近畿,京都府,高等専門学校,舞鶴工業高等専門学校
近畿,大阪府,大学,大阪大学
近畿,大阪府,大学,大阪教育大学
近畿,大阪府,大学,大阪市立大学
近畿,大阪府,大学,大阪府立大学
近畿,大阪府,大学,大阪公立大学
近畿,大阪府,大学,大阪経済大学
近畿,大阪府,大学,大阪工業大学
近畿,大阪府,大学,大阪歯科大学
近畿,大阪府,大学,相愛大学
近畿,大阪府,大学,桃山学院大学
近畿,大阪府,大学,摂南大学
近畿,大阪府,大学,大阪医科薬科大学
近畿,大阪府,大学,大阪音楽大学
近畿,大阪府,大学,大阪学院大学
近畿,大阪府,大学,大阪芸術大学
近畿,大阪府,大学,大阪産業大学
近畿,大阪府,大学,大阪樟蔭女子大学
近畿,大阪府,大学,大阪商業大学
近畿,大阪府,大学,大阪体育大学
近畿,大阪府,大学,大阪電気通信大学
近畿,大阪府,大学,大阪大谷大学
近畿,大阪府,大学,追手門学院大学
近畿,大阪府,大学,関西大学
近畿,大阪府,大学,関西医科大学
近畿,大阪府,大学,関西外国語大学
近畿,大阪府,大学,近畿大学
近畿,大阪府,大学,四天王寺大学
近畿,大阪府,大学,帝塚山学院大学
近畿,大阪府,大学,梅花女子大学
近畿,大阪府,大学,阪南大学
近畿,大阪府,大学,大阪経済法科大学
近畿,大阪府,大学,大阪国際大学
近畿,大阪府,大学,関西福祉科学大学
近畿,大阪府,大学,太成学院大学
近畿,大阪府,大学,大阪常磐会大学
近畿,大阪府,大学,大阪観光大学
近畿,大阪府,大学,大阪人間科学大学
近畿,大阪府,大学,羽衣国際大学
近畿,大阪府,大学,大阪成蹊大学
近畿,大阪府,大学,関西医療大学
近畿,大阪府,大学,千里金蘭大学
近畿,大阪府,大学,東大阪大学
近畿,大阪府,大学,大阪女学院大学
近畿,大阪府,大学,藍野大学
近畿,大阪府,大学,大阪青山大学
近畿,大阪府,大学,四條畷学園大学
近畿,大阪府,大学,和泉大学
近畿,大阪府,大学,大阪総合保育大学
近畿,大阪府,大学,森ノ宮医療大学
近畿,大阪府,大学,大阪保健医療大学
近畿,大阪府,大学,大阪物療大学
近畿,大阪府,大学,滋慶医療科学大学
近畿,大阪府,大学,大阪行岡医療大学
近畿,大阪府,大学,大和大学
近畿,大阪府,大学,宝塚大学
近畿,大阪府,大学,大阪国際工科専門職大学
近畿,大阪府,大学,大阪信愛学院大学
近畿,大阪府,大学,大阪医療大学
近畿,大阪府,大学,大阪キリスト教短期大学
近畿,大阪府,大学,大阪総合保育大学短期大学部
近畿,大阪府,大学,大阪夕陽丘学園短期大学
近畿,大阪府,大学,大阪成蹊短期大学
近畿,大阪府,大学,大阪女学院短期大学
近畿,大阪府,大学,関西外国語大学短期大学部
近畿,大阪府,大学,大阪常磐会大学短期大学部
近畿,大阪府,大学,堺女子短期大学
近畿,大阪府,大学,大阪音楽大学短期大学部
近畿,大阪府,大学,大阪学院大学短期大学部
近畿,大阪府,大学,大阪千代田短期大学
近畿,大阪府,大学,関西女子短期大学
近畿,大阪府,大学,近畿大学短期大学部
近畿,大阪府,大学,四條畷学園短期大学
近畿,大阪府,大学,四天王寺大学短期大学部
近畿,大阪府,大学,大阪国際大学短期大学部
近畿,大阪府,大学,東大阪大学短期大学部
近畿,大阪府,大学,藍野大学短期大学部
近畿,大阪府,大学,大阪健康福祉短期大学
近畿,大阪府,高等専門学校,大阪公立大学工業高等専門学校
近畿,兵庫県,大学,神戸大学
近畿,兵庫県,大学,兵庫教育大学
近畿,兵庫県,大学,神戸市外国語大学
近畿,兵庫県,大学,神戸市看護大学
近畿,兵庫県,大学,兵庫県立大学
近畿,兵庫県,大学,芸術文化観光専門職大学
近畿,兵庫県,大学,甲南大学
近畿,兵庫県,大学,甲南女子大学
近畿,兵庫県,大学,神戸海星女子学院大学
近畿,兵庫県,大学,神戸学院大学
近畿,兵庫県,大学,神戸女子大学
近畿,兵庫県,大学,神戸薬科大学
近畿,兵庫県,大学,神戸松蔭大学
近畿,兵庫県,大学,神戸親和大学
近畿,兵庫県,大学,神戸国際大学
近畿,兵庫県,大学,兵庫大学
近畿,兵庫県,大学,神戸常盤大学
近畿,兵庫県,大学,宝塚医療大学
近畿,兵庫県,大学,芦屋大学
近畿,兵庫県,大学,大手前大学
近畿,兵庫県,大学,関西学院大学
近畿,兵庫県,大学,甲子園大学
近畿,兵庫県,大学,神戸女学院大学
近畿,兵庫県,大学,園田学園大学
近畿,兵庫県,大学,武庫川女子大学
近畿,兵庫県,大学,兵庫医科大学
近畿,兵庫県,大学,姫路獨協大学
近畿,兵庫県,大学,流通科学大学
近畿,兵庫県,大学,神戸芸術工科大学
近畿,兵庫県,大学,関西福祉大学
近畿,兵庫県,大学,関西国際大学
近畿,兵庫県,大学,神戸医療未来大学
近畿,兵庫県,大学,神戸情報大学院大学
近畿,兵庫県,大学,関西看護医療大学
近畿,兵庫県,大学,姫路大学
近畿,兵庫県,大学,大阪芸術大学短期大学部
近畿,兵庫県,大学,大手前短期大学
近畿,兵庫県,大学,神戸女子短期大学
近畿,兵庫県,大学,神戸常盤大学短期大学部
近畿,兵庫県,大学,頌栄短期大学
近畿,兵庫県,大学,豊岡短期大学
近畿,兵庫県,大学,甲子園短期大学
近畿,兵庫県,大学,神戸教育短期大学
近畿,兵庫県,大学,関西学院短期大学
近畿,兵庫県,大学,園田学園女子大学短期大学部
近畿,兵庫県,大学,産業技術短期大学
近畿,兵庫県,大学,東洋食品工業短期大学
近畿,兵庫県,大学,兵庫大学短期大学部
近畿,兵庫県,大学,湊川短期大学
近畿,兵庫県,大学,武庫川女子大学短期大学部
近畿,兵庫県,大学,姫路日ノ本短期大学
近畿,兵庫県,高等専門学校,明石工業高等専門学校
近畿,兵庫県,高等専門学校,神戸市立工業高等専門学校
近畿,奈良県,大学,奈良教育大学
近畿,奈良県,大学,奈良女子大学
近畿,奈良県,大学,奈良先端科学技術大学院大学
近畿,奈良県,大学,奈良県立医科大学
近畿,奈良県,大学,奈良県立大学
近畿,奈良県,大学,帝塚山大学
近畿,奈良県,大学,天理大学
近畿,奈良県,大学,奈良大学
近畿,奈良県,大学,奈良学園大学
近畿,奈良県,大学,畿央大学
近畿,奈良県,大学,奈良芸術短期大学
近畿,奈良県,大学,奈良佐保短期大学
近畿,奈良県,大学,大和大学白鳳短期大学部
近畿,奈良県,高等専門学校,奈良工業高等専門学校
近畿,和歌山県,大学,和歌山大学
近畿,和歌山県,大学,和歌山県立医科大学
近畿,和歌山県,大学,高野山大学
近畿,和歌山県,大学,和歌山信愛大学
近畿,和歌山県,大学,和歌山リハビリテーション専門職大学
近畿,和歌山県,大学,和歌山信愛短期大学
近畿,和歌山県,高等専門学校,和歌山工業高等専門学校
中国,鳥取県,大学,鳥取大学
中国,鳥取県,大学,公立鳥取環境大学
中国,鳥取県,大学,鳥取看護大学
中国,鳥取県,大学,鳥取短期大学
中国,鳥取県,高等専門学校,米子工業高等専門学校
中国,島根県,大学,島根大学
中国,島根県,大学,島根県立大学
中国,島根県,大学,島根県立大学短期大学部
中国,島根県,高等専門学校,松江工業高等専門学校
中国,岡山県,大学,岡山大学
中国,岡山県,大学,岡山県立大学
中国,岡山県,大学,新見公立大学
中国,岡山県,大学,吉備国際大学
中国,岡山県,大学,岡山商科大学
中国,岡山県,大学,岡山理科大学
中国,岡山県,大学,くらしき作陽大学
中国,岡山県,大学,ノートルダム清心女子大学
中国,岡山県,大学,川崎医科大学
中国,岡山県,大学,就実大学
中国,岡山県,大学,川崎医療福祉大学
中国,岡山県,大学,山陽学園大学
中国,岡山県,大学,倉敷芸術科学大学
中国,岡山県,大学,岡山学院大学
中国,岡山県,大学,中国学園大学
中国,岡山県,大学,環太平洋大学
中国,岡山県,大学,岡山医療専門職大学
中国,岡山県,大学,美作大学
中国,岡山県,大学,倉敷市立短期大学
中国,岡山県,大学,就実短期大学
中国,岡山県,大学,岡山短期大学
中国,岡山県,大学,作陽短期大学
中国,岡山県,大学,中国短期大学
中国,岡山県,大学,山陽学園短期大学
中国,岡山県,大学,川崎医療短期大学
中国,岡山県,高等専門学校,津山工業高等専門学校
中国,広島県,大学,広島大学
中国,広島県,大学,県立広島大学
中国,広島県,大学,尾道市立大学
中国,広島県,大学,広島市立大学
中国,広島県,大学,福山市立大学
中国,広島県,大学,叡啓大学
中国,広島県,大学,エリザベト音楽大学
中国,広島県,大学,広島経済大学
中国,広島県,大学,広島工業大学
中国,広島県,大学,広島修道大学
中国,広島県,大学,広島女学院大学
中国,広島県,大学,広島文教大学
中国,広島県,大学,安田女子大学
中国,広島県,大学,福山大学
中国,広島県,大学,比治山大学
中国,広島県,大学,福山平成大学
中国,広島県,大学,広島文化学園大学
中国,広島県,大学,広島国際大学
中国,広島県,大学,日本赤十字広島看護大学
中国,広島県,大学,広島都市学園大学
中国,広島県,大学,山陽女子短期大学
中国,広島県,大学,比治山大学短期大学部
中国,広島県,大学,広島文化学園短期大学
中国,広島県,大学,安田女子短期大学
中国,広島県,高等専門学校,呉工業高等専門学校
中国,広島県,高等専門学校,広島商船高等専門学校
中国,山口県,大学,山口大学
中国,山口県,大学,下関市立大学
中国,山口県,大学,山口県立大学
中国,山口県,大学,山陽小野田市立山口東京理科大学
中国,山口県,大学,周南公立大学
中国,山口県,大学,梅光学院大学
中国,山口県,大学,東亜大学
中国,山口県,大学,至誠館大学
中国,山口県,大学,宇部フロンティア大学
中国,山口県,大学,山口学芸大学
中国,山口県,大学,宇部フロンティア大学短期大学部
中国,山口県,大学,下関短期大学
中国,山口県,大学,山口短期大学
中国,山口県,大学,山口芸術短期大学
中国,山口県,大学,岩国短期大学
中国,山口県,高等専門学校,徳山工業高等専門学校
中国,山口県,高等専門学校,宇部工業高等専門学校
中国,山口県,高等専門学校,大島商船高等専門学校
四国,徳島県,大学,徳島大学
四国,徳島県,大学,鳴門教育大学
四国,徳島県,大学,四国大学
四国,徳島県,大学,徳島文理大学
四国,徳島県,大学,四国大学短期大学部
四国,徳島県,大学,徳島文理大学短期大学部
四国,徳島県,大学,徳島工業短期大学
四国,徳島県,高等専門学校,阿南工業高等専門学校
四国,徳島県,高等専門学校,神山まるごと高等専門学校
四国,香川県,大学,香川大学
四国,香川県,大学,香川県立保健医療大学
四国,香川県,大学,四国学院大学
四国,香川県,大学,高松大学
四国,香川県,大学,香川短期大学
四国,香川県,大学,高松短期大学
四国,香川県,大学,せとうち観光専門職短期大学
四国,香川県,高等専門学校,香川高等専門学校
四国,愛媛県,大学,愛媛大学
四国,愛媛県,大学,愛媛県立医療技術大学
四国,愛媛県,大学,松山大学
四国,愛媛県,大学,聖カタリナ大学
四国,愛媛県,大学,松山東雲女子大学
四国,愛媛県,大学,今治明徳短期大学
四国,愛媛県,大学,聖カタリナ大学短期大学部
四国,愛媛県,大学,松山東雲短期大学
四国,愛媛県,大学,松山短期大学
四国,愛媛県,高等専門学校,新居浜工業高等専門学校
四国,愛媛県,高等専門学校,弓削商船高等専門学校
四国,高知県,大学,高知大学
四国,高知県,大学,高知県立大学
四国,高知県,大学,高知工科大学
四国,高知県,大学,高知リハビリテーション専門職大学
四国,高知県,大学,高知学園大学
四国,高知県,大学,高知健康科学大学
四国,高知県,大学,高知学園短期大学
四国,高知県,高等専門学校,高知工業高等専門学校
九州・沖縄,福岡県,大学,九州工業大学
九州・沖縄,福岡県,大学,福岡教育大学
九州・沖縄,福岡県,大学,九州大学
九州・沖縄,福岡県,大学,北九州市立大学
九州・沖縄,福岡県,大学,九州歯科大学
九州・沖縄,福岡県,大学,福岡女子大学
九州・沖縄,福岡県,大学,福岡県立大学
九州・沖縄,福岡県,大学,九州共立大学
九州・沖縄,福岡県,大学,九州女子大学
九州・沖縄,福岡県,大学,九州国際大学
九州・沖縄,福岡県,大学,福岡歯科大学
九州・沖縄,福岡県,大学,九州産業大学
九州・沖縄,福岡県,大学,久留米大学
九州・沖縄,福岡県,大学,西南学院大学
九州・沖縄,福岡県,大学,第一薬科大学
九州・沖縄,福岡県,大学,中村学園大学
九州・沖縄,福岡県,大学,西日本工業大学
九州・沖縄,福岡県,大学,福岡大学
九州・沖縄,福岡県,大学,福岡工業大学
九州・沖縄,福岡県,大学,日本経済大学
九州・沖縄,福岡県,大学,久留米工業大学
九州・沖縄,福岡県,大学,産業医科大学
九州・沖縄,福岡県,大学,筑紫女学園大学
九州・沖縄,福岡県,大学,福岡女学院大学
九州・沖縄,福岡県,大学,西南女学院大学
九州・沖縄,福岡県,大学,九州情報大学
九州・沖縄,福岡県,大学,九州栄養福祉大学
九州・沖縄,福岡県,大学,日本赤十字九州国際看護大学
九州・沖縄,福岡県,大学,聖マリア学院大学
九州・沖縄,福岡県,大学,サイバー大学
九州・沖縄,福岡県,大学,福岡女学院看護大学
九州・沖縄,福岡県,大学,純真学園大学
九州・沖縄,福岡県,大学,福岡看護大学
九州・沖縄,福岡県,大学,福岡国際医療福祉大学
九州・沖縄,福岡県,大学,令和健康科学大学
九州・沖縄,福岡県,大学,福岡国際音楽大学
九州・沖縄,福岡県,大学,西日本看護医療大学
九州・沖縄,福岡県,大学,折尾愛真短期大学
九州・沖縄,福岡県,大学,九州女子短期大学
九州・沖縄,福岡県,大学,西南女学院大学短期大学部
九州・沖縄,福岡県,大学,東筑紫短期大学
九州・沖縄,福岡県,大学,福岡短期大学
九州・沖縄,福岡県,大学,近畿大学九州短期大学
九州・沖縄,福岡県,大学,香蘭女子短期大学
九州・沖縄,福岡県,大学,純真短期大学
九州・沖縄,福岡県,大学,精華女子短期大学
九州・沖縄,福岡県,大学,中村学園大学短期大学部
九州・沖縄,福岡県,大学,西日本短期大学
九州・沖縄,福岡県,大学,福岡工業大学短期大学部
九州・沖縄,福岡県,大学,福岡女学院大学短期大学部
九州・沖縄,福岡県,大学,九州産業大学造形短期大学部
九州・沖縄,福岡県,大学,九州大谷短期大学
九州・沖縄,福岡県,大学,福岡こども短期大学
九州・沖縄,福岡県,大学,福岡医療短期大学
九州・沖縄,福岡県,高等専門学校,久留米工業高等専門学校
九州・沖縄,福岡県,高等専門学校,有明工業高等専門学校
九州・沖縄,福岡県,高等専門学校,北九州工業高等専門学校
九州・沖縄,佐賀県,大学,佐賀大学
九州・沖縄,佐賀県,大学,武雄アジア大学
九州・沖縄,佐賀県,大学,西九州大学
九州・沖縄,佐賀県,大学,佐賀女子短期大学
九州・沖縄,佐賀県,大学,西九州大学短期大学部
九州・沖縄,佐賀県,大学,九州龍谷短期大学
九州・沖縄,長崎県,大学,長崎大学
九州・沖縄,長崎県,大学,長崎県立大学
九州・沖縄,長崎県,大学,長崎総合科学大学
九州・沖縄,長崎県,大学,活水女子大学
九州・沖縄,長崎県,大学,長崎純心大学
九州・沖縄,長崎県,大学,長崎国際大学
九州・沖縄,長崎県,大学,長崎外国語大学
九州・沖縄,長崎県,大学,鎮西学院大学
九州・沖縄,長崎県,大学,長崎女子短期大学
九州・沖縄,長崎県,大学,長崎短期大学
九州・沖縄,長崎県,高等専門学校,佐世保工業高等専門学校
九州・沖縄,熊本県,大学,熊本大学
九州・沖縄,熊本県,大学,熊本県立大学
九州・沖縄,熊本県,大学,崇城大学
九州・沖縄,熊本県,大学,熊本学園大学
九州・沖縄,熊本県,大学,尚絅大学
九州・沖縄,熊本県,大学,九州ルーテル学院大学
九州・沖縄,熊本県,大学,九州看護福祉大学
九州・沖縄,熊本県,大学,平成音楽大学
九州・沖縄,熊本県,大学,熊本保健科学大学
九州・沖縄,熊本県,大学,尚絅大学短期大学部
九州・沖縄,熊本県,大学,中九州短期大学
九州・沖縄,熊本県,高等専門学校,熊本高等専門学校
九州・沖縄,大分県,大学,大分大学
九州・沖縄,大分県,大学,大分県立看護科学大学
九州・沖縄,大分県,大学,日本文理大学
九州・沖縄,大分県,大学,別府大学
九州・沖縄,大分県,大学,立命館アジア太平洋大学
九州・沖縄,大分県,大学,大分県立芸術文化短期大学
九州・沖縄,大分県,大学,大分短期大学
九州・沖縄,大分県,大学,東九州短期大学
九州・沖縄,大分県,大学,別府溝部学園短期大学
九州・沖縄,大分県,大学,別府大学短期大学部
九州・沖縄,大分県,高等専門学校,大分工業高等専門学校
九州・沖縄,宮崎県,大学,宮崎大学
九州・沖縄,宮崎県,大学,宮崎公立大学
九州・沖縄,宮崎県,大学,宮崎県立看護大学
九州・沖縄,宮崎県,大学,南九州大学
九州・沖縄,宮崎県,大学,宮崎産業経営大学
九州・沖縄,宮崎県,大学,宮崎国際大学
九州・沖縄,宮崎県,大学,九州医療科学大学
九州・沖縄,宮崎県,大学,南九州大学短期大学部
九州・沖縄,宮崎県,大学,宮崎学園短期大学
九州・沖縄,宮崎県,高等専門学校,都城工業高等専門学校
九州・沖縄,鹿児島県,大学,鹿児島大学
九州・沖縄,鹿児島県,大学,鹿屋体育大学
九州・沖縄,鹿児島県,大学,鹿児島国際大学
九州・沖縄,鹿児島県,大学,第一工科大学
九州・沖縄,鹿児島県,大学,志學館大学
九州・沖縄,鹿児島県,大学,鹿児島純心大学
九州・沖縄,鹿児島県,大学,鹿児島県立短期大学
九州・沖縄,鹿児島県,大学,鹿児島純心女子短期大学
九州・沖縄,鹿児島県,大学,鹿児島女子短期大学
九州・沖縄,鹿児島県,大学,第一幼児教育短期大学
九州・沖縄,鹿児島県,高等専門学校,鹿児島工業高等専門学校
九州・沖縄,沖縄県,大学,琉球大学
九州・沖縄,沖縄県,大学,名桜大学
九州・沖縄,沖縄県,大学,沖縄県立芸術大学
九州・沖縄,沖縄県,大学,沖縄県立看護大学
九州・沖縄,沖縄県,大学,沖縄科学技術大学院大学
九州・沖縄,沖縄県,大学,沖縄国際大学
九州・沖縄,沖縄県,大学,沖縄大学
九州・沖縄,沖縄県,大学,沖縄キリスト教学院大学
九州・沖縄,沖縄県,大学,沖縄キリスト教短期大学
九州・沖縄,沖縄県,大学,沖縄女子短期大学
九州・沖縄,沖縄県,高等専門学校,沖縄工業高等専門学校
